--
-- DbNinja v3.2.7 for MySQL
--
-- Dump date: 2020-10-06 08:52:24 (UTC)
-- Server version: 10.4.11-MariaDB
-- Database: db_master
--

/*!40101 SET @OLD_CHARACTER_SET_CLIENT=@@CHARACTER_SET_CLIENT */;
/*!40101 SET @OLD_CHARACTER_SET_RESULTS=@@CHARACTER_SET_RESULTS */;
/*!40101 SET @OLD_COLLATION_CONNECTION=@@COLLATION_CONNECTION */;
/*!40014 SET @OLD_UNIQUE_CHECKS=@@UNIQUE_CHECKS, UNIQUE_CHECKS=0 */;
/*!40101 SET @OLD_SQL_MODE=@@SQL_MODE, SQL_MODE='NO_AUTO_VALUE_ON_ZERO' */;
/*!40111 SET @OLD_SQL_NOTES=@@SQL_NOTES, SQL_NOTES=0 */;
/*!40101 SET NAMES utf8 */;
/*!40014 SET @OLD_FOREIGN_KEY_CHECKS=@@FOREIGN_KEY_CHECKS, FOREIGN_KEY_CHECKS=0 */;

CREATE DATABASE `db_master` /*!40100 DEFAULT CHARACTER SET latin1 */;

USE `db_master`;

--
-- Structure for table: tbl_campus
--
CREATE TABLE `tbl_campus` (
  `id` tinyint(3) unsigned NOT NULL AUTO_INCREMENT,
  `campus_name` char(100) NOT NULL,
  `campus_code` varchar(30) NOT NULL,
  `campus_address` text DEFAULT NULL,
  `campus_telephone` tinytext DEFAULT NULL,
  PRIMARY KEY (`id`)
) ENGINE=InnoDB AUTO_INCREMENT=5 DEFAULT CHARSET=latin1;


--
-- Structure for table: tbl_cos_salary
--
CREATE TABLE `tbl_cos_salary` (
  `no` int(11) NOT NULL,
  `position_id` int(11) DEFAULT NULL,
  `salary_type` char(10) DEFAULT NULL,
  `salary` decimal(10,0) DEFAULT NULL,
  `date_implemented` date DEFAULT NULL,
  `campus_id` tinyint(4) DEFAULT NULL
) ENGINE=InnoDB DEFAULT CHARSET=latin1;


--
-- Structure for table: tbl_department
--
CREATE TABLE `tbl_department` (
  `no` int(10) unsigned NOT NULL AUTO_INCREMENT,
  `department_code` char(8) NOT NULL,
  `department_desc` varchar(50) DEFAULT NULL,
  `campus_id` tinyint(4) DEFAULT NULL,
  `is_project` tinyint(1) DEFAULT 0,
  PRIMARY KEY (`no`)
) ENGINE=InnoDB AUTO_INCREMENT=10 DEFAULT CHARSET=latin1;


--
-- Structure for table: tbl_dtr_code
--
CREATE TABLE `tbl_dtr_code` (
  `no` tinyint(3) unsigned NOT NULL AUTO_INCREMENT,
  `dtr_code` char(20) NOT NULL,
  `dtr_code_desc` char(255) NOT NULL,
  `payable` enum('0','1') NOT NULL DEFAULT '0',
  PRIMARY KEY (`no`)
) ENGINE=InnoDB AUTO_INCREMENT=5 DEFAULT CHARSET=latin1;


--
-- Structure for table: tbl_emp_leave
--
CREATE TABLE `tbl_emp_leave` (
  `leave_id` int(11) NOT NULL AUTO_INCREMENT,
  `employee_id` varchar(50) NOT NULL,
  `lv_dateof_filing` date DEFAULT NULL,
  `lv_office` char(100) NOT NULL,
  `lv_type` char(100) NOT NULL,
  `lv_type_others` varchar(150) DEFAULT NULL,
  `lv_where` char(150) DEFAULT NULL,
  `lv_where_specific` varchar(150) DEFAULT NULL,
  `lv_commutation` char(15) NOT NULL,
  `lv_date_fr` date DEFAULT NULL,
  `lv_date_to` date DEFAULT NULL,
  `lv_no_days` int(11) NOT NULL,
  `emp_salary` char(50) NOT NULL,
  `lv_recommendation` char(150) DEFAULT NULL,
  `lv_status` int(1) unsigned zerofill DEFAULT 0,
  `lv_days_with_pay` int(11) DEFAULT NULL,
  `lv_days_without_pay` int(11) DEFAULT NULL,
  `lv_days_others` int(11) DEFAULT NULL,
  `lv_approved_others` char(150) DEFAULT NULL,
  `lv_disapproved_reason` char(150) DEFAULT NULL,
  `response` int(1) unsigned zerofill DEFAULT 0,
  `lv_date_requested` timestamp NOT NULL DEFAULT current_timestamp() ON UPDATE current_timestamp(),
  PRIMARY KEY (`leave_id`)
) ENGINE=InnoDB AUTO_INCREMENT=70 DEFAULT CHARSET=latin1 COMMENT='table for the leave of employees';


--
-- Structure for table: tbl_emp_leave_grant
--
CREATE TABLE `tbl_emp_leave_grant` (
  `no` int(11) NOT NULL AUTO_INCREMENT,
  `employee_id` char(10) NOT NULL,
  `grant_code` char(50) NOT NULL,
  `grant_date` timestamp NOT NULL DEFAULT current_timestamp() ON UPDATE current_timestamp(),
  PRIMARY KEY (`no`)
) ENGINE=InnoDB AUTO_INCREMENT=36 DEFAULT CHARSET=latin1 COMMENT='table for the Employee leave grant';


--
-- Structure for table: tbl_employee
--
CREATE TABLE `tbl_employee` (
  `no` int(10) unsigned NOT NULL AUTO_INCREMENT,
  `employee_id` char(20) DEFAULT NULL,
  `first_name` varchar(50) DEFAULT NULL,
  `middle_name` varchar(50) DEFAULT NULL,
  `last_name` varchar(50) DEFAULT NULL,
  `ext_name` varchar(5) DEFAULT NULL,
  `birthdate` date DEFAULT NULL,
  `birthplace` varchar(255) DEFAULT NULL,
  `gender` varchar(10) DEFAULT NULL,
  `citizenship` varchar(50) DEFAULT NULL,
  `marital_status` varchar(15) DEFAULT NULL,
  `blood_type` varchar(3) DEFAULT NULL,
  `height` decimal(8,2) DEFAULT 0.00 COMMENT 'Meter',
  `weight` decimal(8,2) DEFAULT 0.00 COMMENT 'Kilogram',
  `resadd_house_block_no` char(50) DEFAULT NULL,
  `resadd_street` char(50) DEFAULT NULL,
  `resadd_sub_village` char(50) DEFAULT NULL,
  `resadd_brgy` char(50) DEFAULT NULL,
  `resadd_mun_city` char(50) DEFAULT NULL,
  `resadd_province` char(50) DEFAULT NULL,
  `resadd_zip_code` char(5) DEFAULT NULL,
  `peradd_house_block_no` char(50) DEFAULT NULL,
  `peradd_street` char(50) DEFAULT NULL,
  `peradd_sub_village` char(50) DEFAULT NULL,
  `peradd_brgy` char(50) DEFAULT NULL,
  `peradd_mun_city` char(50) DEFAULT NULL,
  `peradd_province` char(50) DEFAULT NULL,
  `peradd_zip_code` char(5) DEFAULT NULL,
  `cellphone_no` varchar(50) DEFAULT NULL,
  `telephone_no` varchar(25) DEFAULT NULL,
  `gsis_no` varchar(15) DEFAULT NULL,
  `sss_no` varchar(15) DEFAULT NULL,
  `tin_no` varchar(15) DEFAULT NULL,
  `philhealth_no` varchar(15) DEFAULT NULL,
  `pagibig_no` varchar(50) DEFAULT NULL,
  `employee_picture` text DEFAULT NULL,
  `email_address` varchar(100) DEFAULT NULL,
  PRIMARY KEY (`no`),
  UNIQUE KEY `EmployeeID` (`employee_id`)
) ENGINE=InnoDB AUTO_INCREMENT=380 DEFAULT CHARSET=latin1;


--
-- Structure for table: tbl_employee_education
--
CREATE TABLE `tbl_employee_education` (
  `no` int(11) unsigned NOT NULL AUTO_INCREMENT,
  `employee_id` char(20) DEFAULT NULL,
  `level` enum('Elementary','Secondary','Vocational','College','Graduate Studies') NOT NULL,
  `school_name` varchar(100) DEFAULT NULL,
  `school_address` varchar(100) DEFAULT NULL,
  `school_degree` varchar(30) DEFAULT NULL,
  `year_graduated` varchar(4) DEFAULT NULL,
  `period_from` date DEFAULT NULL,
  `period_to` date DEFAULT NULL,
  `highest_level` varchar(50) DEFAULT NULL,
  `academic_honor` varchar(50) DEFAULT NULL,
  PRIMARY KEY (`no`)
) ENGINE=InnoDB AUTO_INCREMENT=4053 DEFAULT CHARSET=latin1;


--
-- Structure for table: tbl_employee_eligibility
--
CREATE TABLE `tbl_employee_eligibility` (
  `no` int(10) unsigned NOT NULL AUTO_INCREMENT,
  `employee_id` char(20) DEFAULT NULL,
  `eligibility_name` varchar(100) DEFAULT NULL,
  `eligibility_rating` double DEFAULT 0,
  `eligibility_date_exam` date DEFAULT NULL,
  `eligibility_place_exam` char(255) DEFAULT NULL,
  `eligibility_license` char(20) DEFAULT NULL,
  `eligibility_validity` date DEFAULT NULL,
  PRIMARY KEY (`no`)
) ENGINE=InnoDB AUTO_INCREMENT=179 DEFAULT CHARSET=latin1;


--
-- Structure for table: tbl_employee_employment
--
CREATE TABLE `tbl_employee_employment` (
  `no` int(10) unsigned NOT NULL AUTO_INCREMENT,
  `employee_id` char(20) DEFAULT NULL,
  `date_from` date DEFAULT NULL,
  `date_to` date DEFAULT NULL,
  `position` char(200) NOT NULL,
  `company` char(255) DEFAULT NULL,
  `salary` float DEFAULT NULL,
  `salary_grade` char(20) DEFAULT NULL,
  `appointment` char(100) DEFAULT NULL,
  `govt_service` enum('0','1') NOT NULL,
  PRIMARY KEY (`no`),
  KEY `emp_id` (`employee_id`)
) ENGINE=InnoDB AUTO_INCREMENT=115 DEFAULT CHARSET=latin1;


--
-- Structure for table: tbl_employee_family_background
--
CREATE TABLE `tbl_employee_family_background` (
  `no` int(11) unsigned NOT NULL AUTO_INCREMENT,
  `employee_id` char(20) DEFAULT NULL,
  `relationship` tinyint(4) DEFAULT NULL COMMENT '0:child;1:Spouse;2:Mother;3:Father',
  `first_name` char(50) DEFAULT NULL,
  `middle_name` char(50) DEFAULT NULL,
  `last_name` char(50) DEFAULT NULL,
  `ext_name` char(10) DEFAULT NULL,
  `birthdate` date DEFAULT NULL,
  `occupation` char(50) DEFAULT NULL,
  `employer` char(100) DEFAULT NULL,
  `business_address` char(100) DEFAULT NULL,
  `telephone_no` char(50) DEFAULT NULL,
  PRIMARY KEY (`no`)
) ENGINE=InnoDB AUTO_INCREMENT=1708 DEFAULT CHARSET=latin1;


--
-- Structure for table: tbl_employee_log
--
CREATE TABLE `tbl_employee_log` (
  `emp_id` char(20) NOT NULL,
  `action_id` int(11) NOT NULL,
  `date` date NOT NULL
) ENGINE=InnoDB DEFAULT CHARSET=latin1;


--
-- Structure for table: tbl_employee_other_info
--
CREATE TABLE `tbl_employee_other_info` (
  `no` int(10) unsigned NOT NULL AUTO_INCREMENT,
  `employee_id` varchar(50) DEFAULT NULL,
  `other_skill` varchar(255) DEFAULT NULL,
  `other_recognition` varchar(255) DEFAULT NULL,
  `other_organization` varchar(255) DEFAULT NULL,
  PRIMARY KEY (`no`)
) ENGINE=InnoDB AUTO_INCREMENT=10 DEFAULT CHARSET=latin1;


--
-- Structure for table: tbl_employee_references
--
CREATE TABLE `tbl_employee_references` (
  `no` int(11) unsigned NOT NULL AUTO_INCREMENT,
  `employee_id` char(20) DEFAULT NULL,
  `reference_name` varchar(100) DEFAULT NULL,
  `reference_position` varchar(30) DEFAULT NULL,
  `reference_address` varchar(100) DEFAULT NULL,
  `reference_contact` varchar(25) DEFAULT NULL,
  PRIMARY KEY (`no`)
) ENGINE=InnoDB AUTO_INCREMENT=73 DEFAULT CHARSET=latin1;


--
-- Structure for table: tbl_employee_sched
--
CREATE TABLE `tbl_employee_sched` (
  `no` int(11) NOT NULL AUTO_INCREMENT,
  `employee_id` int(11) NOT NULL,
  `date` timestamp NOT NULL DEFAULT current_timestamp(),
  `sched_code` char(10) NOT NULL,
  PRIMARY KEY (`no`)
) ENGINE=InnoDB AUTO_INCREMENT=706 DEFAULT CHARSET=latin1;


--
-- Structure for table: tbl_employee_status
--
CREATE TABLE `tbl_employee_status` (
  `no` int(11) NOT NULL AUTO_INCREMENT,
  `employee_id` char(15) NOT NULL,
  `date_added` timestamp NOT NULL DEFAULT current_timestamp(),
  `privilege` smallint(6) DEFAULT NULL,
  `department_id` char(8) DEFAULT NULL,
  `campus_id` int(11) NOT NULL,
  `active_status` tinyint(2) NOT NULL DEFAULT 1,
  `date_start` date NOT NULL,
  `date_end` date DEFAULT NULL,
  `position_id` int(11) DEFAULT NULL,
  `etype_id` smallint(6) DEFAULT NULL,
  PRIMARY KEY (`no`)
) ENGINE=InnoDB AUTO_INCREMENT=358 DEFAULT CHARSET=latin1;


--
-- Structure for table: tbl_employee_training_seminar
--
CREATE TABLE `tbl_employee_training_seminar` (
  `no` int(10) unsigned NOT NULL AUTO_INCREMENT,
  `employee_id` varchar(50) DEFAULT NULL,
  `training_title` varchar(255) DEFAULT NULL,
  `training_from` date DEFAULT NULL,
  `training_to` date DEFAULT NULL,
  `training_hours` int(11) DEFAULT 0,
  `training_type` char(50) NOT NULL,
  `training_sponsor` varchar(255) DEFAULT NULL,
  PRIMARY KEY (`no`)
) ENGINE=InnoDB AUTO_INCREMENT=7 DEFAULT CHARSET=latin1;


--
-- Structure for table: tbl_employee_type
--
CREATE TABLE `tbl_employee_type` (
  `etype_id` tinyint(3) unsigned NOT NULL AUTO_INCREMENT,
  `etype_desc` char(100) NOT NULL,
  `isTeaching` tinyint(2) NOT NULL,
  `jo` tinyint(4) DEFAULT 1,
  PRIMARY KEY (`etype_id`)
) ENGINE=InnoDB AUTO_INCREMENT=15 DEFAULT CHARSET=latin1;


--
-- Structure for table: tbl_employee_update_delete
--
CREATE TABLE `tbl_employee_update_delete` (
  `no` int(10) NOT NULL AUTO_INCREMENT,
  `updated_action` tinyint(50) NOT NULL,
  `updated_table` varchar(50) NOT NULL,
  `updated_old_data` text DEFAULT NULL,
  `updated_new_data` text DEFAULT NULL,
  `updated_employee_id` int(10) DEFAULT NULL,
  `updated_admin_id` int(10) DEFAULT NULL,
  `updated_date` date DEFAULT NULL,
  PRIMARY KEY (`no`)
) ENGINE=InnoDB AUTO_INCREMENT=213 DEFAULT CHARSET=latin1;


--
-- Structure for table: tbl_employee_voluntary_work
--
CREATE TABLE `tbl_employee_voluntary_work` (
  `no` int(10) unsigned NOT NULL AUTO_INCREMENT,
  `employee_id` varchar(50) DEFAULT NULL,
  `organization_name` varchar(255) DEFAULT NULL,
  `date_from` varchar(50) DEFAULT NULL,
  `date_to` varchar(50) DEFAULT NULL,
  `total_hours` int(11) DEFAULT 0,
  `organization_position` varchar(100) DEFAULT NULL,
  PRIMARY KEY (`no`)
) ENGINE=InnoDB AUTO_INCREMENT=4 DEFAULT CHARSET=latin1;


--
-- Structure for table: tbl_event
--
CREATE TABLE `tbl_event` (
  `no` int(11) NOT NULL AUTO_INCREMENT,
  `event_name` char(255) DEFAULT NULL,
  `event_date` date DEFAULT NULL,
  `event_start` char(20) DEFAULT NULL,
  `event_end` char(20) DEFAULT NULL,
  `dtr_code_id` tinyint(3) DEFAULT NULL,
  `campus_id` tinyint(3) DEFAULT NULL,
  PRIMARY KEY (`no`)
) ENGINE=InnoDB AUTO_INCREMENT=17 DEFAULT CHARSET=latin1;


--
-- Structure for table: tbl_fingerprint
--
CREATE TABLE `tbl_fingerprint` (
  `fprint_id` int(10) unsigned NOT NULL AUTO_INCREMENT,
  `employee_id` char(20) DEFAULT NULL,
  `xml` text NOT NULL,
  `status` enum('0','1') NOT NULL DEFAULT '1',
  PRIMARY KEY (`fprint_id`),
  KEY `fprint_emp_id` (`employee_id`) USING BTREE
) ENGINE=InnoDB AUTO_INCREMENT=32 DEFAULT CHARSET=latin1;


--
-- Structure for table: tbl_payroll_info
--
CREATE TABLE `tbl_payroll_info` (
  `no` smallint(5) unsigned NOT NULL AUTO_INCREMENT,
  `payroll_info_type` varchar(50) NOT NULL,
  `payroll_info_name` varchar(100) NOT NULL,
  `etype_id` smallint(6) NOT NULL,
  `cam_id` smallint(6) NOT NULL,
  `isMandatory` int(1) DEFAULT 0,
  `isActive` int(1) NOT NULL,
  `payroll_order` int(11) DEFAULT 0,
  PRIMARY KEY (`no`)
) ENGINE=InnoDB AUTO_INCREMENT=89 DEFAULT CHARSET=latin1;


--
-- Structure for table: tbl_payroll_log
--
CREATE TABLE `tbl_payroll_log` (
  `payroll_no` char(9) NOT NULL DEFAULT '' COMMENT 'PN-000000',
  `payroll_code` char(15) DEFAULT NULL,
  `payroll_date` date NOT NULL,
  `payroll_startDate` date NOT NULL,
  `payroll_endDate` date NOT NULL,
  `etype_id` smallint(5) NOT NULL,
  PRIMARY KEY (`payroll_no`)
) ENGINE=InnoDB DEFAULT CHARSET=latin1;


--
-- Structure for table: tbl_payroll_log_breakdown
--
CREATE TABLE `tbl_payroll_log_breakdown` (
  `id` int(11) NOT NULL AUTO_INCREMENT,
  `payroll_no` char(9) NOT NULL,
  `EmployeeID` varchar(10) NOT NULL,
  `payroll_info_no` int(11) NOT NULL,
  `value` varchar(12) NOT NULL,
  PRIMARY KEY (`id`)
) ENGINE=InnoDB DEFAULT CHARSET=latin1;


--
-- Structure for table: tbl_payroll_related
--
CREATE TABLE `tbl_payroll_related` (
  `no` smallint(5) NOT NULL AUTO_INCREMENT,
  `payroll_info_no` smallint(5) NOT NULL,
  `employee_id` varchar(10) NOT NULL,
  `filter` smallint(1) DEFAULT NULL,
  `value` varchar(350) NOT NULL,
  PRIMARY KEY (`no`)
) ENGINE=InnoDB AUTO_INCREMENT=1386 DEFAULT CHARSET=latin1;


--
-- Structure for table: tbl_position
--
CREATE TABLE `tbl_position` (
  `no` smallint(5) unsigned NOT NULL AUTO_INCREMENT,
  `position_code` varchar(20) NOT NULL,
  `position_desc` varchar(50) NOT NULL,
  `is_teaching` smallint(6) NOT NULL,
  `salary_grade` smallint(5) NOT NULL,
  `etype_id` tinyint(3) NOT NULL,
  PRIMARY KEY (`no`)
) ENGINE=InnoDB AUTO_INCREMENT=159 DEFAULT CHARSET=latin1;


--
-- Structure for table: tbl_privilege
--
CREATE TABLE `tbl_privilege` (
  `priv_id` int(11) NOT NULL AUTO_INCREMENT,
  `priv_desc` varchar(150) NOT NULL,
  `priv_level` int(11) NOT NULL,
  PRIMARY KEY (`priv_id`)
) ENGINE=InnoDB AUTO_INCREMENT=9 DEFAULT CHARSET=latin1;


--
-- Structure for table: tbl_salary_grade
--
CREATE TABLE `tbl_salary_grade` (
  `no` smallint(5) unsigned NOT NULL AUTO_INCREMENT,
  `salary_grade` smallint(33) DEFAULT NULL,
  `step_increment` varchar(60) NOT NULL,
  `campus_id` tinyint(4) DEFAULT NULL,
  `date_implemented` date DEFAULT NULL,
  PRIMARY KEY (`no`)
) ENGINE=InnoDB AUTO_INCREMENT=34 DEFAULT CHARSET=latin1;


--
-- Structure for table: tbl_schedule
--
CREATE TABLE `tbl_schedule` (
  `no` int(10) unsigned NOT NULL AUTO_INCREMENT,
  `sched_code` char(10) DEFAULT NULL,
  `weekday` enum('Sunday','Monday','Tuesday','Wednesday','Thursday','Friday','Saturday') DEFAULT NULL,
  `am_in` time DEFAULT NULL,
  `am_out` time DEFAULT NULL,
  `pm_in` time DEFAULT NULL,
  `pm_out` time DEFAULT NULL,
  PRIMARY KEY (`no`),
  KEY `SchedCode` (`sched_code`)
) ENGINE=InnoDB AUTO_INCREMENT=20 DEFAULT CHARSET=latin1;


--
-- Structure for table: tbl_schedule_preset
--
CREATE TABLE `tbl_schedule_preset` (
  `preset_id` int(10) unsigned NOT NULL AUTO_INCREMENT,
  `sched_code` char(10) NOT NULL,
  `sched_day` char(10) NOT NULL,
  `sched_time` char(255) NOT NULL,
  PRIMARY KEY (`preset_id`),
  KEY `sched_code` (`sched_code`)
) ENGINE=InnoDB AUTO_INCREMENT=3 DEFAULT CHARSET=latin1;


--
-- Structure for table: tbl_settings
--
CREATE TABLE `tbl_settings` (
  `no` smallint(5) unsigned NOT NULL AUTO_INCREMENT,
  `keyword` char(255) NOT NULL,
  `value` text DEFAULT NULL,
  PRIMARY KEY (`no`)
) ENGINE=InnoDB AUTO_INCREMENT=12 DEFAULT CHARSET=latin1;


--
-- Structure for table: tbl_user_employee
--
CREATE TABLE `tbl_user_employee` (
  `no` int(11) NOT NULL AUTO_INCREMENT,
  `employee_id` char(11) NOT NULL,
  `employee_username` char(150) DEFAULT NULL,
  `employee_password` text NOT NULL,
  PRIMARY KEY (`no`),
  UNIQUE KEY `emp_id` (`employee_id`)
) ENGINE=InnoDB AUTO_INCREMENT=351 DEFAULT CHARSET=latin1 COMMENT='table for the employee side only';


--
-- Data for table: tbl_campus
--
LOCK TABLES `tbl_campus` WRITE;
ALTER TABLE `tbl_campus` DISABLE KEYS;

INSERT INTO `tbl_campus` (`id`,`campus_name`,`campus_code`,`campus_address`,`campus_telephone`) VALUES (1,'Calabanga','CAL','Calabanga, Camarines Sur 4405',NULL),(2,'Pasacao','PAS','Pasacao, Camarines Sur',NULL),(3,'Pili','PIL','San Jose, Pili, Camarines Sur',NULL),(4,'Sipocot','SIP','Impig, Sipocot, Camarines Sur 4408','(054) 881-6681');

ALTER TABLE `tbl_campus` ENABLE KEYS;
UNLOCK TABLES;
COMMIT;

--
-- Data for table: tbl_cos_salary
--
LOCK TABLES `tbl_cos_salary` WRITE;
ALTER TABLE `tbl_cos_salary` DISABLE KEYS;

INSERT INTO `tbl_cos_salary` (`no`,`position_id`,`salary_type`,`salary`,`date_implemented`,`campus_id`) VALUES (1,156,'Per month',11914,'2018-07-03',4),(0,158,'Per month',19895,'2020-07-01',4);

ALTER TABLE `tbl_cos_salary` ENABLE KEYS;
UNLOCK TABLES;
COMMIT;

--
-- Data for table: tbl_department
--
LOCK TABLES `tbl_department` WRITE;
ALTER TABLE `tbl_department` DISABLE KEYS;

INSERT INTO `tbl_department` (`no`,`department_code`,`department_desc`,`campus_id`,`is_project`) VALUES (1,'SIP-D001','Accounting Department',4,0),(2,'SIP-D002','Admin and Finance Department',4,0),(3,'COE','College of Education',4,0),(4,'CIT','College of Information Technology',4,0),(5,'COC','College of Criminology',4,0),(6,'CindT','College of Industrial Technology',4,0),(7,'SIP-D007','Support to Students',4,0),(8,'SIP-D008','General Support & Services',4,0),(9,'UMIS','University Management and Information System',4,1);

ALTER TABLE `tbl_department` ENABLE KEYS;
UNLOCK TABLES;
COMMIT;

--
-- Data for table: tbl_dtr_code
--
LOCK TABLES `tbl_dtr_code` WRITE;
ALTER TABLE `tbl_dtr_code` DISABLE KEYS;

INSERT INTO `tbl_dtr_code` (`no`,`dtr_code`,`dtr_code_desc`,`payable`) VALUES (1,'AB:AB','Absent','0'),(2,'BD:LV','Birthday Leave','1'),(3,'BO:BO','Brownout','1'),(4,'HL:HL','Holiday','0');

ALTER TABLE `tbl_dtr_code` ENABLE KEYS;
UNLOCK TABLES;
COMMIT;

--
-- Data for table: tbl_emp_leave
--
LOCK TABLES `tbl_emp_leave` WRITE;
ALTER TABLE `tbl_emp_leave` DISABLE KEYS;

INSERT INTO `tbl_emp_leave` (`leave_id`,`employee_id`,`lv_dateof_filing`,`lv_office`,`lv_type`,`lv_type_others`,`lv_where`,`lv_where_specific`,`lv_commutation`,`lv_date_fr`,`lv_date_to`,`lv_no_days`,`emp_salary`,`lv_recommendation`,`lv_status`,`lv_days_with_pay`,`lv_days_without_pay`,`lv_days_others`,`lv_approved_others`,`lv_disapproved_reason`,`response`,`lv_date_requested`) VALUES (46,'1','2020-02-24','','Vacation','To Seek Employment','Abroad','IRAN','Requested','2020-01-06','2020-01-06',1,'','For Disapproval due to',2,0,0,0,NULL,'conflict of schedule',1,'2020-09-16 18:07:01'),(47,'1','2020-02-24','','Sick','To Seek Employment','Within the Philippines','','Requested','2020-01-23','2020-01-24',1,'','For Approval',1,0,0,0,NULL,'',1,'2020-09-16 18:07:01'),(48,'1','2020-03-02','','Other','Court Hearing','','Naga, CS','Not Requested','2020-01-09','2020-01-09',1,'','',0,0,0,0,NULL,NULL,0,'2020-09-16 18:07:01'),(49,'1','2020-03-03','','Maternity','','In Hospital','NICC','Not Requested','2020-01-03','2020-03-03',1,'','',0,0,0,0,NULL,NULL,0,'2020-09-16 18:07:01'),(55,'1','2020-03-13','Admin and Finance Department','Vacation','To Seek Employment','Within the Philippines',NULL,'Requested','2020-03-13','2020-03-13',1,'11,914.00',NULL,0,NULL,NULL,NULL,NULL,NULL,0,'2020-09-16 18:07:01'),(56,'1','2020-03-13','Admin and Finance Department','Vacation','To Seek Employment','Within the Philippines',NULL,'Requested','2020-03-13','2020-03-13',1,'11,914.00',NULL,0,NULL,NULL,NULL,NULL,NULL,0,'2020-09-16 18:07:01'),(57,'1','2020-03-13','Admin and Finance Department','Vacation','To Seek Employment','Within the Philippines',NULL,'Requested','2020-03-13','2020-03-13',1,'11,914.00',NULL,0,NULL,NULL,NULL,NULL,NULL,0,'2020-09-16 18:07:01'),(58,'1','2020-03-13','Admin and Finance Department','Vacation','To Seek Employment','Within the Philippines',NULL,'Requested','2020-03-13','2020-03-13',1,'11,914.00',NULL,0,NULL,NULL,NULL,NULL,NULL,0,'2020-09-16 18:07:01'),(59,'1','2020-03-13','Admin and Finance Department','Other','ML',NULL,'Sipocot','Not Requested','2020-03-13','2020-09-10',130,'11,914.00',NULL,0,NULL,NULL,NULL,NULL,NULL,0,'2020-09-16 18:07:01'),(60,'1','2020-03-13','Admin and Finance Department','Other','ML',NULL,'Sipocot','Not Requested','2020-03-13','2020-08-06',105,'11,914.00',NULL,0,NULL,NULL,NULL,NULL,NULL,0,'2020-09-16 18:07:01'),(61,'1','2020-03-13','Admin and Finance Department','Sick Leave',NULL,'In Hospital','NICC','Requested','2020-03-13','2020-03-13',1,'11,914.00','For Approval',1,NULL,NULL,NULL,NULL,'',1,'2020-09-16 18:07:01'),(62,'1','2020-03-13','Admin and Finance Department','Sick Leave',NULL,'In Hospital','NICC','Requested','2020-03-13','2020-03-13',1,'11,914.00',NULL,0,NULL,NULL,NULL,NULL,NULL,0,'2020-09-16 18:07:01'),(63,'1','2020-03-13','Admin and Finance Department','Other','ML',NULL,'Sipocot','Not Requested','2020-03-13','2020-08-06',105,'11,914.00',NULL,0,NULL,NULL,NULL,NULL,NULL,0,'2020-09-16 18:07:01'),(64,'1','2020-07-24','Admin and Finance Department','Vacation','To Seek Employment','Within the Philippines',NULL,'Requested','2020-07-24','2020-07-24',1,'11,914.00','For Approval',1,NULL,NULL,NULL,NULL,'',1,'2020-09-16 18:07:01'),(65,'1','2020-07-28','Admin and Finance Department','Sick Leave',NULL,'Out Patient','asdsad','Requested','2020-07-27','2020-07-29',3,'11,914.00','For Approval',1,NULL,NULL,NULL,NULL,'',1,'2020-09-16 18:07:01'),(66,'1','2020-07-28','Admin and Finance Department','Sick Leave',NULL,'Out Patient','xzcxzc','Requested','2020-01-27','2020-01-29',3,'11,914.00','For Approval',1,NULL,NULL,NULL,NULL,'',1,'2020-09-16 18:07:01'),(67,'1','2020-07-30','Admin and Finance Department','Vacation','asd','Within the Philippines',NULL,'Not Requested','2020-01-02','2020-01-02',1,'11,914.00','For Approval',1,NULL,NULL,NULL,NULL,'',1,'2020-09-16 18:07:01'),(68,'1','2020-08-06','Admin and Finance Department','Vacation','ZXC','Within the Philippines',NULL,'Not Requested','2020-08-03','2020-08-05',3,'11,914.00',NULL,0,NULL,NULL,NULL,NULL,NULL,0,'2020-09-16 18:07:01'),(69,'1','2020-08-06','Admin and Finance Department','Sick Leave',NULL,'Out Patient','zxc','Not Requested','2020-08-06','2020-08-06',1,'11,914.00',NULL,0,NULL,NULL,NULL,NULL,NULL,0,'2020-09-16 18:07:01');

ALTER TABLE `tbl_emp_leave` ENABLE KEYS;
UNLOCK TABLES;
COMMIT;

--
-- Data for table: tbl_emp_leave_grant
--
LOCK TABLES `tbl_emp_leave_grant` WRITE;
ALTER TABLE `tbl_emp_leave_grant` DISABLE KEYS;

INSERT INTO `tbl_emp_leave_grant` (`no`,`employee_id`,`grant_code`,`grant_date`) VALUES (20,'1','1,2,3,5','2020-09-16 18:08:23'),(21,'1','1,2,3,4,5,6,7,8,9','2020-09-16 18:08:23'),(22,'1','1,2,3,5,6','2020-09-16 18:08:23'),(23,'1','2','2020-09-16 18:08:23'),(24,'1','1,3','2020-09-16 18:08:23'),(25,'1','1,3,5,6,7,8','2020-09-16 18:08:23'),(26,'1','1,2','2020-09-16 18:08:23'),(27,'1','1,2,3','2020-09-16 18:08:23'),(28,'1','1,2,3,9','2020-09-16 18:08:23'),(29,'','1,2,3','2020-07-28 14:00:42'),(30,'1','1,2,3','2020-09-16 18:08:23'),(31,'1','3,5,6,7,8,9','2020-09-16 18:08:23'),(32,'1','1,2','2020-09-16 18:08:23'),(33,'1','1,2','2020-09-16 18:08:23'),(34,'1','1,2,3','2020-09-16 18:08:23'),(35,'1','1,2','2020-09-16 18:08:23');

ALTER TABLE `tbl_emp_leave_grant` ENABLE KEYS;
UNLOCK TABLES;
COMMIT;

--
-- Data for table: tbl_employee
--
LOCK TABLES `tbl_employee` WRITE;
ALTER TABLE `tbl_employee` DISABLE KEYS;

INSERT INTO `tbl_employee` (`no`,`employee_id`,`first_name`,`middle_name`,`last_name`,`ext_name`,`birthdate`,`birthplace`,`gender`,`citizenship`,`marital_status`,`blood_type`,`height`,`weight`,`resadd_house_block_no`,`resadd_street`,`resadd_sub_village`,`resadd_brgy`,`resadd_mun_city`,`resadd_province`,`resadd_zip_code`,`peradd_house_block_no`,`peradd_street`,`peradd_sub_village`,`peradd_brgy`,`peradd_mun_city`,`peradd_province`,`peradd_zip_code`,`cellphone_no`,`telephone_no`,`gsis_no`,`sss_no`,`tin_no`,`philhealth_no`,`pagibig_no`,`employee_picture`,`email_address`) VALUES (1,'04-054','SONIA','MONOY','CASULLA','','1962-09-19','SIPOCOT, CAMARINES SUR','Female','Filipino','Married','B',1.56,50.00,'#10','Sample Street','Sample Village','Sample Barangay','Sample M/City','Sample Province','4408','Sample Block 123','Sample Street','Sample Subdivision','Sample Baranga','Sample Municiapality','SAmple Province','5509','09109874628','','62092903406','050567523-1','112-540-684','10-0000713311','150-0003-1835','04-054.jpg','soniacasulla@yahoo.com'),(2,'95-037','MARIA MINERVA','DELA PEÑA','ARAGON','','1971-03-24','NAGA CITY','Female','Filipino','Married','A',1.58,70.00,'','','','','','','','','','','','','','','09097788624','09097788624','71032401346','050-461-8969','171-903-276','10-00000-2999-2','153-0000366',NULL,'minervaaragon71@yahoo.com'),(3,'09-063','VILMA','CREDO','LOSITAÑO','','1972-03-29','Cabuyao, Sipocot, Cam. Sur','Female','Filipino','Married','A',1.25,75.00,'','','','','','','','','','','','','','','09126177338','0','0 2003971474','05-0491483-8','192-767-514','100000929896','1210-3411-8121','09-063.jpg','vclositano@yahoo.com'),(4,'13-073','ORLANDO','ECO','CASULLA','','1962-10-15','Libmanan, Camarines Sur','Male','Filipino','Married','O',1.68,70.00,'','','','','','','','','','','','','','','09194497162','0','0','05-0498125-6','293-314-810','100000985362','050239336807','13-073.jpg','orlandcasulla@yahoo.com'),(5,'SIP00205','ELIZABETH','AURE','VILLA','','1955-11-16','Sipocot, Camarines Sur','Female','Filipino','Married','O',1.68,125.00,NULL,NULL,NULL,'','','','',NULL,NULL,NULL,'','','','','09294778676','0','55111601444','05-0352085-4','112-540-642','10000003064-8','0',NULL,'elizabethavilla16@yahoo.com'),(6,'88-018','EDGARDO','BERNARDINO','UVAS','','1962-09-13','Barcelonita, Cabusao, Cam. Sur','Male','Filipino','Married','A+',1.70,71.00,'','','','','','','','','','','','','','','09476477344','9091856455','006-0012-4322-6','1213','112-540-650','10-000003059-1','153000022588','88-018.jpg','edgardo_uvas@cbsua.edu.ph'),(7,'84-012','ZEUS','MEDALLA','LOSITAÑO','','1962-06-16','LACAG, DARAGA, ALBAY','Male','FILIPINO','Married','B',1.62,57.00,NULL,NULL,NULL,'','','','',NULL,NULL,NULL,'','','','','09128974744','0','62061600219','0','122-540-387','10000003023-0','1530-0002-2310',NULL,'zlositano@yahoo.com'),(8,'94-024','DOUGLAS ANGEL II','ABILAY','ARAGON','','1968-09-04','P. Diaz St., Naga City','Male','Filipino','Married','B',1.57,62.00,'','Coloy-coloy','','Impig','Sipocot','Camarines','4408','','','','','','','','','0','006-0084-6834-7','05-0320832-5','192-759-124','10-000002998-4','941968','94-024.jpg','douglasaragon68@yahoo.com'),(9,'94-033','MARIA LIWAYWAY','PAMADA','MATAMOROSA','','1972-06-21','Tigaon, Camarines Sur','Male','Filipino','Married','O',1.77,60.00,'','','','','','','','','','','','','','','','0','006-0073-5787-3','006-002-2408','192-767-598','10-000054527-3','1530-0002-2408','94-033.jpg','liway62172@yahoo.com'),(10,'84-011','RICO','DASAL','ALMONTE','','1961-06-30','Calabanga, Camarines Sur','Male','Filipino','Married','O',1.69,83.00,'','','','','','','','','','','','','','','09494650613','0','61063000387','0','112-540-178','10-000003041-9','153000022065','84-011.jpg','rico.almonte@yahoo.com'),(11,'94-027','GERARDO','GUIRUELA','EBORDA','','1966-09-24','Libmanan, Cam. Sur','Male','0','Married','O',1.62,56.00,'','','','','','','','','','','','','','','','','0','0','0','0','0','94-027.jpg',''),(12,'12-071','DIONESIA','RIONDA','BERAÑA','','1977-10-08','Ragay, Camarines Sur','Female','Filipino','Married','O',1.52,43.00,'','','','','','','','','','','','','','','09192219917','0','0','05-0530646-1','942-176-034','10-050060152-8','913010075743','12-071.jpg','dionesiaberana@yahoo.com'),(13,'94-032','JOSEPHINE','ABANTE','GONZALES','','1972-04-06','Naga City','Female','Filipino','Married','A',1.44,60.00,'','','','','','','','','','','','','','','09199112895','0','72040600940','05-0570345-9','192-767-484','000003038-9','1530-0002-2288','94-032.jpg','jhogonzales72@yahoo.com'),(14,'94-026','ANA MARIA','ALMARIO','BONITO','','1970-04-30','Sipocot, Camarines Sur','Female','Filipino','Married','A',1.27,58.00,'','','','','','','','','','','','','','','09274842075','0','70043001491','0','192-767-370','10000003036-2','0','94-026.jpg','AnMarie30@yahoo.com'),(16,'94-028','MIA','NAZ','EBORDA','','1970-09-22','Sipocot, Camarines Sur','Female','Filipino','Married','A',1.55,60.00,'','','','','','','','','','','','','','','09298152283','0','7009221579','0','192-767-563','10-000003014-1','05-0226201809','94-028.jpg','ebordamia@yahoo.com'),(17,'96-041','ERNESTO','HERRAS','BALIZA','','1958-10-01','Sibujo, Libmanan, Cam. Sur','Male','Filipino','Married','B',1.55,75.00,'','','','','','','','','','','','','','','','0','58100102780','0','192-767-321','100000030672','0','96-041.jpg',''),(18,'94-023','FRANCISCO','SAN JUAN','BALANE','','1965-09-20','Cabusao, Camarines Sur','Male','Filipino','Married','O',1.62,86.00,'','','','','','','','','','','','','','','09461679046','0','65092002181','None','192-767-313','10-000003040-0','0','94-023.jpg',''),(19,'99-053','SANTOS','AZUELA','BONITO','','1971-08-24','Sipocot, Camarines Sur','Male','Filipino','Married','B',1.75,70.00,NULL,NULL,NULL,'','','','',NULL,NULL,NULL,'','','','','0','0','000-5050-5220-7','05-05052207','192-868-351','10-0000051037-2','0',NULL,'0'),(20,'09-061','SHIRLEY','CORTEZANO','BRON','','1972-03-02','Libmanan, Camarines Sur','Male','Filipino','Married','A',0.00,51.00,'','','','','','','','','','','','','','','09297266317','0','0','0504877991','192-767-401','10000051206-5','121019894423',NULL,'shie-316@yahoo.com'),(21,'95-034','LEONEL','CALIGUIRAN','FIESTA','','1964-08-29','Tuguegarao, Cagayan','Male','Filipino','Married','B',0.00,82.00,'','','','','','','','','','','','','','','09463644979','0','CM36676634','01-06945959','111-616-608','10000003049-4','0','95-034.jpg',''),(22,'13-078','LEORO','VIBAR','JOVILLANO','','1970-07-25','Naga City','Male','Filipino','Married','B',0.00,95.00,'','','','','','','','','','','','','','','09091147849','0','0','33-0207820-3','151-043-635','10-050021195-9','153600041384','13-078.jpg',''),(23,'06-060','JULIE','BOGATE','LLAGAS','','1973-03-13','Sipocot, Camarines Sur','Female','Filipino','Married','B',1.52,50.00,'','','','','','','','','','','','','','','09399143582','0','LP73031301766','05-0578398-5','192-767-362','1000-0076-9406','153000042472','06-060.jpg','julz_1608@yahoo.com'),(24,'06-059','AGNES','MALLARI','MIDEM','','1977-04-20','Sipocot, Camarines Sur','Female','Filipino','Single','O',1.52,46.00,'','','','','','','','','','','','','','','09107877716','0','0','33-6399600-7','941-216-673','10-050047175-6','0','06-059.jpg','agnesmallari@yahoo.com'),(25,'97-051','SANTOS','MONDRAGON','MILLENA','','1966-11-01','Sipocot, Camarines Sur','Male','Filipino','Married','B',1.56,83.00,'','','','','','','','','','','','','','','','','6611010636','05-0362452-7','192-767-530','10-000003025-7','0','97-051.jpg',''),(26,'SIP00018','EDGARDO','DIZON','NERA','','1944-04-19','Gumaca. Quezon','Male','Filipino','Married','A',1.72,65.00,NULL,NULL,NULL,'','','','',NULL,NULL,NULL,'','','','','09282892968','0','956-0458713-01-','03-2817908-2','112-840-418','10-000003027-3','0',NULL,'0'),(27,'SIP00011','ELOIDA','SALEN','RONQUILLO','','1956-04-20','Manila','Female','Filipino','Married','O',1.59,50.00,NULL,NULL,NULL,'','','','',NULL,NULL,NULL,'','','','','09083254691','0','CRN-006-0053-53','05-0226457','913-376-029','10-000052461-6','1530-0002-2510',NULL,'eloidaronquillo@yahoo.com'),(28,'13-075','RENJENE','DELOS SANTOS','RIVERA','','1982-01-23','Valenzuela City','Male','Filipino','Married','O',198.00,110.00,'','','','','','','','','','','','','','','09184280307','256-6253','0','0506619186','933-757-599','100000985354','153000041349','13-075.jpg','RENJENE13@YAHOO.COM.PH'),(29,'09-062','MECHILL','CASILES','SAMARISTA','','1976-01-07','Naga City','Female','Filipino','Married','B',1.58,57.00,'','','','','','','','','','','','','','','09198602758','256-6285','02003939911','3323116144','269-378-678','1002-5078-8783','1530-0004-1362','09-062.jpg','mitch_casiles620@yahoo.com'),(30,'13-074','ZANDRO','ABERGOS','SAMARISTA','','1981-01-20','Sipocot, Camarines Sur','Male','Filipino','Married','O',1.68,75.00,'','','','','','','','','','','','','','','09199946967','256-6285','0','05-0575548-1','939-046-754','0','0','13-074.jpg','zsamarista@yahoo.com'),(31,'95-040','DANIEL','MAGISTRADO','TIBI','','1965-02-06','San Roque, Ocampo, Cam. Sur','Male','Filipino','Married','B',1.68,67.00,NULL,NULL,NULL,'','','','',NULL,NULL,NULL,'','','','','09204820588','0','00003668356','0','192-767-636','100000552652','0',NULL,'KAWAYAN65@YAHOO.COM'),(32,'13-077','FRANK VINCENT','BRILA','VILLAFUERTE','','1988-04-06','Sipocot, Camarines Sur','Male','Filipino','Married','B',1.65,63.00,'','','','','','','','','','','','','','','09469881038','0','0','0','0','10-2015428836-5','0','13-077.jpg','VillafuerteFrank@yahoo.com'),(33,'13-076','MARY FRANCESCA','NAPA','VILLAFUERTE','','1990-07-03','Mandaluyong, Metro Manila','Female','Filipino','Single','A',1.51,57.00,'','','','','','','','','','','','','','','09063988518','None','None','05-1047094-2','425-204-277','10-02511678-8','None','13-076.jpg','chescavillafuerte@yahoo.com'),(34,'84-013','ERLINDA','BERJA','ALMONTE','','1961-01-05','Sipocot, Camarines Sur','Male','Filipino','Married','A',1.55,50.00,'','','','','','','','','','','','','','','09486490223','None','None','None','112-540-160','10-000003051-6','153-0000-22053','84-013.jpg','almonteerlinda@yahoo.com'),(35,'SIP00027','YVONNE','ALUZAN','ABENDANIO','','1958-02-24','Tigaon, Camarines Sur','Female','Filipino','Married','A',1.46,57.00,NULL,NULL,NULL,'','','','',NULL,NULL,NULL,'','','','','0','0','0','None','112-540-137','100000030524','0',NULL,'yabendanio @ yahoo.com'),(36,'95-035','RHEA','BARBOSA','ABERGOS','','1973-11-29','Daet, Camarines Norte','Female','Filipino','Married','B',1.52,50.00,'','','','','','','','','','','','','','','09186528543','None','73291180026','33-2157233-7','192-767-346','10-000002997-6','4530-0002-1989','95-035.jpg','rheabergos@yahoo.com'),(37,'94-025','MA. EXPEDITA','BRAGAIS','ARTIAGA','','1965-04-19','Tabaco, Albay','Female','Filipino','Married','O',1.52,47.00,'','','','','','','','','','','','','','','09207519506','None','65041901645','04-0635848-2','112-525-708','10-000002988-7','153000022098','94-025.jpg','meredithartiaga@yahoo.com'),(38,'97-042','EMELDA','MANDASOC','ABLAO','','1969-10-29','Pamplona, Camarines Sur','Female','Filipino','Married','B',0.00,51.00,'','','','','','','','','','','','','','','09078448506','None','69102901789','None','192-767-522','None','1530-0002-1990','97-042.jpg',''),(39,'97-046','BASILIO','FENIS','AGUIRRE','','1973-01-01','Milaor, Camarines Sur','Male','Filipino','Married','A',0.00,60.00,'','','','','','','','','','','','','','','','None','73010100981','None','905-712-979','10000002990-9','050208778302','97-046.jpg',''),(40,'95-039','ROBERTO','VALENCIA','ABLAO','','1969-05-13','Calalahan, San Jose, Cam. Sur','Male','Filipino','Married','A',0.00,70.00,'','','','','','','','','','','','','','','09078448506','None','956-0740046-01-','None','192-767-259','1000-0002-9925','153000022007','95-039.jpg','bertablao@yahoo.com'),(41,'93-021','ARIEL','MAMANSAG','ALMASCO','','1965-10-07','Pili, Camarines Sur','Male','Filipino','Married','O',1.65,67.00,'','','','','','','','','','','','','','','09286609195','None','65100702121','None','192-767-292','10-000002993-3','0','93-021.jpg',''),(42,'SIP00070','GRACE','CORPUS','ALEMANIA','','1952-07-04','Naga City','Female','Filipino','Married','A',1.50,58.00,NULL,NULL,NULL,'','','','',NULL,NULL,NULL,'','','','','09293420888','None','CRN-0006-0068-5','None','112-540-152','10-000002996-8','1530-0002-2031',NULL,'None'),(43,'SIP00086','DANILO','ADAN','ALEMANIA','','1958-10-25','Lubigan Sr. Sipocot, Cam. Sur','Male','Filipino','Married','A',1.62,62.00,NULL,NULL,NULL,'','','','',NULL,NULL,NULL,'','','','','09074694821','None','58102501363','None','112-540-144','10-000002994-1','1530-0002-2020',NULL,'daniloalemania@yahoo.com.ph.'),(44,'SIP00076','BERNARDO','DETERA','DESPABILADERAS','','1956-08-20','Sorsogon City','Male','Filipino','Married','O',0.00,57.00,NULL,NULL,NULL,'','','','',NULL,NULL,NULL,'','','','','09398896463','None','CRN-0100-7488-4','None','112-540-304','10-000003045-1','1530-0002-2221',NULL,'None'),(45,'11-065','CESAR ARMANDO','SOLOMON','CAMBA','SR.','1974-11-23','Sipocot, Camarines Sur','Male','Filipino','Married','A',1.83,65.00,'','','','','','','','','','','','','','','09482216042','None','None','05-0522463-7','949-408-422','None','None','11-065.jpg','abmac2374@yahoo.com'),(46,'95-036','ROMULO','MOLLENO','CANDELARIA','','1962-08-08','Jose Panganiban Cam. Norte','Male','Filipino','Married','B',1.58,56.00,'','','','','','','','','','','','','','','09077794417','None','62080802680','None','192-767-388','10-000003037-0','05020878803','95-036.jpg',''),(47,'98-052','ROWEL','MIRABUENO','CASTUERA','','1975-09-08','Daraga, Albay','Male','Filipino','Married','AB',1.62,58.00,'','','','','','','','','','','','','','','09198811691','None','B7558RMC016','None','190-650-654','10-000003005-0','1530-0002-2188','98-052.jpg','rmc8975@yahoo.com'),(48,'SIP00055','JOANABELLE','MATOCIÑOS','DELOS SANTOS','','1955-10-11','Legazpi City','Female','Filipino','Married','O',1.57,80.00,NULL,NULL,NULL,'','','','',NULL,NULL,NULL,'','','','','0','None','0','0','112-540-282','0','0',NULL,'0'),(49,'81-008','LUCILA','ESCALA','PAVERICIO','','1958-10-31','Sipocot, Camarines Sur','Female','Filipino','Widowed','O',1.58,53.00,'','','','','','','','','','','','','','','09186564893','None','58103102268','05-0568560-3','112-540-467','1000-0003-0338','1530-0002-2421','81-008.jpg','lucypavericio@yahoo.com'),(50,'85-017','CARLOS','NIEVES','EVANGELIO','','1962-03-28','Naga City','Male','Filipino','Married','B',1.66,80.00,'','','','','','','','','','','','','','','09185477704','None','006-0100-7489-7','None','112-540-345','10-000003048-6','1530-0002-2266','85-017.jpg','carlosevangelio@yahoo.com'),(51,'95-038','SALVACION','ACO','EJE','','1969-03-22','Libmanan, Camarines Sur','Female','Filipino','Married','B',1.52,54.00,'','','','','','','','','','','','','','','09499027584','None','69032201202','None','192-767-442','10-000003062-1','1530-0002-2254','95-038.jpg','salveeje@yahoo.com'),(52,'09-064','DENNIS','CABANTOG','GABON','','1985-01-27','Sipocot, Camarines Sur','Male','Filipino','Single','O',1.63,55.00,'','','','','','','','','','','','','','','09199912128','None','02004033752','0504749189','947-741-853','100250635561','121003841058','09-064.jpg','denzgabon85@yahoo.com'),(53,'SIP00031','SALVE','ECALNER','EBUENGA','','1955-10-02','Sipocot, Camarines Sur','Female','Filipino','Married','A',1.52,67.00,NULL,NULL,NULL,'','','','',NULL,NULL,NULL,'','','','','09282821770','None','B55V2SEE018','03582482-39','112-540-320','10-000003047-8','050208786010',NULL,'ebuenga-salve@ymail-com'),(54,'SIP00028','CRISTETA','BALANE','JUEGO','','1953-10-18','Sto. Domingo, Albay','Female','Filipino','Married','O',1.51,58.00,NULL,NULL,NULL,'','','','',NULL,NULL,NULL,'','','','','0','None','0','05-0137191-1','112-540-353','10-000003050-8','0',NULL,'cristy-juego @ yahoo.com'),(55,'SIP00104','ALVIN','LEE','KASILAG','','1984-04-25','Sipocot, Camarines Sur','Male','Filipino','Married','O',1.73,56.00,NULL,NULL,NULL,'','','','',NULL,NULL,NULL,'','','','','09197517618','None','02004033573','0506256853','949-403-628','10-000095659-1','912153016993',NULL,'kasilag07@yahoo.com'),(56,'84-014','ELSIE EDEN','BERMEJO','PIANSAY','','1960-11-06','Sipocot, Camarines Sur','Female','Filipino','Married','A',1.52,55.00,'','','','','','','','','','','','','','','09073763309','None','B60X6EBP011','None','112-540-505','10-000003043-5','1530-002-2454','84-014.jpg','elsieedenpiansay@yahoo.com'),(57,'97-044','LOURDES','LOBIS','NIEVA','','1969-02-02','Goa, Camarines Sur','Female','Filipino','Married','O',1.33,50.00,'','','','','','','','','','','','','','','09989747938','None','CM-00003694344','03-9900239-5','192-767-571','10-000003028-1','1530-0002-2388','97-044.jpg','lou-nievafeb@yahoo.com'),(58,'85-016','BENILDA','BONDAD','METRAN','','1961-04-15','Sipocot, Camarines Sur','Female','Filipino','Married','O',1.54,49.00,'','','','','','','','','','','','','','','09193114580','450-6049','61041502290','None','112-540-400','100000030249','153000022332','85-016.jpg','benilda.metran@yahoo.com'),(59,'97-050','FRANCISCO','MEDIJO','RONQUILLO','','1962-01-23','Libmanan, Camarines Sur','Male','Filipino','Married','A',160.00,64.00,'','','','','','','','','','','','','','','09163963206','None','62-01-23-021-81','None','103-451-737','10-000-685-709','153-00000-22-499','97-050.jpg','franciscoronquillo37@yahoo.com'),(60,'97-049','JOSEPH','RELLORA','NAVARROZA','','1970-09-17','Sipocot, Camarines Sur','Male','Filipino','Married','O',1.63,64.00,'','','','','','','','','','','','','','','09104417022','None','CRN-006-0012-42','None','917-893-136','10-000003013-3','050208790503','97-049.jpg','navarrozajoseph@yahoo.com'),(61,'97-047','DOLORES','COSA','PEREZ','','1968-02-06','Cabuyao, Sipocot, Cam. Sur','Female','Filipino','Married','O',1.57,50.00,'','','','','','','','','','','','','','','09186020048','None','68020601331','05-0420036-4','179-641-394','100000030079','1530-0003-7417','97-047.jpg','dorz-1133@yahoo.com'),(62,'05-055','CHARMAYN','NOLEAL','NATE','','1975-03-26','Sipocot, Camarines Sur','Female','Filipino','Single','O',0.00,70.00,'#10','SIPOCOT','SIPOCOT','SIPOCOT','SIPOCOT','CAMARINES SUR','4407','','','','','','','','09193645482','256-6206','75032601197','None','192-767-555','10-000074651-1','1530-0003-1846','05-055.jpg','chn32675@yahoo.com'),(63,'97-043','MERCY','LLEVA','NAVARRO','','1972-04-17','Sipocot, Camarines Sur','Female','Filipino','Married','A',1.52,53.00,'','','','','','','','','','','','','','','09208150003','None','CRN-006-0078-61','None','192-767-506','10-00000311-7','1530-0003-4708','97-043.jpg','mercy@yahoo.com.ph'),(64,'94-030','MYRNA','SANCHEZ','NAVARROZA','','1965-04-25','Libmanan, Camarines Sur','Female','Filipino','Married','A',1.54,55.00,'','','','','','','','','','','','','','','09064729794','None','B65HRMSN018','05-0374882-7','192-767-610','1000-0051-3857','153-0000-22521','94-030.jpg','navarrozamyrna@yahoo.com'),(65,'05-057','EVANGELINA','CHICA','PAMADA','','1976-01-30','Libmanan, Camarines Sur','Male','Filipino','Married','O',1.53,50.00,'','','','','','','','','','','','','','','09185806975','None','76013001193','05-0525523-7','941-222-914','10-000074654-6','1530-0003-8048','05-057.jpg','evangelinapamada@yahoo.com'),(66,'12-067','RHEA CATALINA','PORNILLOS','PADAYAO','','1980-07-31','Cabotonan, Lagonoy, Cam. Sur','Female','Filipino','Married','O',1.52,63.00,NULL,NULL,NULL,'','','','',NULL,NULL,NULL,'','','','','09078046075/09279759414','None','0','05-0537980-9','917-887-144','10-050066939-4','153000183972',NULL,'rheapornillos @yahoo.com'),(67,'94-031','MONERA','FERRER','PRAMIS','','1968-07-24','Sipocot, Camarines Sur','Female','Filipino','Married','O',1.90,55.00,'','','','','','','','','','','','','','','','None','006-0012-4080-5','None','192-767-468','10-000038870-4','1530-0002-2466','94-031.jpg','pramism@gmail.com'),(68,'05-058','IAN','LOQUILLANO','SAGARIO','','2014-02-04','Impig, Sipocot, Camarines Sur','Male','Filipino','Married','O',1.67,64.00,'','','','','','','','','','','','','','','09079806475','None','78091801859','33-5752474-4','941-219-265','10-000074-655-4','1530-0003-1857','05-058.jpg','SAGARIOIAN@YAHOO.COM'),(69,'SIP00211','BEGILDA','SALCEDO','SORIAO','','1955-02-20','Nabua, Camarines Sur','Female','Filipino','Married','O',1.52,55.00,NULL,NULL,NULL,'','','','',NULL,NULL,NULL,'','','','','0','None','55022002634','0','112-540-597','10-000003055-9','0',NULL,'0'),(70,'12-068','REY','ECO','SANCHEZ','','1978-03-26','Sipocot, Camarines Sur','Male','Filipino','Married','O',1.65,55.00,NULL,NULL,NULL,'','','','',NULL,NULL,NULL,'','','','','09293358818','None','0','33-5917831-8','203-152-987','10-051001887-0','203-153-987',NULL,'rey 78 sanchez @ yahoo. com'),(71,'SIP00032','EMMA','ABASOLA','RELLORA','','1955-11-18','Buhi, Camarines Sur','Female','Filipino','Married','A',1.00,55.00,NULL,NULL,NULL,'','','','',NULL,NULL,NULL,'','','','','0','256-6342','56010802569','0507353836','112-540-513','10-000003042','0',NULL,'0'),(72,'SIP00279','RACHEL','DE OSIO','PEÑA','','1955-04-18','San Roque, Calabanga, Camarines Sur','Female','Filipino','Married','A',1.57,58.00,NULL,NULL,NULL,'','','','',NULL,NULL,NULL,'','','','','09109657413','None','55041802757','0','112-540-475','10-000003019-2','0',NULL,'mrsrachel55@yahoo.com'),(73,'12-070','RAQUEL','MAï¿½AGO','REAPOR','','1970-08-28','Basud, Camarines Norte','Female','Filipino','Married','O',1.50,40.00,'','','','','','','','','','','','','','','09088916313','None','87RURM029','05-0501132-9','905-705-154','10-000014664-6','1530-0087-6005','12-070.jpg','guellyganda@yahoo.com'),(74,'SIP00074','MARIVIC','SEDANTO','RELLORA','','1953-10-28','Linao, Libon, Albay','Female','Filipino','Widowed','B',0.00,55.00,NULL,NULL,NULL,'','','','',NULL,NULL,NULL,'','','','','09485832631','None','B-53 VUMSR 029','None','112-540-546','10-00000-3066-4','1530-0002-2488',NULL,'0'),(75,'05-056','EMERENCIANA MARICRIS','DELA PEÑA','TAPAR','','1972-11-15','Naga City','Female','Filipino','Married','A',1.52,43.00,'','','','','','','','','','','','','','','09215637044','None','LP72111501786','0505050694','192-767-427','100000746503','1530-0003-8262','05-056.jpg','maricristapar72@yahoo.com'),(76,'12-069','TESSIE','TOTAï¿½A','RESURRECCION','','1974-01-19','Libmanan, Camarines Sur','Female','Filipino','Married','O',1.53,65.00,'','','','','','','','','','','','','','','09217961140','None','2004193291','05-0526526-9','949-403-643','10-000100643-0','1210-2620-9206','12-069.jpg','tessie_resat@yahoo.com'),(77,'11-066','GILDA','JUEGO','TAUPA','','1980-12-22','Sipocot, Camarines Sur','Male','Filipino','Married','AB',1.58,62.00,'','','','','','','','','','','','','','','09993840393','None','0','0505676023','264-846-216','0','0','11-066.jpg','gtaupa@yahoo.com'),(78,'12-072','APPLE JANE','BICHARA','TAGUM','','1988-10-03','Naga City','Female','Filipino','Single','O',2.50,59.00,NULL,NULL,NULL,'','','','',NULL,NULL,NULL,'','','','','09088101050','None','2003318059','05-0928884-4','434-599-438','10-050125260-8','1210-7762-4741',NULL,'tagum81@gmail. com'),(79,'94-029','ODELIO','CASITAS','MACINAS','','1970-01-30','Quezon City','Male','Filipino','Married','O',1.53,61.00,'','','','','','','','','','','','','','','','None','006-0012-4435-1','None','192-761-729','10-000051951-5','153-0000-22321','94-029.jpg','odeliom@yahoo.com'),(80,'93-022','FERNANDO','OBLIGAR','MIRANDILLA','','1969-09-25','Caima, Sipocot, Camarines Sur','Male','Filipino','Married','O',0.00,91.00,'','','','','','','','','','','','','','','','None','B69SRF0M019','0','192-767-547','10-000003026-5','0','93-022.jpg',''),(81,'91-019','IRENEO','SAN MARTIN','DELOS SANTOS','','1958-05-06','Meycauayan, Bulacan','Male','Filipino','Married','O',1.68,75.00,'','','','','','','','','','','','','','','09282470239','None','58050601895','03-3673966-3','112-540-291','10-0000030443','1560-002-2208','91-019.jpg',''),(82,'SIP00126','SANTOS','BAÑEZ','PEÑA','','1955-10-02','San Jose, Camarines Sur','Male','Filipino','Married','B',1.65,75.00,NULL,NULL,NULL,'','','','',NULL,NULL,NULL,'','','','','0','None','0','0','0','0','0',NULL,'0'),(83,'15-137','ARLE AZELA','GUERRERO','DELOS SANTOS','','1959-12-06','Sipocot, Camarines Sur','Female','Filipino','Married','O',0.00,0.00,NULL,NULL,NULL,'','','','',NULL,NULL,NULL,'','','','','09277024849/09083486726','None','0','0','0','0','0',NULL,'anzel1206@yahoo.com.ph'),(84,'SIP00037','HERMOSO','OLARTE','PEREJA','','1976-02-08','Bagacay, Libmanan, Camarines Sur','Male','Filipino','Married','O',1.70,68.00,NULL,NULL,NULL,'','','','',NULL,NULL,NULL,'','','','','09083258222','None','B7608HOP18','None','917-886-807','10-000048998-5','100095544',NULL,'hop-world @ yahoo.com.'),(85,'SIP00115','RICARDO','BARAWEL','VALENZUELA','','1986-05-25','Castillo Cabusao, Cam. Sur','Male','Filipino','Single','A',1.72,67.00,NULL,NULL,NULL,'','','','',NULL,NULL,NULL,'','','','','09198222519','None','0','34-1027134-5','282-604-575','0','0',NULL,'valence-21@yahoo.com'),(86,'SIP00122','CHERRY LYN','URI','CUYA','','1978-06-06','Binahan, Ragay, Camarines Sur','Female','Filipino','Married','O',0.00,55.00,NULL,NULL,NULL,'','','','',NULL,NULL,NULL,'','','','','09474789460','None','None','None','298-091-057','None','None',NULL,'0'),(87,'SIP00090','APRIL ELAINE','BONDAD','METRAN','','1991-04-03','Sipocot, Camarines Sur','Female','Filipino','Single','O',1.58,47.00,NULL,NULL,NULL,'','','','',NULL,NULL,NULL,'','','','','09398060302','450-6049','None','None','434-720-040','0','0',NULL,'abril elena48 @ gmail. com'),(88,'SIP00123','CHERIE','ALEMANIA','MACALINTAL','','1982-06-28','Naga City','Female','Filipino','Married','O',1.59,50.00,NULL,NULL,NULL,'','','','',NULL,NULL,NULL,'','','','','09206173330/09158993121','None','None','None','0','0','0',NULL,'chealemania@gmail. com'),(89,'SIP00107','CECILE','BERCASIO','CANTUBA','','1983-02-25','Sipocot, Camarines Sur','Female','Filipino','Married','O',0.00,47.00,NULL,NULL,NULL,'','','','',NULL,NULL,NULL,'','','','','09206998511','None','None','05-0743242-7','939-056-397','None','None',NULL,'cecilebercasio@yahoo.com'),(90,'15-138','MARICEL','CAISIP','DIOKNO','','1988-12-14','Sipocot, Camarines Sur','Female','Filipino','Single','O',1.55,50.00,'','','','','','','','','','','','','','','09468544648','None','None','0507865654','295-592-937','100501104021','None','15-138.jpg',''),(91,'15-151','JHUNAR','ANDES','MIRANDILLA','','1983-12-19','Gaongan, Sipocot, Cam. Sur','Male','Filipino','Single','O',0.00,60.00,'','','','','','','','','','','','','','','09484150486','None','None','05-0668178-7','949-404-733','None','None','15-151.jpg',''),(92,'SIP00110','NICANOR','MORCOSO','GALANG','','1993-08-15','Mancawayan, Libmanan, Cam. Sur','Male','Filipino','Single','O',1.68,55.00,NULL,NULL,NULL,'','','','',NULL,NULL,NULL,'','','','','09487497269','None','None','None','0','None','None',NULL,'nck-apuch@yahoo.com'),(93,'15-123','MARIA LILIOSA','SANTIAGO','AGOR','','1966-07-27','Sipocot, Camarines Sur','Female','Filipino','Widowed','O',0.00,49.00,'','','','','','','','','','','','','','','09109296937','None','None','05-0511046-6','192-754-090','0','0','15-123.jpg','noiagor@yahoo.com'),(94,'15-148','SONNY','DIEZA','MACHADO','','1989-05-14','Casniman St., Sipocot, Cam. Sur','Male','Filipino','Single','O',1.70,50.00,'','','','','','','','','','','','','','','09099169939','None','None','None','295-541-598','None','None','15-148.jpg','Jhunrhuin@yahoo.com'),(95,'SIP00121','KATHERINE','SANTIAGO','AGOR','','1990-08-16','Sipocot, Camarines Sur','Female','Filipino','Single','O',0.00,43.00,NULL,NULL,NULL,'','','','',NULL,NULL,NULL,'','','','','09177017184','None','None','34-2770529-9','437-265-322','None','1210-1142-4289',NULL,'katherineagor@ yahoo.com'),(96,'SIP00120','BETTY','DADO','PORNILLOS','','1981-03-08','Zamboanga City','Male','Filipino','Single','O',0.00,120.00,NULL,NULL,NULL,'','','','',NULL,NULL,NULL,'','','','','09185428015','None','None','None','0','None','None',NULL,'betty 03081981 @ gmail. com'),(97,'SIP00257','PUBLIO','MALVAR','PEYRA','','1986-06-18','Sipocot, Camarines Sur','Male','Filipino','Single','AB',0.00,55.00,NULL,NULL,NULL,'','','','',NULL,NULL,NULL,'','','','','09289403101','None','None','None','None','None','None',NULL,'0'),(98,'15-080','JOSE','ALEGRIA','ACLAN','','1952-10-06','Ragay, Camarines Sur','Male','Filipino','Married','AB',1.63,53.00,NULL,NULL,NULL,'','','','',NULL,NULL,NULL,'','','','','None','None','None','None','949-404-808','100000985346','0003-1869',NULL,'0'),(99,'15-081','ROMEO','ATENCIA','BORAGAY','','1976-06-29','Biong, Cabusao, Camarines Sur','Male','Filipino','Married','A',1.56,61.00,'','','','','','','','','','','','','','','09197121273','None','None','None','0','102008442212','121096350146','15-081.jpg',''),(100,'15-083','RANDY','HULAR','HISTA','','1985-03-15','Mangga, Sipocot, Camarines Sur','Male','Filipino','Single','A',155.50,45.00,'','','','','','','','','','','','','','','09399143583','None','None','None','0','10-000108672-8','None','15-083.jpg','blink_rico0008@yahoo.com'),(101,'15-129','GERRY','AVIZOLA','BONGALOS','','1983-09-30','Cabusao, Camarines Sur','Male','Filipinoi','Married','B',1.72,60.00,'','','','','','','','','','','','','','','09124109875','None','None','None','939-100-802','10-201214616-4','None','15-129.jpg','miguelalforte@yahoo.com'),(102,'15-150','ABRIL','QUINIANO','MAMANSAG','','1988-04-11','Naga City','Male','Filipino','Single','A',0.00,70.00,'','','','','','','','','','','','','','','09128767691','None','None','05-0926357-1','0','None','None','15-150.jpg','abrilmamansag@yahoo.com'),(103,'15-133','NESTOR','BARRUN','CORDERO','','1989-10-03','Azucena, Sipocot, Camarines Sur','Male','Filipino','Single','O',0.00,60.00,'','','','','','','','','','','','','','','09094236471','None','None','0509921415','424-145-064','10-050187940-6','912188068799','15-133.jpg','alpheuz_1933@yahoo.com'),(104,'SIP00108','ROY','OROLFO','BARRA','','1974-11-24','Sipocot, Camarines Sur','Male','Filipino','Married','O',0.00,60.00,NULL,NULL,NULL,'','','','',NULL,NULL,NULL,'','','','','09195887558','None','None','33-5997013-4','917-305-736','None','None',NULL,'roybarra@yahoo.com'),(105,'91-020','JESUSA','MEDALLADA','NOCOS','','1967-12-25','Taplacon, Camalig, Albay','Female','Filipino','Married','O',1.52,50.00,'','','','','','','','','','','','','','','09186216325','None','67122501652','None','112-540-396','100000030303','0','91-020.jpg',''),(106,'SIP00043','MARY ANN','ABAÑO','ALCALA','','1991-01-24','Malaguico, Sipocot, Camarines Sur','Female','Filipino','Single','AB',0.00,43.00,NULL,NULL,NULL,'','','','',NULL,NULL,NULL,'','','','','09482024738','None','None','None','427-598-484','None','None',NULL,'maryannalcala @ ymail. com'),(107,'SIP00041','DYMPHNA','MARASIGAN','NOLEAL','','1973-08-02','Naga City','Female','Filipino','Single','O',0.00,0.00,NULL,NULL,NULL,'','','','',NULL,NULL,NULL,'','','','','09178809293','None','None','None','None','None','None',NULL,'dymphnanoleal @ yahoo.com'),(108,'SIP00128','IMELDA','ILAGAN','BALONZO','','1949-06-06','Sipocot, Camarines Sur','Female','Filipino','Married','A',1.80,68.00,NULL,NULL,NULL,'','','','',NULL,NULL,NULL,'','','','','0','None','0','None','146-898-402','100000030397','0',NULL,'0'),(109,'SIP00042','LOVELYN','GADO','MAGDAONG','','1991-02-24','Gabi, Sipocot, Camarines Sur','Female','Filipino','Single','O',0.00,40.00,NULL,NULL,NULL,'','','','',NULL,NULL,NULL,'','','','','09463385234','None','None','None','None','None','None',NULL,'lovedianne-14 @ yahoo.com.ph'),(110,'SIP00054','ARMAN','VILLAREAL','LUDANA','','1991-09-05','Sipocot, Camarines Sur','Male','Filipino','Single','O',0.00,54.00,NULL,NULL,NULL,'','','','',NULL,NULL,NULL,'','','','','09073348732','None','None','None','None','None','None',NULL,'armanludana@yahoo.com'),(111,'SIP00020','JUDY','GALGAL','DOCTOR','','1990-07-25','Libmanan, Camarines Sur','Male','Filipino','Single','O',0.00,50.00,NULL,NULL,NULL,'','','','',NULL,NULL,NULL,'','','','','09078560755/0905364566','None','None','34-3293811-6','422-794-669','None','None',NULL,'msotero @ ymail.com'),(112,'SIP00023','ANALYN','SALAMAT','MAGDAONG','','1977-08-07','Sipocot, Camarines Sur','Female','Filipino','Married','O',0.00,50.00,NULL,NULL,NULL,'','','','',NULL,NULL,NULL,'','','','','09176067983','None','None','05-0514305-1','930-590-973','10-200851329-2','None',NULL,'analyn-0007@ yahoo.com'),(113,'15-095','NORRIS','DELOS SANTOS','BURI','','1989-09-29','Sipocot, Camarines Sur','Female','Filipino','Single','O',1.52,59.00,'','','','','','','','','','','','','','','09204835381','None','None','05-0116025-2','297-057-338','None','None','15-095.jpg','rhezg_02@yahoo.com'),(114,'15-155','PEDRO','GONZALES','OYA','','1972-06-18','Barcelonita, Cabusao, Cam. Sur','Male','Filipino','Married','O',0.00,98.00,NULL,NULL,NULL,'','','','',NULL,NULL,NULL,'','','','','09306920526','None','None','None','913-376-358','None','None',NULL,'0'),(115,'SIP00097','ERNIE','BURCE','REYNALES','','1988-09-29','Impig, Sipocot, Camarines Sur','Male','Filipino','Single','B',1.62,50.00,NULL,NULL,NULL,'','','','',NULL,NULL,NULL,'','','','','09108522982','None','None','0507149697','257-711-555','None','None',NULL,'ermical-eruz@yahoo.com'),(116,'15-143','GINEO','BALANE','JUEGO','','1982-07-11','Sipocot, Camarines Sur','Male','Filipino','Married','AB',1.66,70.00,'','','','','','','','','','','','','','','09202089341','None','None','None','947-741-879','None','None','15-143.jpg','www.nco.11282004@yahoo.com'),(117,'SIP00132','RICARDO','ODI','ARCE','','1952-02-07','Sipocot, Camarines Sur','Male','Filipino','Married','B',1.67,60.00,NULL,NULL,NULL,'','','','',NULL,NULL,NULL,'','','','','None','None','None','None','114-072-658','19-000203637-5','None',NULL,'None'),(118,'15-085','ELIZABETH','BOGATE','ESMERALDA','','1975-06-14','Calagbangan, Sipocot, Cam. Sur','Female','Filipino','Married','O',0.00,0.00,'','','','','','','','','','','','','','','09399224365','None','None','05-0510093-9','924-928-836','None','None','15-085.jpg','beth.esmeralda14@yahoo.com'),(119,'15-101','JANE','AGOR','ESCOLANO','','1988-02-08','Sipocot, Camarines Sur','Female','Filipino','Married','O',0.00,43.00,'','','','','','','','','','','','','','','09124206046','None','None','None','None','None','None','15-101.jpg','reane_09@yahoo.com'),(120,'SIP00015','EDEN','MOJICA','GUCE','','1987-12-20','Vigaan, Sipocot, Camarines Sur','Female','Filipino','Single','O',0.00,47.00,NULL,NULL,NULL,'','','','',NULL,NULL,NULL,'','','','','09071374542','None','None','05-1058866-9','433-560-706','None','None',NULL,'guceeden @yahoo.com'),(121,'15-108','JOJO','REYES','NAZ','','1985-01-29','Camalig, Albay','Male','Filipino','Single','O',0.00,63.00,'','','','','','','','','','','','','','','','None','None','05-0684529-3','947-741-896','None','None','15-108.jpg',''),(122,'15-082','JAIME','ECO','BATANGOSO','','1972-05-23','Pamukid, San Fernando, Cam. Sur','Male','Filipino','Married','A',1.64,58.00,'','','','','','','','','','','','','','','09393110839','None','None','04-0831285-3','146-027-471','None','None','15-082.jpg',''),(123,'SIP00052','LARA CARMELLA','MONGE','BALONZO','','1990-02-24','Sucat Parañaque, Metro Manila','Female','Filipino','Married','O',0.00,60.00,NULL,NULL,NULL,'','','','',NULL,NULL,NULL,'','','','','09093520430','None','None','None','0','None','None',NULL,'Laracarmella@gmail.com'),(124,'SIP00077','JOY','CORDERO','SILVA','','1976-01-11','Sipocot, Camarines Sur','Female','Filipino','Married','O',0.00,60.00,NULL,NULL,NULL,'','','','',NULL,NULL,NULL,'','','','','09488739239','None','None','05-0521-3062','942-361-250','None','121086771424',NULL,'uhe-011176 @ yahoo.com.ph'),(125,'15-086','REYMAR','CALAYO','ABOGADO','','1971-11-04','Coloy-Coloy, Impig, Sipocot, Cam. Sur','Male','Filipino','Married','O',0.00,54.00,'','','','','','','','','','','','','','','09184985115','None','None','33-430-4751-0','296-927-102','None','None','15-086.jpg',''),(126,'15-084','ERNIE MAR','AMPONGAN','VELASQUEZ','','1985-09-24','Sipocot, Camarines Sur','Male','Filipino','Single','B',0.00,60.00,'','','','','','','','','','','','','','','09465636639','None','None','0505810229','0','None','None','15-084.jpg','ernz_gns@yahoo.com'),(127,'15-114','MARILOU','CASTRICIONES','SEVILLA','','1977-11-02','Bayombong, Nueva Vizcaya','Female','Filipino','Married','O',1.52,51.00,'','','','','','','','','','','','','','','09184561311','None','None','01-1504652-2','0','06-025126794-7','None','15-114.jpg','mca2_26@yahoo.com'),(128,'SIP00048','JOAN','BILISTA','MACALINTAL','','1986-10-03','Sipocot, Camarines Sur','Female','Filipino','Married','O',0.00,45.00,NULL,NULL,NULL,'','','','',NULL,NULL,NULL,'','','','','09107090447','None','None','0507987309','0','None','None',NULL,'jho-0374@yahoo.com'),(129,'15-094','ADRIAN','CAMAING','BUENDIA','','1980-05-19','Sipocot, Camarines Sur','Male','Filipino','Married','O',0.00,70.00,'','','','','','','','','','','','','','','09215881518','None','None','33-7592091-9','231-622-338','020500206560','002190955203','15-094.jpg',''),(130,'15-159','LYNDON','PANES','SALCEDO','','1976-10-19','Dinaga, Canaman, Cam. Sur','Male','Filipino','Married','O',0.00,98.00,NULL,NULL,NULL,'','','','',NULL,NULL,NULL,'','','','','09123067663','None','0','0505514402','941-217-737','0','0',NULL,'maestro-lyndon@yahoo.com.ph'),(131,'SIP00134','Jan Aldwin','A','Maravilla','','2015-01-16','a','Male','a','Annuled','A',0.00,0.00,NULL,NULL,NULL,'','','','',NULL,NULL,NULL,'','','','','a','a','aa','a','a','a','a',NULL,'aa'),(132,'SIP00135','MARY ANN','DACILLO','ALMAZAR','','1991-07-14','North Centro, Sip. Cam. Sur','Female','Filipino','Single','O',1.53,50.00,NULL,NULL,NULL,'','','','',NULL,NULL,NULL,'','','','','09102231824','None','0','0','0','0','0',NULL,'almazar. maryaan14@gmail.com'),(133,'SIP00136','ERWIN','ALAY','LLAME','','1993-12-18','Libmanan, Camarines Sur','Male','Filipino','Single','O',1.63,52.00,NULL,NULL,NULL,'','','','',NULL,NULL,NULL,'','','','','09073553779','0','0','0','0','0','0',NULL,'erwinllame@yahoo.com'),(134,'SIP00137','LORENZO','BALOLOY','AZUR','','1961-04-21','Naga City','Male','Filipino','Single','A',1.67,80.00,NULL,NULL,NULL,'','','','',NULL,NULL,NULL,'','','','','09196981047','0','0','05-0193044-6','939-050-947','10-025040090-4','0',NULL,'junyazur@yahoo.com.'),(135,'SIP00138','MAR FELIX','VELASCO','JARDINEL','','1993-08-22','Buhi, Camarines Sur','Male','Filipino','Single','A',0.00,49.00,NULL,NULL,NULL,'','','','',NULL,NULL,NULL,'','','','','09482988799','0','0','0','0','0','0',NULL,'fbelix.Jardinel@yahoo.com'),(136,'15-140','AILEEN','FLORESCA','PAITAN','','1992-01-26','Libmanan, Camarines Sur','Female','Filipino','Single','A',0.00,46.00,'','','','','','','','','','','','','','','09155170295','None','None','0510863546','422-587-938-000','03-025339281-5','None','15-140.jpg',''),(137,'SIP00140','CHRISTIAN','CAMIGLA','SAN JUAN','','1985-01-28','Cabusao, Camarines Sur','Male','Filipino','Married','A',0.00,63.00,NULL,NULL,NULL,'','','','',NULL,NULL,NULL,'','','','','09107655000','0','None','3422072121','259-073-672-000','02-025118970-7','1210-3417-9269',NULL,'0'),(138,'15-109','AIZA','NOLASCO','BELLEN','','1991-08-03','Sipocot, Camarines Sur','Female','Filipino','Single','O',1.67,50.00,NULL,NULL,NULL,'','','','',NULL,NULL,NULL,'','','','','09108074712','None','None','0111-18801268','None','None','None',NULL,'aizaumalinolasco@yahoo.com'),(139,'SIP00190','ELIZABETH','BONAVENTE','MAGLAYA','','1982-11-04','Sipocot, Camarines Sur','Female','Filipino','Married','O',0.00,54.00,NULL,NULL,NULL,'','','','',NULL,NULL,NULL,'','','','','09104779839','None','None','3371279884','212-073-715-000','None','None',NULL,'chamiel-maglaya@yahoo.com'),(140,'SIP00143','JOREN','MATOCIÑOS','DELOS SANTOS','','1986-06-05','Legazpi City','Male','Filipino','Single','O',0.00,80.00,NULL,NULL,NULL,'','','','',NULL,NULL,NULL,'','','','','09461561124','None','None','05-10123314','None','None','None',NULL,'DJOREN13 @ YAHOO.COM'),(141,'15-160','SHAYNE CLEO','CANDELARIA','SAPE','','1991-06-09','Dalupaon, Pasacao, Cam. Sur','Female','Filipino','Single','O',0.00,0.00,'','','','','','','','','','','','','','','09486168686','0','0','0510181105','295-028-991','10-20-1484308-3','0','15-160.jpg','shayne.sape@yahoo.com'),(142,'15-116','JESSICA','DESPABILADERAS','SILVERIO','','1982-07-16','Sorsogon City','Female','Filipino','Married','O',0.00,47.00,'','','','','','','','','','','','','','','09498006925','None','0','33-9691115-6','241-074-134-000','02-050182601-5','0','15-116.jpg','Jhie.silverio@yahoo.com'),(143,'SIP00146','ERWIN','CANDELARIA','TIMBAL','','1986-05-14','Barcelonita, Cabusao, Cam. Sur','Male','Filipino','Single','O',0.00,65.00,NULL,NULL,NULL,'','','','',NULL,NULL,NULL,'','','','','09102142081','0','0','05-07311506','949-403-669','02-025308459-7','0',NULL,'erwin - 1486@yahoo.com'),(144,'SIP00147','ALVIN','BELGA','CAR','','1991-06-23','Sipocot, Camarines Sur','Male','Filipino','Single','O',0.00,78.00,NULL,NULL,NULL,'','','','',NULL,NULL,NULL,'','','','','09123612446','0','0','05-1202207-1','451-483-981-000','0','0',NULL,'car-alvin@yahoo.com'),(145,'SIP00148','ARLYN','LORENA','AQUINO','','1993-10-05','Bulawan Sr. Lupi, Camarines Sur','Female','Filipino','Single','O',0.00,45.00,NULL,NULL,NULL,'','','','',NULL,NULL,NULL,'','','','','09278667466','0','0','0','0','0','0',NULL,'0'),(146,'15-154','DARREL','MERENCIANO','OCAMPO','','1992-12-23','Tara, Sipocot, Camarines Sur','Male','Filipino','Single','O',0.00,148.00,NULL,NULL,NULL,'','','','',NULL,NULL,NULL,'','','','','09461931175','0','0','0','0','0','0',NULL,'mickey23@yahoo.com'),(147,'14-079','GRACE','LAGUARDIA','NEGRETE','','1973-06-25','Sipocot, Camarines Sur','Female','Filipino','Married','O',1.25,58.00,'','','','','','','','','','','','','','','09093511078','0','73062500872','504973109','189-394-264','a','1530-0079-5179','14-079.jpg','negretegrace@yahoo.com'),(148,'SIP00151','RUBY ANGELA','DE OSIO','PEÑA','','1991-07-01','Calabanga, Camarines Sur','Female','Filipino','Single','O',0.00,0.00,NULL,NULL,NULL,'','','','',NULL,NULL,NULL,'','','','','09096150913/09164296405','None','0','0','0','0','0',NULL,'missruby010@yahoo.com'),(149,'15-139','DARIO','DEL ROSARIO','ESCALANTE','','1964-11-21','Libmanan, Camarines Sur','Male','Filipino','Married','O',0.00,61.00,NULL,NULL,NULL,'','','','',NULL,NULL,NULL,'','','','','09192547725/09203554077','None','0','05-0279389-9','0','0','0',NULL,'khalidabdollah64@Y.C.'),(150,'SIP00153','Ma. Czarina','A','Sanao','','2015-01-16','a','Female','a','Single','O',0.00,0.00,NULL,NULL,NULL,'','','','',NULL,NULL,NULL,'','','','','a','a','a','a','a','a','a',NULL,'a'),(151,'15-120','JAMES','ANTONIO','TRANQUILINO','','1991-10-27','San Juan, Canaman, Cam. Sur','Male','Filipino','Single','O',0.00,57.00,NULL,NULL,NULL,'','','','',NULL,NULL,NULL,'','','','','09493751865','None','0','0','440-924-020-000','0','0',NULL,'jhymz-80@yahoo.com'),(152,'SIP00155','KIMBERLY','TARIMAN','BRIONES','','1994-03-11','Libmanan, Camarines Sur','Female','Filipino','Single','O',0.00,50.00,NULL,NULL,NULL,'','','','',NULL,NULL,NULL,'','','','','09486988891','None','0','0','0','0','0',NULL,'brioneskimberly01@yahoo.com'),(153,'15-103','MARITES','CALDERON','GABRIEL','','1994-03-29','Sipocot, Camarines Sur','Female','Filipino','Single','O',1.45,38.00,'','','','','','','','','','','','','','','09303742183','None','None','None','0','0','0','15-103.jpg','gabriel_marites29@yahoo.com'),(154,'SIP00157','Reynel','S','Moratalla','','2015-01-16','a','Male','a','Single','O',0.00,0.00,NULL,NULL,NULL,'','','','',NULL,NULL,NULL,'','','','','a','a','a','a','a','a','a',NULL,'a'),(155,'15-098','ALFREDO','MIRATE','CORONADO','','1988-09-14','Libmanan, Camarines Sur','Male','Filipiuno','Single','O',0.00,65.00,'','','','','','','','','','','','','','','09483474751','None','None','None','None','None','None','15-098.jpg',''),(156,'15-091','VICENTE','BALBUENA','BALLANO','','1979-11-27','San Isidro, Sipocot, Cam. Sur','Male','Filipino','Married','O',0.00,58.00,NULL,NULL,NULL,'','','','',NULL,NULL,NULL,'','','','','09493590713','None','None','None','None','None','None',NULL,'None'),(157,'SIP00160','Melanie','A','Perfecto','','2015-01-16','a','Male','a','Annuled','O',0.00,0.00,NULL,NULL,NULL,'','','','',NULL,NULL,NULL,'','','','','a','a','a','a','a','a','a',NULL,'a'),(158,'15-087','MARIA CRISTINA','MARQUEZ','ADRIANO','','1985-03-29','Libmanan, Camarines Sur','Female','Filipino','Married','A',0.00,46.00,'','','','','','','','','','','','','','','09108412858','None','None','None','None','None','None','15-087.jpg','Adrianoglenbert@yahoo.com'),(159,'SIP00162','KIMBERLY','GARCIA','REMOLLENA','','1992-12-02','Sipocot, Camarines Sur','Female','Filipino','Single','O',1.50,61.00,NULL,NULL,NULL,'','','','',NULL,NULL,NULL,'','','','','09461932211','None','None','05-1183373-7','None','None','None',NULL,'kimberly.remollena @yahoo.com'),(160,'SIP00163','Allan','A','Falcunaya','','2015-01-16','a','Male','a','Annuled','A',0.00,0.00,NULL,NULL,NULL,'','','','',NULL,NULL,NULL,'','','','','a','a','a','a','a','a','a',NULL,'a'),(161,'SIP00164','MARIA GISELLE','ARTIAGA','CORTEZANO','','1986-12-15','Buenavista, Quezon','Female','Filipino','Single','A',0.00,55.00,NULL,NULL,NULL,'','','','',NULL,NULL,NULL,'','','','','09464391200','None','None','0005-079664-0','281-514-148','1205-080-19764','0',NULL,'giselleartiaga@gmail.com'),(162,'SIP00165','Angeline','A','Reynales','','2015-01-16','a','Male','a','Annuled','A',0.00,0.00,NULL,NULL,NULL,'','','','',NULL,NULL,NULL,'','','','','a','a','a','a','a','a','a',NULL,'a'),(163,'15-117','LELIA','CANDELARIA','TAYA','','1994-07-16','Sipocot, Camarines Sur','Male','Filipino','Single','O',0.00,45.00,'','','','','','','','','','','','','','','09073252587','None','None','None','None','None','None','15-117.jpg',''),(164,'SIP00167','Michael','A','Asis','','2015-01-16','a','Male','a','Annuled','A',0.00,0.00,NULL,NULL,NULL,'','','','',NULL,NULL,NULL,'','','','','a','a','a','a','a','a','a',NULL,'a'),(165,'SIP00129','MELISSA LARA','CELSO','CALISURA','','1990-11-29','La Purisima St. Goa, Cam. Sur','Female','Filipino','Single','O',1.55,42.00,NULL,NULL,NULL,'','','','',NULL,NULL,NULL,'','','','','09296860957','None','none','none','412-532-514-000','none','none',NULL,'melisacalisura@yahoo.com'),(166,'SIP00173','VERNAFE','VELASCO','CARIOS','','1976-08-07','Guinobatan, Albay','Female','Filipino','Married','O',0.00,140.00,NULL,NULL,NULL,'','','','',NULL,NULL,NULL,'','','','','09075204392','None','None','33-4837761-5','None','100250915491','None',NULL,'SHYNEVELAS @ HOTMAIL. COM'),(167,'SIP00175','MARK LORET','NAVARROZA','TED','','1994-05-09','Azucena, Sipocot, Cam. Sur','Male','FILIPINO','Single','A',1.74,6100.00,NULL,NULL,NULL,'','','','',NULL,NULL,NULL,'','','','','09486890877','None','0','0','0','0','0',NULL,'tedmarkloret @gmail.com'),(168,'SIP00183','JOHN DOMINICK','AGOMAA','LIMON','','1990-04-01','Gubat Sorsogon','Male','Filipino','Single','A',0.00,0.00,NULL,NULL,NULL,'','','','',NULL,NULL,NULL,'','','','','09354503872','None','0','0','0','0','0',NULL,'lemslimon @ yahoo.com'),(170,'15-122','RAMILITO','BARCITA','VICTORINO','','1973-12-07','CABUSAO, CAMARINES SUR','Male','FILIPINO','Married','O',0.00,0.00,'','','','','','','','','','','','','','','','0','0','0','0','0','0','15-122.jpg',''),(171,'15-111','EARL JAY','TALAY','RUZ','','1993-09-26','Libmanan, Camarines Sur','Male','Filipino','Single','O',0.00,63.00,'','','','','','','','','','','','','','','09489109843','None','0','0','0','0','0','15-111.jpg','ruzearljay@yahoo.com'),(172,'15-119','DENNIS','SAMAR','TOLEDO','','1973-12-07','Mambayawas, Libmanan, Cam. Sur','Male','Filipino','Married','A',1.60,60.00,NULL,NULL,NULL,'','','','',NULL,NULL,NULL,'','','','','09098302562','None','None','33-1451309-9','147-454-887','10-050121347-5','1530-0019-1787',NULL,'None'),(173,'SIP00176','CHERYLIZ','QUINTANO','NOBLEZA','','1984-11-28','Lupi, Camarines Sur','Female','Filipino','Single','O',1.58,47.00,NULL,NULL,NULL,'','','','',NULL,NULL,NULL,'','','','','09094785917','None','None','0505930604','303-031-879-000','None','None',NULL,'cheryliznobleza 28@gmail.com'),(174,'SIP00177','REMIER','JIMENEZ','CALATAY','','1994-08-11','Bigajo, Norte, Libmanan, Cam. Sur','Male','Filipino','Single','O',0.00,72.00,NULL,NULL,NULL,'','','','',NULL,NULL,NULL,'','','','','09469585136','None','None','None','None','None','None',NULL,'recalatay @ yahoo.com'),(176,'SIP00179','ARLIN','MOJICA','GIRON','','1987-08-17','Sipocot, Camarines Sur','Female','Filipino','Single','AB',0.00,58.00,NULL,NULL,NULL,'','','','',NULL,NULL,NULL,'','','','','09391229766','None','None','05-0661671-0','305-358-724','10-025067-001','None',NULL,'arlingiron 17@gmail.com'),(177,'SIP00181','ALDEN','DE LEON','ALTAMARINO','','1982-10-10','Lucena City','Male','Filipino','Married','O',0.00,56.00,NULL,NULL,NULL,'','','','',NULL,NULL,NULL,'','','','','None','None','None','33-7531188-7','947-751-476','None','None',NULL,'altarmarinoalden @ yahoo.com.'),(178,'SIP00180','CARMYLLE','DORADO','DE LEON','','1994-06-06','Naga City','Female','Filipino','Single','O',0.00,52.00,NULL,NULL,NULL,'','','','',NULL,NULL,NULL,'','','','','09161174964','474-0142','None','05-1099609-9','None','100502098335','1211-27913264553783',NULL,'deleoncarmylle@hmail.com'),(179,'SIP00182','SIGRIO NICOLE','DECANO','PAET','','1994-06-10','F. Simeon, Ragay, Camarines Sur','Female','Filipino','Single','O',0.00,45.00,NULL,NULL,NULL,'','','','',NULL,NULL,NULL,'','','','','09303810202','None','None','None','None','None','None',NULL,'0'),(180,'SIP00184','ERMAR','PEREZ','AUREUS','','1992-08-07','Libmanan, Camarines Sur','Male','Filipino','Single','O',0.00,0.00,NULL,NULL,NULL,'','','','',NULL,NULL,NULL,'','','','','09102695909','None','0','0','0','0','0',NULL,'ermarperezaureus @ gmail.com'),(181,'SIP00185','RONIEL','IBAÑEZ','VELASCO','','1988-04-11','Panaytayan, Ragay','Male','Filipino','Married','O',0.00,49.00,NULL,NULL,NULL,'','','','',NULL,NULL,NULL,'','','','','09076092810','None','None','34-30492219-4','None','None','None',NULL,'velascoroniel@yahoo.com'),(182,'15-178','DIOSDADO','NABORA','CANDELARIA','','1972-12-03','Yabo, Sipocot, Camarines Sur','Male','Filipino','Married','O',1.67,53.00,NULL,NULL,NULL,'','','','',NULL,NULL,NULL,'','','','','09208496997','None','None','None','None','None','None',NULL,'None'),(183,'SIP00201','JUAN','PANGANIBAN','GABON','','1976-11-12','Sipocot, Camarines Sur','Male','Filipino','Single','A',0.00,85.00,NULL,NULL,NULL,'','','','',NULL,NULL,NULL,'','','','','09985510360','None','None','334998924-5','None','10-25116486-4','None',NULL,'servs-89@yahoo.com'),(185,'SIP00186','SOLEDAD','KENE','CENA','','1961-11-09','Sagrada, Sipocot, Camarines Sur','Female','Filipino','Married','B',1.33,49.00,NULL,NULL,NULL,'','','','',NULL,NULL,NULL,'','','','','09076615330','None','None','None','None','None','None',NULL,'None'),(186,'SIP00193','MARICEL JOSUA','GENOVA','MATRIANO','','1995-10-12','Cabusao, Cam. Sur','Female','Filipino','Single','O',0.00,46.00,NULL,NULL,NULL,'','','','',NULL,NULL,NULL,'','','','','09461685370','None','None','0512292429','None','None','None',NULL,'Majoma 12 - gemat @ y.c.'),(187,'SIP00174','BRYAN','FRONDOZO','FUERTE','','1992-04-01','Sipocot, Camarines Sur','Male','Filipino','Single','O',0.00,68.00,NULL,NULL,NULL,'','','','',NULL,NULL,NULL,'','','','','09485936597','None','None','None','None','None','None',NULL,'fuerte - bryan @ yahoo.com.ph'),(188,'SIP00191','MYLA','CORDERO','CORTEZANO','','1984-09-19','Sipocot, Camarines Sur','Female','Filipino','Married','B',1.70,50.00,NULL,NULL,NULL,'','','','',NULL,NULL,NULL,'','','','','09468401684','054-238-2021','02003733717','None','941-214-750-000','10-000088748-4','913198196989',NULL,'my223128@gmail,com'),(189,'SIP00198','FRODELISA','NAPERI','QUIOBE','','1974-04-22','Sipocot, Camarines Sur','Female','Filipino','Single','O',0.00,50.00,NULL,NULL,NULL,'','','','',NULL,NULL,NULL,'','','','','None','None','None','05-0552193-2','948-696-804','None','None',NULL,'Flordelizaquiobe @ yahoo.com'),(190,'15-165','RUEL','LABRADOR','BAUTISTA','','1990-10-05','Inalahan, Libmanan, Cam. Sur','Male','Filipino','Single','O',0.00,49.00,NULL,NULL,NULL,'','','','',NULL,NULL,NULL,'','','','','09207860856','None','None','None','None','None','None',NULL,'melbaustista 43 @ yahoo.com'),(191,'SIP00200','JAYSON','MAGANTE','PAREÑO','','1991-12-11','Libmanan, Camarines Sur','Male','Filipino','Single','O',0.00,52.00,NULL,NULL,NULL,'','','','',NULL,NULL,NULL,'','','','','09487841003','None','None','05-1243101-5','None','None','None',NULL,'jayson-pareno @ yahoo.com'),(192,'SIP00203','FIEL','ESIO','BANDOJO','','1991-07-21','Sipocot, Camarines Sur','Male','FILIPINO','Single','O',0.00,56.00,NULL,NULL,NULL,'','','','',NULL,NULL,NULL,'','','','','09307601307','None','NONE','NONE','NONE','NONE','NONE',NULL,'None'),(193,'SIP00204','HEMEBEL','BALONZO','CRISTO','','1994-08-31','Libmanan, Camarines Sur','Female','FILIPINO','Single','O',1.60,47.00,NULL,NULL,NULL,'','','','',NULL,NULL,NULL,'','','','','09107693629','None','None','05-1267644-3','None','1211-2651-1715','None',NULL,'hemebelcristo @ gmai;. com'),(194,'SIP00197','ALVIN','GARCIA','ZALDUA','','1990-12-18','Tagaytay City','Male','FILIPINO','Married','O',1.67,70.00,NULL,NULL,NULL,'','','','',NULL,NULL,NULL,'','','','','09072692318','None','None','None','439-049-452','None','1210-9526-2212',NULL,'alvinzaldua@yahoo.com'),(195,'SIP00206','SARAH JEAN','VELARDE','ZARATAR','','1993-03-08','Sipocot, Camarines Sur','Female','Filipino','Single','O',0.00,51.00,NULL,NULL,NULL,'','','','',NULL,NULL,NULL,'','','','','09291551647','None','None','None','None','None','None',NULL,'sarahjeanzaratar @ yahoo.com'),(196,'SIP00207','LIZ','CUENCA','MARQUEZ','','1989-09-12','Angeles City, Pampanga','Female','Filipino','Single','O',1.68,52.00,NULL,NULL,NULL,'','','','',NULL,NULL,NULL,'','','','','09468010731','Nonr','None','05-1113334-3','None','10-050181243-3','None',NULL,'ljmarqz@gmail.com'),(197,'SIP00210','ARTURO','RASONABLE','CREDO','','1989-04-30','Bigajo Sur, Libmanan, Camarines Sur','Male','Filipino','Married','O',0.00,64.00,NULL,NULL,NULL,'','','','',NULL,NULL,NULL,'','','','','09469585020','None','None','34-7037407-0','None','102019022576','None',NULL,'Arthcredz @ yahoo.com'),(198,'SIP00209','ANTONIO','AMPONGAN','ALTEZA','','1976-11-12','Iriga City','Male','Filipino','Married','O',1.63,61.00,NULL,NULL,NULL,'','','','',NULL,NULL,NULL,'','','','','0939122927','None','02-004046023','05-0803855-5','926-135-443','10-000068901-1','1210-7896-1869',NULL,'tony-alteza @ yahoo.com'),(199,'15-179','MARIA AILEEN','PANCIPANE','DE LEON','','1973-10-26','Sipocot, Camarines Sur','Female','Filipino','Married','AB',0.00,45.00,'','','','','','','','','','','','','','','','','None','None','917-881-086','None','None','15-179.jpg',''),(200,'SIP00213','NORMAN','MARMOL','GUTIERREZ','','1987-06-05','Casay Lupi, Camarines Sur','Male','Filipino','Single','AB',0.00,65.00,NULL,NULL,NULL,'','','','',NULL,NULL,NULL,'','','','','09397644690','None','02004071466','37-0784127-0','285-185-781','10-000102440-40','1210-3924-7976',NULL,'oman gutierrez15 @ g.mail'),(201,'15-185','JOSEPH','VELASQUEZ','PEÑANO','','1993-10-09','Sipocot, Camarines Sur','Male','Filipino','Single','O',162.00,57.00,'','','','','','','','','','','','','','','09128970826','None','None','None','None','None','None','15-185.jpg','josephpenano11@gmail.com'),(202,'SIP00221','JERRY','YAGUEL','AGUILAR','','1979-06-01','Cabusao, Camarines Sur','Male','Filipino','Single','A',1.73,79.00,NULL,NULL,NULL,'','','','',NULL,NULL,NULL,'','','','','09064730467','None','None','0507128540','263-277-906','None','102001686874',NULL,'pinks-aguilar @yahoo.com'),(203,'SIP00215','RAZZEL','BONAVENTE','CASAUL','','1995-01-01','Sta Cruz, Tula-Tula, Sipocot, Cam. Sur','Female','Filipino','Single','O',1.63,47.00,NULL,NULL,NULL,'','','','',NULL,NULL,NULL,'','','','','09120175548','None','0','0','0','0','0',NULL,'0'),(204,'SIP00225','REGGIE','VIVAS','SERGIO','','1991-01-24','Naga City','Male','Filipino','Single','O',0.00,56.00,NULL,NULL,NULL,'','','','',NULL,NULL,NULL,'','','','','09302580382','None','None','0512162685','None','10-050211819-0','None',NULL,'reggiesergio @ yahoo.com'),(205,'15-188','R-JAY','SALEN','LAMADRID','','1992-04-30','Purok 4, Dagang, Paracale, Camarines Norte','Male','Filipino','Single','O',1.63,52.00,'','','Zone V','Impig','Sipocot','Camarines Sur','4408','','Bahay Sagip','Purok 1A','San Roque','Mercedes','Camarines Norte','4601','09109969981','','','','471-177-512-000','','','15-188.png','rjay.lamadrid@hotmail.com'),(206,'15-190','NORIANNE','ALOC','CALLEJA','','1993-07-15','Camarines Norte','Female','Filipino','Separated','A',1.52,50.00,NULL,NULL,NULL,'','','','',NULL,NULL,NULL,'','','','','09998302086/09265635705','None','','0','472-998-827','0','0',NULL,'norianne.calleja @ gmail. com'),(207,'SIP00220','RHYAN','LEOBIT','RIL','','1991-11-27','Labao, Libmanan, Camarines Sur','Male','Filipino','Single','O',1.76,75.00,NULL,NULL,NULL,'','','','',NULL,NULL,NULL,'','','','','09096832075','None','0','0','0','0','0',NULL,'rilrhyan @ yahoo.com'),(208,'SIP00224','JULUIS CEAZAR','CUADRA','EBUENGA','','1999-07-22','Sipocot, Camarines Sur','Male','Filipino','Single','O',0.00,60.00,NULL,NULL,NULL,'','','','',NULL,NULL,NULL,'','','','','093976675292','None','0','0','0','0','0',NULL,'JHULYAN 24 @Yahoo.com'),(209,'SIP00223','KATHLEEN','MARPURI','CAMACHO','','1993-12-28','Naga City','Male','Filipino','Single','O',152.00,45.00,NULL,NULL,NULL,'','','','',NULL,NULL,NULL,'','','','','09484020297','None','0','0','0','0','0',NULL,'kathleen.camacho @ ymail. com'),(210,'SIP00214','JOVELITO','PEÑAS','PALO','','1978-04-30','Libmanan, Cam. Sur','Male','Filipino','Single','B',165.00,70.00,NULL,NULL,NULL,'','','','',NULL,NULL,NULL,'','','','','None','None','0','33-6501537-1','917-885-747-067','None','None',NULL,'toto-palo @atenista.net'),(211,'SIP00232','JOHN MARCO','CASPE','BALANE','','1986-10-02','Camaligan, Camarines Sur','Male','Filipino','Married','B',175.20,102.00,NULL,NULL,NULL,'','','','',NULL,NULL,NULL,'','','','','09498442413','None','None','None','None','080510520010','None',NULL,'JohnMarco Balane @ yahoo.com'),(212,'SIP00212','CHRISTIAN','RUBIO','MILLENA','','1990-08-09','Sipocot, Camarines Sur','Male','Filipino','Single','B',179.00,85.00,NULL,NULL,NULL,'','','','',NULL,NULL,NULL,'','','','','09462969314','None','None','None','000-088-079','None','None',NULL,'None'),(213,'15-183','JONEL','FRANCISCO','CASTAÑEDA','','1990-01-06','Libmanan, Camarines Sur','Male','Filipino','Single','A',0.00,48.00,'','','','','','','','','','','','','','','09093759921','None','None','05-0975296-9','None','102022874494','None','15-183.jpg','Castanedajonel@yahoo.com'),(214,'15-186','JAMES','BALIZA','VALENCIA','','1984-12-12','Libmanan, Cam. Sur','Male','Filipino','Single','O',0.00,55.00,NULL,NULL,NULL,'','','','',NULL,NULL,NULL,'','','','','09123060128','None','None','None','None','None','None',NULL,'None'),(215,'17-157','JO-ANN MICHELLE','RODERNO','DIO','','1989-02-26','Sipocot, Camarines Sur','Female','Filipino','Single','O',5.20,56.00,'','','','','','','','','','','','','','','09074494458','None','None','05-0964718-4','None','None','None','17-157.jpg',''),(216,'SIP00230','MICHAEL DRANREB','CELESTE','DAMISIL','','1986-09-08','Central East Bauan La Union','Male','Filipino','Single','O',0.00,82.00,NULL,NULL,NULL,'','','','',NULL,NULL,NULL,'','','','','09266801844','None','None','None','None','None','None',NULL,'dranebdamisil @Gmail.com'),(217,'16-191','ROEL','PEï¿½AREDONDO','RIONDANGA','','1981-11-06','Loba-Loba, Libmanan, Cam. Sur','Male','Filipino','Married','O',1.60,50.00,'','','','','','','','','','','','','','','09083673148','None','None','None','282-639-991','None','None','16-191.jpg',''),(218,'16-192','JEANETH','JARDINEL','PAILANO','','1986-12-11','Sipocot, Camarines Sur','Male','Filipino','Single','O',0.00,49.00,NULL,NULL,NULL,'','','','',NULL,NULL,NULL,'','','','','09367679554','None','None','342351654-7','947-744-856','None','None',NULL,'None'),(219,'SIP00235','RUTH','LUCERO','ABERGOS','','1988-07-22','South Centro, Sipocot, Cam. Sur','Female','Filipino','Single','O',0.00,0.00,'','','','','','','','','','','','','','','09471403000','None','0','0','0','0','0','SIP00235.jpg',''),(220,'SIP00236','RONALD JAMES','CONDINO','REIL','','1995-08-15','Naga City','Male','Filipino','Single','O',1.57,52.00,NULL,NULL,NULL,'','','','',NULL,NULL,NULL,'','','','','09950854358','None','None','None','None','None','None',NULL,'olanorsema.reilcute @gmail.com'),(221,'SIP00239','MAY COLEEN','DE LEON','GAOR','','1992-12-03','Sipocot, Camarines Sur','Female','Filipino','Single','B',0.00,58.00,NULL,NULL,NULL,'','','','',NULL,NULL,NULL,'','','','','09481176478','None','None','None','None','None','None',NULL,'maycoleendeleon @yahoo.com'),(222,'16-198','ALVIN','LUNA','ARINGO','','1995-10-02','Lupi, Camarines Sur','Male','Filipino','Single','O',0.00,58.00,'','','','','','','','','','','','','','','09128413960','None','None','None','None','None','None','16-198.jpg','vinaringo02@gmail.com'),(223,'SIP00241','RUTCHEL','MAGADIA','MAGPANTAY','','1981-06-08','Sipocot, Camarines Sur','Female','Filipino','Married','O',0.00,45.00,NULL,NULL,NULL,'','','','',NULL,NULL,NULL,'','','','','09199571704','None','None','33-9162137-3','None','1002-5225-1671','None',NULL,'Rutchelmagpantay@yahoo.com'),(224,'SIP00240','IMELDA','SENOSIN','DEL ROSARIO','','1968-01-01','Minalabac, Cam. Sur','Female','Filipino','Widowed','B',0.00,47.00,NULL,NULL,NULL,'','','','',NULL,NULL,NULL,'','','','','09175145031','None','006-0091-7721-3','0','196-648-524','10-000063508-6','0',NULL,'idelrosario 14 @yahoo com'),(225,'SIP00243','SIEGLEND','OCAMPO','DE LEON','','1994-08-26','South Centro, Sipocot, Cam. Sur','Female','Filipino','Single','O',0.00,41.00,NULL,NULL,NULL,'','','','',NULL,NULL,NULL,'','','','','09212172149','None','0','05-1314752-8','0','1025-1537-3850','0',NULL,'sieglendanndeleon@yahoo.com'),(226,'SIP00244','RACHEL','LAGUA','CARILLO','','1996-01-19','Sipocot, Camarines Sur','Female','Filipino','Single','B',0.00,50.00,NULL,NULL,NULL,'','','','',NULL,NULL,NULL,'','','','','09073772812','None','None','05-1289662-1','326-488-309','100502372313','1221-5736-1409',NULL,'rchi-carillo@yahoo.com'),(227,'16-128','DICK HARENCE','SAMONTE','DELA VEGA','','1994-03-06','San Lorenzo Ruiz, Camarines Norte','Male','Filipino','Single','O',14.65,55.00,NULL,NULL,NULL,'','','','',NULL,NULL,NULL,'','','','','09175039847','None','None','None','None','None','None',NULL,'dickdelavega@live.com.ph'),(228,'SIP00248','LIEZEL','GIANAN','PELAGIO','','1994-11-03','Libmanan, Camarines Sur','Female','Filipino','Married','O',1.52,41.00,NULL,NULL,NULL,'','','','',NULL,NULL,NULL,'','','','','09124155139','None','None','None','None','None','None',NULL,'liez.gianan@yahoo.com'),(229,'SIP00246','NATHALIE MAE','ESTILLANA','UBALDE','','1996-01-08','Sipocot, Camarines Sur','Male','Filipino','Single','O',1.25,40.00,NULL,NULL,NULL,'','','','',NULL,NULL,NULL,'','','','','091289499070','None','None','None','None','None','None',NULL,'None'),(230,'16-131','MERCY','MARANAN','ALMONTE','','1986-11-26','Bikal, Libmanan, Camarines Sur','Female','Filipino','Married','B',0.00,48.00,'','','','','','','','','','','','','','','09104143204','None','None','04-1635191-6','239-123-296','08-050525125-7','None','16-131.jpg','almonte_mercy@yahoo.com'),(231,'SIP00253','NELJANE','SORABIA','HERNANDO','','1994-12-13','Zamboanga Del Sur','Female','Filipino','Single','O',1.57,53.00,NULL,NULL,NULL,'','','','',NULL,NULL,NULL,'','','','','09300320778','None','None','None','None','None','None',NULL,'neljane-pretty 20@yahoo.com'),(232,'SIP00251','DAISY','ARTUZ','SUPANGA','','1983-05-20','Castillo, Cabusao, Camarines Sur','Female','Filipino','Single','O',0.00,0.00,NULL,NULL,NULL,'','','','',NULL,NULL,NULL,'','','','','09752682612','None','None','None','None','None','None',NULL,'None'),(233,'16-199','ALYSSA CLAIRE','MARTINEZ','VILLANO','','1996-06-08','Lupi, Camarines Sur','Female','Filipino','Single','O',1.52,47.00,NULL,NULL,NULL,'','','','',NULL,NULL,NULL,'','','','','09308856646','None','None','None','None','None','None',NULL,'lysvillano@gmail.com'),(234,'16-127','ARCE','DEFEO','BELLERE','','1976-11-15','San Juan Ave., Sipocot, Cam. Sur','Male','Filipino','Single','O',1.58,69.00,'','','','','','','','','','','','','','','','','None','3376509287','None','19-0894758559-0','None','16-127.jpg','arcedbellere@yahoo.com'),(235,'16-252','ALDIN','DELA CRUZ','ECHIPARE','','1992-03-15','Sta Lutgarda, Cabusao, Cam. Sur','Male','Filipino','Single','O',0.00,60.00,'','','','','','','','','','','','','','','09489410725','None','None','None','None','None','None','16-252.jpg','aldin.echipare@yahoo.com'),(236,'SIP00255','RUZEL','DELA TORRE','BENDO','','1994-05-21','Sipocot, Camarines Sur','Male','Filipino','Single','O',0.00,81.00,NULL,NULL,NULL,'','','','',NULL,NULL,NULL,'','','','','09073874373','None','None','05-1268870-3','None','10-025215525-7','None',NULL,'ruzel-bendo@yahoo.com'),(237,'16-121','MARY CRIS','CANUELO','AMOR','','1995-03-28','Sipocot, Camarines Sur','Female','Filipino','Married','O',0.00,460.00,NULL,NULL,NULL,'','','','',NULL,NULL,NULL,'','','','','09187420740','None','None','None','None','None','None',NULL,'canuelomarycris@yahoo.com'),(238,'SIP00259','ZALDY','VELASCO','JARDINEL','','1996-03-27','Sipocot, Camarines Sur','Male','Filipino','Single','B',1.65,45.00,NULL,NULL,NULL,'','','','',NULL,NULL,NULL,'','','','','09278941581\09491866061','None','None','None','None','None','None',NULL,'Jhayar Jardinel.jj@gmail.com'),(239,'16-125','SARAH JEAN','MONOY','CASULLA','','1993-01-09','Sipocot, Camarines Sur','Female','Filipino','Single','O',0.00,54.00,'','','','','','','','','','','','','','','09487798515','None','None','057322836-6','None','10-025256736-9','None','16-125.jpg','sarahjeancasulla@gmail.com'),(240,'SIP00264','ARIEL','LAAD','NEPOMUCENO','','1994-01-20','Naga City','Male','Filipino','Single','O',0.00,73.00,NULL,NULL,NULL,'','','','',NULL,NULL,NULL,'','','','','09487286681','None','None','None','None','None','None',NULL,'arielnepomuceno20 @gmail.com'),(241,'SIP00260','JANELLE','BONGAT','CREDO','','1987-01-02','Rosario, Pasig Manila','Female','Filipino','Married','O',0.00,45.00,NULL,NULL,NULL,'','','','',NULL,NULL,NULL,'','','','','None','None','None','05-0740469-1','296-288-631','10-050069781-9','None',NULL,'nelle-ja 351@yahoo.com'),(242,'SIP00261','BERNADETH','MUJAR','CANAVE','','1987-08-18','Camalig, Albay','Female','Filipino','Married','O',0.00,54.00,NULL,NULL,NULL,'','','','',NULL,NULL,NULL,'','','','','09207947627','None','02004381109','None','None','010-509478371','None',NULL,'mujarbernadeth@yahoo.com'),(243,'SIP00263','DIANE','RABANG','DY','','1994-09-19','Lopez Quezon','Female','Filipino','Single','O',0.00,49.00,NULL,NULL,NULL,'','','','',NULL,NULL,NULL,'','','','','09107823292','None','None','None','None','None','None',NULL,'dianedy87@yahoo.com'),(244,'SIP00265','DANREB','OCAMPO','CEDILLA','','2016-07-15','0','Male','Filipino','Single','O',0.00,0.00,NULL,NULL,NULL,'','','','',NULL,NULL,NULL,'','','','','0','None','0','0','0','0','0',NULL,'0'),(245,'SIP00267','CHARLES','ZABALA','EVANGELIO','','1996-01-18','Sipocot, Camarines Sur','Male','Filipino','Single','B',0.00,52.00,'','','','','','','','','','','','','','','09506692923','None','None','None','None','1025-1535-6646','None','SIP00267.jpg','Charlesevangelio@Yahoo.Com'),(246,'SIP00268','CHERRIE ROSE','BARBOSA','BASE','','1994-09-18','Sipocot, Camarines Sur','Female','Filipino','Married','A',0.00,40.00,NULL,NULL,NULL,'','','','',NULL,NULL,NULL,'','','','','09287284905','None','None','0511327845','None','None','None',NULL,'chribarbosa @ gmail.com'),(247,'SIP00269','MELINDA','OCHOA','RIVERO','','1966-05-06','Los Baños, Laguna','Female','Filipino','Married','A',1.52,67.00,NULL,NULL,NULL,'','','','',NULL,NULL,NULL,'','','','','0919333149','450-6008','006-0117-3354-8','0505569321','118-716-621','100000554221','153000973245',NULL,'rivero66minda@gmail.com'),(248,'SIP00272','LAURENCE MAE','VICTORI','GOMEZ','','1989-06-19','Hongkong','Female','Filipino','Single','O',0.00,50.00,NULL,NULL,NULL,'','','','',NULL,NULL,NULL,'','','','','09460433781','None','None','0034-1733757-0','None','None','None',NULL,'glaurencemae@yahoo.com'),(249,'16-142','CHRISTIAMAE','0','BARRA','','1996-01-26','Sipocot, Camarines Sur','Female','Filipino','Single','O',0.00,0.00,NULL,NULL,NULL,'','','','',NULL,NULL,NULL,'','','','','09267237879','None','None','34-6079578-7','None','None','None',NULL,'christimae.barra@bicol-u.edu.ph'),(250,'SIP00270','HERBERT','CASTILLO','PARAL','','1990-02-20','Casay, Lupi, Camarines Sur','Male','Filipino','Married','O',1.71,72.00,NULL,NULL,NULL,'','','','',NULL,NULL,NULL,'','','','','09073553650','None','None','None','295-537-989','None','None',NULL,'emprint425@gmail.com'),(251,'16-140','ELAINE','LOZANO','BELMONTE','','1994-11-18','Malabon, Metro Manila','Female','Filipino','Single','O',1.60,50.00,'','','','','','','','','','','','','','','09083165002','None','None','05-1275952-2','472-515-257','None','1211-7434-1994','16-140.jpg','elainelozanobelmonte@gmail.com'),(252,'16-139','VINCE CLEMENCE','MIDEM','CARCIDO','','2016-11-18','2/1/1996','Male','Filipino','Single','O',1.68,99.00,'','','','','','','','','','','','','','','09772066601','None','None','None','None','None','None','16-139.jpg','vecarcido@gmail.com'),(253,'17-159','JEFFREY','RANCES','PRAMIS','','1667-07-15','Ragay, CamarinesmSur','Male','Filipino','Married','O',0.00,170.00,NULL,NULL,NULL,'','','','',NULL,NULL,NULL,'','','','','09104194814','None','None','0503703118','None','None','None',NULL,'pramisj @yahoo.com'),(254,'SIP00277','RINA','BOLOCON','DELLORO','','1974-08-17','Mercedes Camarines Norte','Female','Filipino','Married','O',0.00,60.00,NULL,NULL,NULL,'','','','',NULL,NULL,NULL,'','','','','09493752961','None','None','01-1175245-4','None','10-025087188-5','None',NULL,'ruth-bolocon@yahoo.com'),(255,'SIP00278','LEO','BACLAO','ALMARIO','','1988-11-06','Sipocot, Camarines Sur','Male','Filipino','Married','B',0.00,60.00,NULL,NULL,NULL,'','','','',NULL,NULL,NULL,'','','','','09486262381','None','None','04-2228957-7','None','None','None',NULL,'Lheox 30 @ gmail.com'),(256,'SIP00276','ANGEL BOY','BORJAL','FIESTA','','1989-12-26','Manila','Male','Filipino','Married','O',0.00,85.00,NULL,NULL,NULL,'','','','',NULL,NULL,NULL,'','','','','None','None','None','None','None','None','None',NULL,'None'),(257,'17-143','JACKIE LOU','ARANDIA','DE DIOS','','1980-10-27','Libmanan, Camarines Sur','Female','Filipino','Married','A',0.00,75.00,'','','','','','','','','','','','','','','09274960832','None','None','3393681036','924-931-927','10-000051383-9','None','17-143.jpg',''),(258,'17-158','NENETH','BORDA','CAMANG','','2017-04-19','Gaongan, Sipocot, Cam. Sur','Male','Filipino','Single','A',5.00,43.00,'','','','','','','','','','','','','','','09121181453','None','None','05-1260108-1','None','1002-5217-8087','121143337265','17-158.jpg','nethcamang@yahoo.com'),(259,'18-184','ROSELLE','RELLORA','NATIVIDAD','','1979-10-12','SIPOCOT, CAMARINES SUR','Female','FILIPINO','Married','AB',1.72,58.00,'','','','','','','','','','','','','','','','NONE','NONE','340-279-885-2','278-206-428','100-25097794-2','NONE','18-184.jpg',''),(260,'SIP00286','IKE','HERMOGENO','BUGAGAO','','1996-12-11','Sipocot, Camarines Sur','Male','FILIPINO','Single','O',1.63,50.00,NULL,NULL,NULL,'','','','',NULL,NULL,NULL,'','','','','09468719835','NONE','0','0','0','0','0',NULL,'ikebugagao@cbsua.edu.ph'),(261,'17-165','ANDION LUWI','PUATU','MONTEMAYOR','','1994-01-16','NAGA CITY','Male','FILIPINO','Single','AB',1.71,50.00,NULL,NULL,NULL,'','','','',NULL,NULL,NULL,'','','','','0950545339','NONE','NONE','NONE','NONE','NONE','NONE',NULL,'ANDIONO11695@GMAIL.COM'),(262,'SIP00287','ALYSSA MAE','BOQUIO','RUARING','','1997-05-04','Sipocot, Camarines Sur','Female','Filipino','Single','B',0.00,50.00,NULL,NULL,NULL,'','','','',NULL,NULL,NULL,'','','','','09107299532','09107299532','NONE','NONE','NONE','NONE','NONE',NULL,'ruaringalyssamae @yahoo.com.ph'),(263,'18-197','JEZREEL','FERNANDEZ','ORIBIANA','','2017-06-17','GUINOBATAN, ALBAY','Male','filipino','Single','O',0.00,0.00,NULL,NULL,NULL,'','','','',NULL,NULL,NULL,'','','','','09212688575','0','0','0','0','0','0',NULL,'jezreeloribiana@gmail.com'),(264,'SIP00289','JOEMAR','ESPIRITU','ESGUERRA','','1991-06-24','NAGA CITY','Male','FILIPINO','Single','O',0.00,0.00,NULL,NULL,NULL,'','','','',NULL,NULL,NULL,'','','','','09199030002','0','0','05-0939782-9','0','0','0',NULL,'joemaresguerra@yahoo.com'),(265,'SIP00290','CARMELA BIANCA','DELA CRUZ','PANGANIBAN','','1996-07-06','BUSAK, LIBMANAN, CAMARINES SUR','Female','FILIPINO','Single','O',1.54,49.00,NULL,NULL,NULL,'','','','',NULL,NULL,NULL,'','','','','09124643615','NONR','0','0','0','0','0',NULL,'pcarmelabianca@gmail.com'),(266,'SIP00293','JULIE ANN MAE','MOLINA','MERCADER','','1996-06-26','SOUTH CENTRO, SIPOCOT, CAM. SUR','Female','FILIPINO','Single','A',0.00,50.00,NULL,NULL,NULL,'','','','',NULL,NULL,NULL,'','','','','09109145779','NONE','NONE','NONE','NONE','NONE','NONE',NULL,'M.julieannmae@yahoo.com'),(267,'SIP00292','JOHN ERICK','ADAN','AGOR','','1996-07-18','SIPOCOT, CAMARINES SUR','Male','FILIPINO','Single','AB',0.00,55.00,NULL,NULL,NULL,'','','','',NULL,NULL,NULL,'','','','','09508876830','NONE','NONE','05-1389872-5','NONE','NONE','NONE',NULL,'NONE'),(268,'17-155','JAY','ARTUZ','SUPANGA','','1985-02-04','CABUSAO, CAMARINES SUR','Male','FILIPINO','Single','A',0.00,72.00,NULL,NULL,NULL,'','','','',NULL,NULL,NULL,'','','','','09093091625','NONE','NONE','37-0098937-5','247-439-097-000','030502730327','NONE',NULL,'Jaysus . 357 @gmail com'),(269,'17-147','MAE JO','ALBUS','MARASIGAN','','1995-04-03','SIPOCOT, CAMARINES SUR','Female','FILIPINO','Single','O',1.62,46.00,NULL,NULL,NULL,'','','','',NULL,NULL,NULL,'','','','','09070124162','NONE','NONE','NONE','NONE','NONE','NONE',NULL,'marasiganmayejho@yahoo.com'),(270,'SIP00291','KAYCEL','CARIÑO','MATILLA','','1995-05-01','VIGAAN, SIPOCOT, CAM. SUR','Female','filipino','Single','A',0.00,0.00,NULL,NULL,NULL,'','','','',NULL,NULL,NULL,'','','','','09469326452','0','0','0','0','0','0',NULL,'kaycel_matilla@yahoo.com'),(271,'17-145','NEIL JOHN','RILI','SERVIDAD','','1996-10-22','0','Male','FILIPINO','Single','O',0.00,0.00,'','','','','','','','','','','','','','','','','0','0','0','0','0','17-145.jpg',''),(272,'SIP00297','ANALISA','H','RICO','','2017-07-07','0','Female','FILIPINO','Single','O',0.00,0.00,NULL,NULL,NULL,'','','','',NULL,NULL,NULL,'','','','','0','0','0','0','0','0','0',NULL,'0'),(273,'SIP00294','GINA','H.','VICEDO','','2017-07-07','0','Female','FILIPINO','Single','O',0.00,0.00,NULL,NULL,NULL,'','','','',NULL,NULL,NULL,'','','','','0','0','0','0','0','0','0',NULL,'0'),(274,'SIP00299','LEIZEL','BESMONTE','MENDOZA','','1992-04-02','SIPOCOT, CAMARINES SUR','Female','FILIPINO','Single','O',0.00,0.00,NULL,NULL,NULL,'','','','',NULL,NULL,NULL,'','','','','09350582150','0','0','0','0','0','0',NULL,'0'),(275,'SIP00300','FRANCIS','BELLEZA','RECLUTA','','1991-09-21','CABUSAO, CAMARINES SUR','Male','filipino','Single','O',0.00,0.00,NULL,NULL,NULL,'','','','',NULL,NULL,NULL,'','','','','09305792639','0','0','0','0','0','0',NULL,'francisrecluta@yahoo.com'),(276,'SIP00301','HAROLD','BATALLER','PADUA','','1995-02-11','SIPOCOT, CAMARINES SUR','Male','FILIPINO','Single','O',0.00,0.00,NULL,NULL,NULL,'','','','',NULL,NULL,NULL,'','','','','09074470489','0','0','0','0','0','0',NULL,'haroldpadua_11@yahoo.com'),(277,'SIP00304','GIGIE','MARTINEZ','FORMALEJO','','1996-03-29','SAN PEDRO, LUPI, CAM. SUR','Male','filipino','Single','O',0.00,0.00,NULL,NULL,NULL,'','','','',NULL,NULL,NULL,'','','','','09124662147/09260868933','0','0','0','0','0','0',NULL,'gigieformalejo@gmail.com'),(278,'17-162','CRISTINE','LONTAC','GASPAR','','1995-12-23','LUPI, CAMARINES SUR','Female','FILIPINO','Single','O',0.00,0.00,NULL,NULL,NULL,'','','','',NULL,NULL,NULL,'','','','','09569051464','0','O','O','O','O','O',NULL,'cristine.gaspar@yahoo.com'),(279,'16-193','FERNANDO','MARASIGAN','SAN LORENZO','','1988-09-24','LUPI, CAMARINES SUR','Male','FILIPINO','Married','O',0.00,54.00,NULL,NULL,NULL,'','','','',NULL,NULL,NULL,'','','','','09509463791','0','0','0511099076','483-231-376-000','102015623648','0',NULL,'0'),(280,'17-167','MICHELLE','SAN DIEGO','SAN BUENAVENTURA','','1997-01-04','LIBMANAN, CAM. SUR','Male','FILIPINO','Single','O',0.00,0.00,NULL,NULL,NULL,'','','','',NULL,NULL,NULL,'','','','','09090414623','N/A','0','0','00','0','0',NULL,'sanbuenaventuramichelle@gmail.com'),(281,'SIP00308','JADE','BILARO','BONAVENTE','','1996-09-28','NOVALICHES, Q.C.','Male','filipino','Single','O',0.00,0.00,NULL,NULL,NULL,'','','','',NULL,NULL,NULL,'','','','','09491865995','0','0','0','0','0','0',NULL,'jadeb@gmail.com'),(282,'17-163','MARIA JOYCEE','COMIA','SAN AGUSTIN','','1989-04-04','LIBMANAN, CAMARINES SUR','Female','FILIPINO','Single','O',0.00,0.00,NULL,NULL,NULL,'','','','',NULL,NULL,NULL,'','','','','09093091439','0','02004229946','0','298-100-173-000','10-050120914-1','0',NULL,'Mariajoyceecomia@gmail.com'),(283,'18-169','JOVOI EJ','ESMABE','JOVILLANO','','1996-08-12','SIPOCOT, CAMARINES SUR','Male','FILIPINO','Single','O',0.00,0.00,NULL,NULL,NULL,'','','','',NULL,NULL,NULL,'','','','','09108831640','0','0','0','0','0','0',NULL,'Jjovoi@yahoo.com'),(284,'SIP00316','MARCO','ALBAR','ORIBIANA','','1988-01-12','SAN JOSE, IRIGA CITY','Female','FILIPINO','Married','O',0.00,0.00,NULL,NULL,NULL,'','','','',NULL,NULL,NULL,'','','','','09100524369','0','0','0','0','102019139651','0',NULL,'0'),(285,'SIP00314','BRYAN','BANTA','PRAXIDES','','1995-09-15','SIPOCOT, CAMARINES SUR','Male','FILIPINO','Single','B',0.00,0.00,NULL,NULL,NULL,'','','','',NULL,NULL,NULL,'','','','','09508347823','0','0','05-1319882-3','0','10-251534482-6','1211-7070-1365',NULL,'0'),(286,'SIP00312','ESMAEL','ILO','SALVADOR','','2017-11-22','NAGA CITY','Male','FILIPINO','Single','O',0.00,0.00,NULL,NULL,NULL,'','','','',NULL,NULL,NULL,'','','','','0465662367','0','0','05-0654543-8','287-027-728-000','010517012551','0',NULL,'salvadoresmael102@gmail.com'),(287,'SIP00310','ENA DIANA','GUIWAN','PLAR','','1995-02-06','LIBMANAN, CAMARINES SUR','Female','FILIPINO','Single','O',0.00,0.00,NULL,NULL,NULL,'','','','',NULL,NULL,NULL,'','','','','09159391674','0','0','05-1314950-0','0','10-025249481-7','121170070697',NULL,'enadianaplar19@gmail.com'),(288,'17-166','MARIEL','BAÑES','RONCESVALLES','','2017-11-23','TINAMBAC, CAMARINES SUR','Male','FILIPINO','Single','O',0.00,0.00,NULL,NULL,NULL,'','','','',NULL,NULL,NULL,'','','','','09460789902','0','0','0513510265','498-422-272-000','1025-1594-8888','121187330879',NULL,'0'),(289,'18-172','DIANNE','MALLAPRE','DON','','2018-01-08','SIPOCOT, CAMARINES SUR','Female','FILIPINO','Single','A',0.00,0.00,NULL,NULL,NULL,'','','','',NULL,NULL,NULL,'','','','','09462992153','0','0','0','0','0','0',NULL,'dondianne07@gmail.com'),(290,'18-168','ABE-GAEL','MERCADO','ALMASCO','','1982-02-13','LIBMANAN, CAMARINES SUR','Female','FILIPINO','Married','A',0.00,0.00,NULL,NULL,NULL,'','','','',NULL,NULL,NULL,'','','','','09489140701','0','0','05-0562908-3','0','0','0',NULL,'0'),(291,'SIP00320','FELIX','NAVAL','VILLOTE','','1979-07-27','LIBMANAN, CAMARINES SUR','Male','FILIPINO','Single','O',0.00,0.00,NULL,NULL,NULL,'','','','',NULL,NULL,NULL,'','','','','09486889266','0','0','0','448-486526-000','0','0',NULL,'FELIX NAVAL VILLOTE @ YAHOO.COM'),(292,'15-113','CARLOS','DELFIN','SANCHEZ','','1963-05-19','LIBMANAN, CAMA. SUR','Male','FILIPINO','Married','O',0.00,0.00,NULL,NULL,NULL,'','','','',NULL,NULL,NULL,'','','','','09103571433','0','0','03-6490869-9','164-741-626','0','0',NULL,'0'),(293,'18-170','CATHERINE','DURADO','VELASQUEZ','','1993-03-10','SIPOCOT, CAMARINES SUR','Female','filipino','Married','B',0.00,0.00,NULL,NULL,NULL,'','','','',NULL,NULL,NULL,'','','','','09094809458','0','0','0','0','0','0',NULL,'velasquezCathy23@gmail.com'),(294,'SIP00322','ABEGAIL','FRONDOZO','MORILLO','','1999-01-17','NABUA, CAM. SUR','Female','FILIPINO','Single','O',0.00,50.00,NULL,NULL,NULL,'','','','',NULL,NULL,NULL,'','','','','09077909649','0','0','0','0','0','0',NULL,'0'),(295,'18-171','OLIVER','SARCON','URSUA','','1991-10-01','BULACAN','Male','FILIPINO','Single','O',0.00,65.00,NULL,NULL,NULL,'','','','',NULL,NULL,NULL,'','','','','09474783559','0','0','0','0','0','0',NULL,'o-ursua@yahoo.com'),(296,'18-180','BABY ELOISA','REONDANGA','LINGAO','','1995-01-31','LIBMANAN, CAM. SUR','Female','FILIPINO','Single','O',0.00,0.00,NULL,NULL,NULL,'','','','',NULL,NULL,NULL,'','','','','09197811991','0','0','0','0','100252031620','0',NULL,'babyeloisalingao@gmail.com'),(297,'18-176','AIRENE','NAPERI','GALICIA','','1998-01-03','SIPOCOT, CAMARINES SUR','Female','FILIPINO','Single','O',0.00,0.00,NULL,NULL,NULL,'','','','',NULL,NULL,NULL,'','','','','09460787519','0','0','0','0','0','0',NULL,'airenegalicia@gamail.com'),(298,'18-178','JUDITH','BRONIA','ALAY','','1995-12-18','LIBMANAN, CAM SUR','Female','FILIPINO','Single','O',0.00,0.00,NULL,NULL,NULL,'','','','',NULL,NULL,NULL,'','','','','0','0','0','0','0','0','0',NULL,'0'),(299,'18-179','DENISE KATE','MONTERO','GUIRUELA','','1995-12-22','QUEZON CITY','Female','filipino','Single','O',0.00,0.00,NULL,NULL,NULL,'','','','',NULL,NULL,NULL,'','','','','09461372831','0','0','05-1259590-6','0','0','0',NULL,'dkguiruela@gmail.com'),(300,'SIP00332','JESSA','BONAVENTE','HUERTE','','1994-11-18','SIPOCOT, CAM. SUR','Female','FILIPINO','Single','O',0.00,0.00,NULL,NULL,NULL,'','','','',NULL,NULL,NULL,'','','','','09467034065','0','0','0','0','0','0',NULL,'0'),(301,'SIP00324','JUSTINN ELLAH','BELMONTE','RONQUILLO','','1997-10-05','LIBMANAN, CAM. SUR','Female','FILIPINO','Single','O',0.00,0.00,NULL,NULL,NULL,'','','','',NULL,NULL,NULL,'','','','','0','0','0','0','0','0','0',NULL,'0'),(302,'SIP00336','MA. JANE','ZABALA','EVANGELIO','','1997-10-06','SIPOCOT, CAMARINES SUR','Female','FILIPINO','Single','O',0.00,0.00,NULL,NULL,NULL,'','','','',NULL,NULL,NULL,'','','','','09092441949','0','0','0','0','0','0',NULL,'0'),(303,'SIP00325','KIMVER','GUADES','PARAL','','1997-09-18','0','Male','FILIPINO','Single','O',0.00,0.00,NULL,NULL,NULL,'','','','',NULL,NULL,NULL,'','','','','09309717031','0','0','0','00','0','0',NULL,'kimverparal@gmail.com'),(304,'18-174','SHIELA','BERMAL','MAÑARES','','1997-06-02','SIPOCOT, CAMARINES SUR','Female','FILIPINO','Single','O',0.00,0.00,NULL,NULL,NULL,'','','','',NULL,NULL,NULL,'','','','','09500312576','0','0','0','0','0','0',NULL,'shielabermal@gmail.com'),(305,'SIP00334','JULIUS','KENNETH','MIRATE','','1988-07-02','0','Male','FILIPINO','Single','O',0.00,0.00,NULL,NULL,NULL,'','','','',NULL,NULL,NULL,'','','','','09468654436','0','0','0429821080','319295085000','100251899317','0',NULL,'jhok.faratina@yahoo.com'),(306,'18-173','NORMAN','MAGTARAYO','BARNUEVO','','1995-03-04','SIPOCOT, CAMARINES SUR','Male','filipino','Single','O',0.00,0.00,NULL,NULL,NULL,'','','','',NULL,NULL,NULL,'','','','','09482741623','0','0','0','0','0','0',NULL,'normanbarnuevojr@gmail.com'),(307,'18-177','GIRLIE JOY','CUSTODIO','CAYETANO','','1996-09-01','CAVITE','Female','FILIPINO','Single','O',0.00,0.00,NULL,NULL,NULL,'','','','',NULL,NULL,NULL,'','','','','09484519839','0','0','0','489056323000','0','0',NULL,'custodiogirliejoy16@gmail.com'),(308,'18-181','NANIES','APOLONIO','MALABANA','','1996-07-21','QUEZON','Female','FILIPINO','Single','O',0.00,0.00,NULL,NULL,NULL,'','','','',NULL,NULL,NULL,'','','','','09395288455','0','0','3458421476','327245884','08-026093715-8','0',NULL,'naniesmalaban4@gmail.com'),(309,'18-185','Wilson','Desuyo','Cezar','','1997-08-30','SIPOCOT, CAMARINES SUR','Male','Filipino','Single','O',0.00,0.00,'','Zone 4','','South Villazar','Sipocot','Camarines Sur','4408','','Zone 4','','South  Villazar','Sipocot','Camarines Sur','4408','09460463452','0','0','0','0','0','0','18-185.jpg','wilson.cezar@cbsua.edu.ph'),(310,'18-196','MARY JANE','CREDO','LUÑO','','1997-10-03','SIPOCOT, CAMARINES SUR','Female','FILIPINO','Single','O',0.00,0.00,'','','','','','','','','','','','','','','09308016820','0','0','0','348-003-716-000','0','0',NULL,'maryjaneluno03@gmail.com'),(311,'SIP00339','MARK','P.','TOPLANO','','1899-12-30','0','Male','FILIPINO','Single','O',0.00,0.00,NULL,NULL,NULL,'','','','',NULL,NULL,NULL,'','','','','0','0','0','0','0','0','0',NULL,'0'),(312,'SIP00340','FRITZ JHUL','SALAMAT','MIRA','','1988-07-19','SIPOCOT, CAMARINES SUR','Male','FILIPINO','Single','O',0.00,0.00,NULL,NULL,NULL,'','','','',NULL,NULL,NULL,'','','','','0','0','0','0','0','0','0',NULL,'0'),(313,'SIP00341','MEG PAOLO','CABASE','DIALINO','','1994-10-03','MILAOR, CAMARINES SUR','Male','FILIPINO','Single','O',0.00,0.00,NULL,NULL,NULL,'','','','',NULL,NULL,NULL,'','','','','09175054482','0','0','0','0','0','0',NULL,'Meggdzantua@gmail.com'),(314,'SIP00345','BRYAN LEONEIL','TUIBUEN','DOCOT','','1998-07-04','CABUSAO','Male','FIIPINO','Single','A',0.00,0.00,NULL,NULL,NULL,'','','','',NULL,NULL,NULL,'','','','','09070144980','0','0','0','0','0','0',NULL,'docotrayne@gmail.com'),(315,'SIP00343','JONNA ALEXA','SAN ANDRES','LAGARDE','','1995-06-16','SIPOCOT, CAMARINES SUR','Female','FILIPINO','Single','O',0.00,0.00,NULL,NULL,NULL,'','','','',NULL,NULL,NULL,'','','','','09509177761','0','00','05-1170720-3','0','0','121196424216',NULL,'ljonnaalexa@gmail.com'),(316,'SIP00344','SHERYL','BERIÑA','GARCIA','','1985-07-17','AZUCENA, SIPOCOT, CAM. SUR','Female','FILIPINO','Married','O',0.00,0.00,NULL,NULL,NULL,'','','','',NULL,NULL,NULL,'','','','','09506412331','0','0','05-0717708-3','268-095-427-000','08-050791151-3','121058890934',NULL,'sherylb.garcia@yahoo.com'),(317,'SIP00342','CHRISTOPHER','REYNALES','CAMAING','','1899-12-30','0','Male','0','Single','O',0.00,0.00,NULL,NULL,NULL,'','','','',NULL,NULL,NULL,'','','','','0','0','0','0','0','0','0',NULL,'0'),(318,'SIP00347','VINCE RODRIGO','ALBARILLO','ROÑO','','1997-07-04','0','Male','0','Single','O',0.00,0.00,NULL,NULL,NULL,'','','','',NULL,NULL,NULL,'','','','','0','0','0','0','0','0','0',NULL,'0'),(319,'SIP00348','MARK JOSEPH','MAGDAONG','UNTALAN','','1899-12-30','0','Male','0','Single','O',0.00,0.00,NULL,NULL,NULL,'','','','',NULL,NULL,NULL,'','','','','0','0','0','0','0','0','0',NULL,'0'),(320,'SIP00346','MARY GRACE','ARAGON','CANDELARIA','','1899-12-30','00','Female','0','Single','O',0.00,0.00,NULL,NULL,NULL,'','','','',NULL,NULL,NULL,'','','','','0','0','0','0','0','0','0',NULL,'0'),(321,'SIP00349','DONNA CLAIRE','BORBON','CAÑEZA','','1899-12-30','0','Female','FILIPINO','Single','O',0.00,0.00,NULL,NULL,NULL,'','','','',NULL,NULL,NULL,'','','','','0','0','0','0','0','0','0',NULL,'0'),(322,'SIP00350','SHERYL','M.','MACALINTAL','','1899-12-30','0','Male','0','Single','O',0.00,0.00,NULL,NULL,NULL,'','','','',NULL,NULL,NULL,'','','','','0','0','0','0','0','0','0',NULL,'0'),(323,'SIP00351','REZHELLE','DE CHAVEZ','BARBADILLO','','1992-09-29','LUPI, CAMARINES SUR','Female','FILIPINO','Single','O',0.00,0.00,'','','','','','','','','','','','','','','','','0','0','0','0','0','SIP00351.jpg',''),(324,'18-193','ALLAN','DOLLENTE','TAUPA','','1899-12-30','0','Male','0','Married','O',0.00,0.00,NULL,NULL,NULL,'','','','',NULL,NULL,NULL,'','','','','0','0','0','0','0','0','0',NULL,'0'),(325,'18-192','SHERIL','ABES','ALIBEN','','1899-12-30','0','Male','0','Married','O',0.00,0.00,NULL,NULL,NULL,'','','','',NULL,NULL,NULL,'','','','','0','0','0','0','0','0','0',NULL,'0'),(326,'18-191','AMIE','D','SAROL','','1899-12-30','0','Male','0','Single','O',0.00,0.00,NULL,NULL,NULL,'','','','',NULL,NULL,NULL,'','','','','0','0','0','0','0','0','0',NULL,'0'),(327,'18-195','JAMMY RUTH','OLIVA','ATIENZA','','2018-11-27','0','Male','0','Single','O',0.00,0.00,NULL,NULL,NULL,'','','','',NULL,NULL,NULL,'','','','','0','0','0','0','0','0','0',NULL,'0'),(328,'18-194','JOLINNA','OYA','RAFALLO','','1899-12-30','0','Male','0','Single','O',0.00,0.00,NULL,NULL,NULL,'','','','',NULL,NULL,NULL,'','','','','0','0','0','0','0','0','0',NULL,'0'),(329,'SIP00357','JENICA','MORENO','DE LA ROCA','','1899-12-30','0','Male','0','Single','O',0.00,0.00,NULL,NULL,NULL,'','','','',NULL,NULL,NULL,'','','','','0','0','0','0','0','0','00',NULL,'0'),(330,'18-198','CHARINA','L.','PAGUIO','','1899-12-30','0','Male','0','Single','O',0.00,0.00,NULL,NULL,NULL,'','','','',NULL,NULL,NULL,'','','','','0','0','0','0','0','0','0',NULL,'0'),(331,'SIP00360','MARIANO','CERENO','BALLANO','','1986-04-13','0','Male','0','Single','O',0.00,0.00,NULL,NULL,NULL,'','','','',NULL,NULL,NULL,'','','','','0','0','0','0','0','0','0',NULL,'0'),(332,'SIP00362','MARLON','SALCEDO','CALAYO','','1899-12-30','0','Male','00','Single','O',0.00,0.00,NULL,NULL,NULL,'','','','',NULL,NULL,NULL,'','','','','0','00','0','0','0','0','0',NULL,'0'),(333,'SIP00361','MELCHOR','C.','BONITE','','1899-12-30','0','Male','0','Single','O',0.00,0.00,NULL,NULL,NULL,'','','','',NULL,NULL,NULL,'','','','','0','0','0','0','0','0','0',NULL,'0'),(335,'SIP00363','JAY','MADRONIO','LABRADOR','','1899-12-30','0','Male','0','Single','O',0.00,0.00,NULL,NULL,NULL,'','','','',NULL,NULL,NULL,'','','','','0','0','0','0','0','0','0','../dtrs/admin/assets/images/employees/avatar/column_chart.png','0'),(336,'SIP00364','AILEEN','LITANA','BATOLINAO','','1998-01-26','MALINAO, LIBMANAN, CAMARINES SUR','Female','Filipino','Single','O',1.40,50.00,'','','DINUMPILAN','MALINAO','LIBMANAN','CAMARINES SUR','4407','','','DINUMPILAN','MALINAO','LIBMANAN','CAMARINES SUR','4407','09391964142','','','','','','',NULL,'aileenlitanabatolinao026@gmail.com'),(344,'SIP20-066','FRANCISCO','MIRANDA','CAMACHO','','1989-02-06','mabini camarines sur','Male',NULL,'Single',NULL,0.00,0.00,NULL,NULL,NULL,'','','','',NULL,NULL,NULL,'','','','',NULL,NULL,NULL,NULL,NULL,NULL,NULL,'CA1.png','francisco@gmail.com'),(345,'SIP20-067','BELINDA','DELA CRUZ','DIMAGUIBA','','1987-02-18','mabini camarines sur','Female',NULL,'Single',NULL,0.00,0.00,NULL,NULL,NULL,'','','','',NULL,NULL,NULL,'','','','',NULL,NULL,NULL,NULL,NULL,NULL,NULL,'download.png','belinda_dimaguiba@gmail.com'),(346,'SIP20-068','ALBERT ','','EINSTEIN','','1920-02-19','Ulm, Germany','Male',NULL,'Single',NULL,0.00,0.00,NULL,NULL,NULL,NULL,NULL,NULL,NULL,NULL,NULL,NULL,NULL,NULL,NULL,NULL,NULL,NULL,NULL,NULL,NULL,NULL,NULL,'albert_einstein.jpg','albert.einstein@cbsua.edu.ph'),(347,'SIP20-069','JERRY','CAT','TOM','','2020-02-19','Sipocot','Male',NULL,'Single',NULL,0.00,0.00,NULL,NULL,NULL,NULL,NULL,NULL,NULL,NULL,NULL,NULL,NULL,NULL,NULL,NULL,NULL,NULL,NULL,NULL,NULL,NULL,NULL,'albert  einstein.jpg','test222@gmail.com'),(348,'SIP20-070','REF','FRES','REFRESH','','2020-02-19','Sipocot','Male',NULL,'Single',NULL,0.00,0.00,NULL,NULL,NULL,NULL,NULL,NULL,NULL,NULL,NULL,NULL,NULL,NULL,NULL,NULL,NULL,NULL,NULL,NULL,NULL,NULL,NULL,'refresh.png','refresh@gmail.com'),(349,'SIP20-071','JAN MICO','DIOQUINO','CANDELARIA','','1995-07-07','Sipocot','Male',NULL,'Single','',0.00,0.00,'','','','','','','','','','','','','','','','','','','','','','image5.png','jan.mico@gmail.com'),(350,'PAS0001','HR','HR','HR',NULL,NULL,NULL,NULL,NULL,NULL,NULL,0.00,0.00,NULL,NULL,NULL,NULL,NULL,NULL,NULL,NULL,NULL,NULL,NULL,NULL,NULL,NULL,NULL,NULL,NULL,NULL,NULL,NULL,NULL,NULL,NULL),(351,'00001','SONIAZ','MONOY','CASULLA','','1962-09-19','SIPOCOT, CAMARINES SUR','Male','Filipino','Married','B',1.56,50.00,'#10','Sample Street','Sample Village','Sample Barangay','Sample M/City','Sample Province','4408','Sample Block 123','Sample Street','Sample Subdivision','Sample Baranga','Sample Municiapality','SAmple Province','5509','09109874628','','62092903406','050567523-1','112-540-684','10-0000713311','150-0003-1835',NULL,'soniacasulla@yahoo.com'),(352,'0002','JOANNA MARIE ','C','DELA CRUZ',NULL,NULL,NULL,NULL,NULL,NULL,NULL,0.00,0.00,NULL,NULL,NULL,NULL,NULL,NULL,NULL,NULL,NULL,NULL,NULL,NULL,NULL,NULL,NULL,NULL,NULL,NULL,NULL,NULL,NULL,NULL,NULL),(353,'0003','JOANY ALYSSA','B','ABOGADO',NULL,NULL,NULL,NULL,NULL,NULL,NULL,0.00,0.00,NULL,NULL,NULL,NULL,NULL,NULL,NULL,NULL,NULL,NULL,NULL,NULL,NULL,NULL,NULL,NULL,NULL,NULL,NULL,NULL,NULL,NULL,NULL),(354,'0004','MA. LOURDES','','DACILLO',NULL,NULL,NULL,NULL,NULL,NULL,NULL,0.00,0.00,NULL,NULL,NULL,NULL,NULL,NULL,NULL,NULL,NULL,NULL,NULL,NULL,NULL,NULL,NULL,NULL,NULL,NULL,NULL,NULL,NULL,'',NULL),(355,'0005','AIMEE CLAIRE','C','LOSITAÑO',NULL,NULL,NULL,NULL,NULL,NULL,NULL,0.00,0.00,NULL,NULL,NULL,NULL,NULL,NULL,NULL,NULL,NULL,NULL,NULL,NULL,NULL,NULL,NULL,NULL,NULL,NULL,NULL,NULL,NULL,'',NULL),(356,'0006','MARIA KRISTINE','A','SERRANO',NULL,NULL,NULL,NULL,NULL,NULL,NULL,0.00,0.00,NULL,NULL,NULL,NULL,NULL,NULL,NULL,NULL,NULL,NULL,NULL,NULL,NULL,NULL,NULL,NULL,NULL,NULL,NULL,NULL,NULL,NULL,NULL),(377,'SIP20-072','MICS','DIOQUINO','CANDELARIA','','1995-07-07','naga','Male',NULL,'Single',NULL,0.00,0.00,NULL,NULL,NULL,NULL,NULL,NULL,NULL,NULL,NULL,NULL,NULL,NULL,NULL,NULL,NULL,NULL,NULL,NULL,NULL,NULL,NULL,'04-054.png','mics.cands@cbsua.edu.ph'),(378,'SIP20-073','SAMPLE NAME','','SAMPLE LAST NAME','','2020-08-04','','Male',NULL,'Single',NULL,0.00,0.00,NULL,NULL,NULL,NULL,NULL,NULL,NULL,NULL,NULL,NULL,NULL,NULL,NULL,NULL,NULL,NULL,NULL,NULL,NULL,NULL,NULL,'04-054.png','sample@cbsua.edu.ph'),(379,'20-110','asd','z','zxc','','0000-00-00','','Male',NULL,'Single',NULL,0.00,0.00,NULL,NULL,NULL,NULL,NULL,NULL,NULL,NULL,NULL,NULL,NULL,NULL,NULL,NULL,'1231323',NULL,NULL,NULL,NULL,NULL,NULL,NULL,'asd@asd.cx');

ALTER TABLE `tbl_employee` ENABLE KEYS;
UNLOCK TABLES;
COMMIT;

--
-- Data for table: tbl_employee_education
--
LOCK TABLES `tbl_employee_education` WRITE;
ALTER TABLE `tbl_employee_education` DISABLE KEYS;

INSERT INTO `tbl_employee_education` (`no`,`employee_id`,`level`,`school_name`,`school_address`,`school_degree`,`year_graduated`,`period_from`,`period_to`,`highest_level`,`academic_honor`) VALUES (11,'309','College','Central Bicol State University of Agriculture','Impig, Sipocot, Camarines Sur','BS Information Technology','2018','0000-00-00','0000-00-00','Graduated',''),(51,'9','College','Universidad de Sta Isabel;','Naga City','Bachelor of Arts','1993',NULL,NULL,'Graduated',NULL),(52,'9','Graduate Studies','Partido College','Goa, Cam. Sur','Master of Arts in Education','2006',NULL,NULL,'Graduated',NULL),(53,'9','Graduate Studies','Universidad de Sta Isabel','Naga City','Doctor of Philosopy','2009',NULL,NULL,'Graduated',NULL),(60,'13','College','Ateneo De Naga ','Naga City','BSE-Biology-Chemistry','1993',NULL,NULL,'Graduated',NULL),(62,'13','Graduate Studies','Ateneo De Naga University','Naga City','MAED-Environmental Science','2004',NULL,NULL,'Graduated',NULL),(63,'13','Graduate Studies','University of Santo Tomas','Manila','MAED-Biological Science','2010',NULL,NULL,'Graduated',NULL),(66,'14','College','Bicol College of Arts and Trades','Naga City','BSE','1994',NULL,NULL,'Graduated',NULL),(67,'14','Graduate Studies','Camarines Sur Polytechnic College ','Naga City','Master of Arts in Teaching','2003',NULL,NULL,'Graduated',NULL),(68,'14','Graduate Studies','CSSAC-Main','Pili, Cam., Sur','Doctor of Philosopy in Develop','2009',NULL,NULL,'Graduated',NULL),(76,'1','College','Naga College Foundation','Naga City','Junior Secretarial','0',NULL,NULL,'0',NULL),(81,'10','Elementary','Click here to add another school...','','','',NULL,NULL,'',NULL),(82,'10','College','Bicol College of Arts and Trades','Naga City','BSIE','1984',NULL,NULL,'',NULL),(83,'10','Graduate Studies','Partido College','Goa, Cam. Sur','MAED','2010',NULL,NULL,'',NULL),(86,'8','Vocational','Bicol College of Arts and Trades','Naga City','Two-Year Course','1987',NULL,NULL,'',NULL),(87,'8','College','University of Nueva Caceres','Naga City','BSE','1993',NULL,NULL,'',NULL),(88,'8','Graduate Studies','Ateneo De Naga University','Naga City','MAED','2005',NULL,NULL,'',NULL),(93,'2','College','Ateneo de Naga Univeristy','Naga City','BS-Business Administration','1992',NULL,NULL,'',NULL),(100,'12','Elementary','Click here to add another school...','','','',NULL,NULL,'',NULL),(101,'12','College','Naga College Foundation','Naga City','BS-Criminology','1998',NULL,NULL,'',NULL),(102,'12','Graduate Studies','Naga College Foundation','Naga City','Master of Science in Criminolo','2009',NULL,NULL,'',NULL),(117,'7','Elementary','Bicol University School of Arts and Trades','Legazpi City','Technical','',NULL,NULL,'',NULL),(118,'7','College','Bicol University School oif Arts and Trades','Legazpi City','BSIE','1984',NULL,NULL,'',NULL),(123,'3','Elementary','Colegio de Sta Isabel','Naga City','BS-Social Work','1993',NULL,NULL,'',NULL),(130,'6','Elementary','University of Nueva Caceres','Naga City','BS-Civil Engineering','1984',NULL,NULL,'',NULL),(131,'6','Elementary','University of Nueva Caceres','Naga City','MAED','1998',NULL,NULL,'',NULL),(132,'6','Elementary','CSSAC-Pili','Pili, Cam. Sur','Doctor of Philosophy','2009',NULL,NULL,'',NULL),(143,'16','College','University of Nueva Caceres','Naga City','BSE','1991',NULL,NULL,'',NULL),(144,'16','Graduate Studies','University of Nueva Caceres','Naga City','MAED','1998',NULL,NULL,'',NULL),(149,'18','College','University of Nueva Caceres','Naga City','BS-Civil Engineering (undergra','',NULL,NULL,'',NULL),(158,'19','Elementary','Rizal Institute of Tech. ','','','',NULL,NULL,'',NULL),(159,'19','Elementary','CSSAC-Sipocot','Sipocot, Cam. Sur','BSIT-(undergrad.)','',NULL,NULL,'',NULL),(166,'20','Vocational','Bicol Institute of Science & Tech. ','Impig, Sipocot, Cam. Sur','Garments Tech. ','1993',NULL,NULL,'',NULL),(167,'20','College','Bicol Institute of Science & Tech. ','Impig, Sipocot, Cam. Sur','BSIE-Garments','',NULL,NULL,'',NULL),(170,'21','Elementary','Philippine Institute of Physical Education & Sports','','Certificate in Physical Educat','1988',NULL,NULL,'',NULL),(171,'21','Elementary','Cagayan State University','','BSIE-(Undergrad.)','',NULL,NULL,'',NULL),(174,'22','College','BIST','Impig, Sip. Cam. Sur','BS-Criminiology (undergrad.)','',NULL,NULL,'',NULL),(181,'23','College','Naga College Foundation ','Naga City','Jr. Secretarial','1992',NULL,NULL,'',NULL),(182,'23','College','BIST','Sipocot, Cam. Sur','BSE-Mathematics','1996',NULL,NULL,'',NULL),(183,'23','Graduate Studies','Partido College','Goa, Cam. Sur','MAED-Mathematics','2007',NULL,NULL,'',NULL),(188,'24','College','BIST','Impig','BSE-Mathematics','1998',NULL,NULL,'',NULL),(189,'24','College','UNC','Naga City','BSE-Library Science ','',NULL,NULL,'',NULL),(198,'25','College','SNSAT','Impig, Sip. Cam. Sur','BSIT-Undergrad.','',NULL,NULL,'',NULL),(205,'26','Elementary','Tarlac College of Tech. Arts & Trade','','Machinest','1971',NULL,NULL,'',NULL),(212,'27','Elementary','Mabini College','Daet, Cam. Norte','BS-Commerce','1980',NULL,NULL,'',NULL),(223,'28','College','Ateneo de Naga University','Naga City','BS-Accountancy','2008',NULL,NULL,'',NULL),(236,'29','Vocational','System Tech. Institute','Naga City','Computer Programming','1994',NULL,NULL,'',NULL),(237,'29','College','UNC','Naga City','BS-Accountancy','2001',NULL,NULL,'',NULL),(244,'30','Elementary','Ateneo de Naga University','Naga City','BS-Accountancy','2002',NULL,NULL,'',NULL),(253,'31','Elementary','SNSAT','Impig, Sip. Cam. Sur','Two-Year Technical','1988',NULL,NULL,'',NULL),(260,'32','Elementary','CBSUA-Sipocot','Impig, Sipocot, Cam. Sur','BSIT-Electronics','',NULL,NULL,'',NULL),(265,'33','Elementary','Universidad de Sta Isabel','Naga City','BS-Nursing','2010',NULL,NULL,'',NULL),(276,'34','College','Bicol College of Arts and Trades','Naga City','','',NULL,NULL,'',NULL),(277,'34','Graduate Studies','Partido College','Goa, Cam. Sur','MAED-Admin. & Supervision','2011',NULL,NULL,'',NULL),(292,'36','College','Ateneo de Naga','Naga City','BS-Psychology','',NULL,NULL,'',NULL),(293,'36','Graduate Studies','Partido College','Goa, Cam. Sur','MAED-Guidance & Counseling','',NULL,NULL,'',NULL),(302,'37','College','Bicol University ','Legazpi City','BSE-History','1987',NULL,NULL,'',NULL),(303,'37','Graduate Studies','Partido College','Goa, Cam. Sur','MAED-History','2006',NULL,NULL,'',NULL),(312,'38','College','Bicol College of Arts and Trades','Naga City','BSE-Tech. & Home Economics','1993',NULL,NULL,'',NULL),(313,'38','Graduate Studies','Naga College Foundation','Naga City','MAED-Home Economics','2008',NULL,NULL,'',NULL),(326,'39','College','Naga College Foundation ','Naga City','BS-Criminology','',NULL,NULL,'',NULL),(327,'39','Graduate Studies','Naga College Foundation','Naga City','MAED-Criminology','',NULL,NULL,'',NULL),(336,'40','College','Partido College','Goa, Cam. Sur','BSE-History','',NULL,NULL,'',NULL),(337,'40','Graduate Studies','University of Saint Anthony','Iriga City','MAED-History','2010',NULL,NULL,'',NULL),(350,'41','Graduate Studies','Bicol College of Arts and Trades','Naga City','BSIT-Automotive','1987',NULL,NULL,'',NULL),(351,'41','Elementary','Naga College Foundation','Naga City','','',NULL,NULL,'',NULL),(352,'41','Elementary','Partido College','Goa, Camarines Sur','2011','',NULL,NULL,'',NULL),(361,'42','Elementary','Univeristy of Nueva Caceres','Naga City','BSE-Filipino','1973',NULL,NULL,'',NULL),(362,'42','Elementary','Partido College','Goa, Cam. Sur','MAED-Filipino','2012',NULL,NULL,'',NULL),(371,'43','Elementary','Bicol University ','Legazpi City','BSIE-Machine Shop Practice','1979',NULL,NULL,'',NULL),(372,'43','Elementary','Partido College','Goa, Camarines Sur','MAED-Adm. & Supervision','',NULL,NULL,'',NULL),(383,'44','Elementary','Sorsogon College of Arts and Trades','Sorsogon City','Vocational','1978',NULL,NULL,'',NULL),(384,'44','Elementary','Sorsogon State College','Sorsogon City','BSIE-Automotive','1981',NULL,NULL,'',NULL),(393,'45','College','Bicol Institute of Science and Technology','Impig, Sipocot, Cam. Sur','BSE-Mathematics','1996',NULL,NULL,'',NULL),(394,'45','Graduate Studies','Ateneo de Naga University','Naga City','MAED-Mathematics','2010',NULL,NULL,'',NULL),(405,'46','College','Bicol College of Arts and Trades','Naga City','BSIT-Electrical Tech. ','1984',NULL,NULL,'',NULL),(406,'46','Vocational','Mabini College','Daet, Cam. Norte','Method of Teaching','',NULL,NULL,'',NULL),(407,'46','Graduate Studies','Partido College','Goa, Cam. Sur','MAED-Adm. &  Supevision','2008',NULL,NULL,'',NULL),(418,'47','College','Bicol University','Legazpi City','BSIE-Electronics','1996',NULL,NULL,'',NULL),(419,'47','Graduate Studies','Camarines Sur Polytechnic Coilleges','Naga City','MAT-Tech. Education','2012',NULL,NULL,'',NULL),(438,'48','Elementary','Bicol University School of Arts and Trades','Legazpi City','BSIE-Food Trades','1977',NULL,NULL,'',NULL),(449,'49','College','University of Nueva Caceres','Naga City','BS-Commerce','1980',NULL,NULL,'',NULL),(462,'50','College','Cam. Sur National College of Arts and Trades','Naga City','1983','',NULL,NULL,'',NULL),(463,'50','College','Cam. Sur Polytehnic Colleges','Naga City','MAT-Tech. Education','2004',NULL,NULL,'',NULL),(476,'51','Vocational','SNSAT','Sipocot, Cam. Sur','Garments & Textile Tech. ','1988',NULL,NULL,'',NULL),(477,'51','College','University of Nueva Caceres','Naga City','BSE-Mathematics','',NULL,NULL,'',NULL),(478,'51','Graduate Studies','University of Nueva Caceres','Naga City','MAED-Mathematics','',NULL,NULL,'',NULL),(489,'52','College','CSSAC-Sipocot','Sipocot, Cam. Sur','BS-Information Tech. ','2005',NULL,NULL,'',NULL),(498,'53','Elementary','UNC','Naga City','BS-Commerce','1979',NULL,NULL,'',NULL),(499,'53','Elementary','UNC','Naga City','BS-Commerce','1979',NULL,NULL,'',NULL),(500,'53','Elementary','UNC','Naga City','Method of teaching','',NULL,NULL,'',NULL),(509,'54','Elementary','Bicol University ','Legazpi City','BSED-Biology & General Science','1977',NULL,NULL,'',NULL),(510,'54','Elementary','UNP','Iriga City','MAED- 27 units','',NULL,NULL,'',NULL),(511,'54','Elementary','Ateneo de Naga University','Naga City','','',NULL,NULL,'',NULL),(536,'55','Elementary','CSSAC-Sipocot','Sipocot, Cam. Sur','BS-Information Tech. ','2005',NULL,NULL,'',NULL),(537,'55','Elementary','Ateneo de Naga University','Naga City','Master of Computer Graphics & ','18 u',NULL,NULL,'',NULL),(544,'56','College','Bicol University','Legazpi City','BSIE-Food Technology','1982',NULL,NULL,'',NULL),(545,'56','Graduate Studies','Naga College Foundation','Naga City','MAED-Home Economics','2000',NULL,NULL,'',NULL),(550,'57','College','Ateneo de Naga','Naga City','BSE-English','1990',NULL,NULL,'',NULL),(551,'57','Graduate Studies','Ateneo de Naga','Naga City','MAED-English Language Teaching','2004',NULL,NULL,'',NULL),(552,'57','Graduate Studies','University of Santo Tomas','Manila','Doctor of Philosophy in Litera','2013',NULL,NULL,'',NULL),(561,'7','Graduate Studies','Partido College','Goa, Cam. Sur','MAED-Adm. & Supervision','2011',NULL,NULL,'',NULL),(580,'58','Vocational','Sipocot National School of Arts and Trades','Impig, Sipocot, Cam. Sur','Garments Trade','1981',NULL,NULL,'',NULL),(581,'58','College','Bicol College of Arts and Trades','Naga City','BSIE-Garment Trades','1984',NULL,NULL,'',NULL),(582,'58','Graduate Studies','Partido College','Goa, Cam. Sur','MAED-Administration & Supervis','2011',NULL,NULL,'',NULL),(593,'59','College','Don Mariano Marcos Memorial State University','','BS-Fisheries','1989',NULL,NULL,'',NULL),(606,'60','College','Bicol Institute of Science and Tech. ','Impig, Sipocot, Cam. Sur','BS-Criminology','1997',NULL,NULL,'',NULL),(607,'60','Graduate Studies','University of Saint Anthony','Iriga City','MSC-Law Enforcement Administra','2008',NULL,NULL,'',NULL),(618,'61','College','UNC','Naga City','BSE-Library Science','1994',NULL,NULL,'',NULL),(619,'61','Graduate Studies','UNC','Naga City','Master of Arts in Library Scie','2000',NULL,NULL,'',NULL),(626,'62','College','Ateneo de Naga ','Naga City','BS-Psychology','1995',NULL,NULL,'',NULL),(627,'62','College','Ateneo de Naga ','Sipocot, Cam. Sur','BS-Psychology','1995',NULL,NULL,'',NULL),(628,'62','Graduate Studies','Partido College','Goa, Cam. Sur','MAED-Guidance & Counseling','2007',NULL,NULL,'',NULL),(637,'63','Vocational','BIST','Impig, Sip. Cam. Sur','2-Year Technical (Ladderized)','1993',NULL,NULL,'',NULL),(638,'63','College','BIST','Impig, Sipocot, Cam. Sur','BSIE-Garments & Textile Tech. ','1996',NULL,NULL,'',NULL),(639,'63','Graduate Studies','Partido College','Goa, Cam. Sur','MAED-Admin. & Supervision','2011',NULL,NULL,'',NULL),(652,'64','College','Colegio De Sta. Isabel','Naga City','BS-Home Economics','1990',NULL,NULL,'',NULL),(653,'64','Graduate Studies','BCAT','Naga City','MA - 21 units','',NULL,NULL,'',NULL),(662,'65','Elementary','CBSUA-Sipocot','Impig, Sipocot, Cam. Sur','BSIE-Home Economics','1998',NULL,NULL,'',NULL),(663,'65','Elementary','Naga College Foundation','Naga City','MAED-Home Economics','2007',NULL,NULL,'',NULL),(672,'66','College','Ateneo de Naga University','Naga City','Bachelor of Science in Biology','2000',NULL,NULL,'',NULL),(673,'66','Graduate Studies','Bicol University','Legazpi City','Master in Chemistry Education','2009',NULL,NULL,'',NULL),(684,'67','College','Ateneo de Naga University','Naga City','BSE-General Science','1993',NULL,NULL,'',NULL),(685,'67','Graduate Studies','Ateneo de Naga University','Naga City','MAED - 21 units','',NULL,NULL,'',NULL),(694,'68','College','BIST','Sipocot, Cam. Sur','BSIE-Electronics','1998',NULL,NULL,'',NULL),(695,'68','Graduate Studies','Partido College','Goa, Cam. Sur','MAED-Administration & Supervis','',NULL,NULL,'',NULL),(704,'69','Elementary','University of Saint Anthony','Nabua, Camarines Sur','BSE-Mathematics','1976',NULL,NULL,'',NULL),(705,'69','Elementary','Naga College Foundation','Naga City','MAED-Mathematics','1987',NULL,NULL,'',NULL),(706,'69','Elementary','Naga College Foundation','Naga City','Ph.D. - Human Resource Mgt.','2001',NULL,NULL,'',NULL),(715,'70','Elementary','Adamson University','Manila','AB Mass Communication','1998',NULL,NULL,'',NULL),(716,'70','Elementary','University of Nueva Caceres','Naga City','Bachelor of Laws','2007',NULL,NULL,'',NULL),(717,'70','Elementary','University of Santo Tomas','Manila','M.A. Literature','26 u',NULL,NULL,'',NULL),(728,'71','Elementary','CSNCAT','Naga City','BSIE-General Stream','1977',NULL,NULL,'',NULL),(729,'71','Elementary','Technological University of the Phils. ','Manila','MAT 33 units','',NULL,NULL,'',NULL),(738,'72','Elementary','CSNCAT','Naga City','BSIE-General Stream','1979',NULL,NULL,'',NULL),(739,'72','Elementary','Naga College Foundation','Naga City','MAED-Administration & Supervis','2002',NULL,NULL,'',NULL),(740,'72','Elementary','Partido College','Goa, Cam. Sur','','',NULL,NULL,'',NULL),(751,'73','College','University of the Philippines','Diliman Quezon City','BSE-Filipino','1994',NULL,NULL,'',NULL),(752,'73','Graduate Studies','Naga College Foundation','Naga City','MAED-Administration & Supervis','2005',NULL,NULL,'',NULL),(753,'73','Graduate Studies','University of Nueva Caceres','Naga City','Ed.D. - Teaching Filipino Lang','2010',NULL,NULL,'',NULL),(762,'74','Elementary','Bicol University','Legazpi city','BSIE-Garments Trades','1975',NULL,NULL,'',NULL),(763,'74','Elementary','University of Northeast Phils. ','Iriga City','MAED-Adm. & Supervision','1998',NULL,NULL,'',NULL),(776,'75','Elementary','University of Nueva Caceres','Naga City','BS-Engineering','1994',NULL,NULL,'',NULL),(777,'75','Elementary','Partido College','Goa, Cam. Sur','MAED-Mathematics','2007',NULL,NULL,'',NULL),(786,'76','College','BIST','Impig, Sipocot, Cam. Sur','BSIE-Tech. & Home Economics','1998',NULL,NULL,'',NULL),(787,'76','Graduate Studies','Naga College Foundation','Naga City','MAED-Filipino','2013',NULL,NULL,'',NULL),(800,'77','Elementary','BIST','Impig, Sipocot, Cam. Sur','BS-Information Technology','2001',NULL,NULL,'',NULL),(807,'78','Elementary','University of Northeastern Philippines','Iriga City','BSED-English','2004',NULL,NULL,'',NULL),(808,'78','Elementary','University of Northeastern Philippines','Iriga City','MAED-English','2013',NULL,NULL,'',NULL),(819,'79','College','Bicol University College of Arts and Trades','Legazpi City','Two-Year Trade Technical','1987',NULL,NULL,'',NULL),(820,'79','College','Bicol University','Legazpi City','BSIE-Drafting Tech. ','1991',NULL,NULL,'',NULL),(821,'79','Graduate Studies','Partido College','Goa, Camarines Sur','MAED-Admin. & Supervision','2010',NULL,NULL,'',NULL),(836,'80','College','University of Nueva Caceres','Naga City','BSE-English','1992',NULL,NULL,'',NULL),(837,'80','Graduate Studies','Ateneo de Naga University','Naga City','MAED-English','21 u',NULL,NULL,'',NULL),(848,'81','College','FEATI University','Manila','BS-Business Administration-Acc','1981',NULL,NULL,'',NULL),(849,'81','College','Felix O. Alfelor Foundation College','Sipocot, Cam. Sur','Methods of Teaching','36 u',NULL,NULL,'',NULL),(858,'82','Elementary','CSSAC','Pili, Cam. Sur','BS-Agricultural Education','1978',NULL,NULL,'',NULL),(867,'83','College','Adamson University','San Marcelino, Manila','Bachelor of Arts in Economics','1980',NULL,NULL,'',NULL),(868,'83','College','Jose Rizal Univerisity','Mandaluyong City','Bachelor of Laws','2002',NULL,NULL,'',NULL),(877,'84','Elementary','BIST','Impig, Sipocot, Cam. Sur','BSE-Mathematics','',NULL,NULL,'',NULL),(878,'84','Elementary','Bicol State University Applied Sciences & Tech. ','','MAED-Mathematics (15 units)','',NULL,NULL,'',NULL),(887,'85','Elementary','CSSAC-Sipocot','Impig, Sipocot, Cam. Sur','BSIT-Electrical Tech.','2008',NULL,NULL,'',NULL),(896,'86','Elementary','Polytechnic University of the Phils-Extension ','Ragay, Camarines Sur','BSE-Filipino','2002',NULL,NULL,'',NULL),(903,'87','Elementary','Bicol University','Legazpi City','Bachelor of Physical Education','2011',NULL,NULL,'',NULL),(916,'88','Elementary','Ateneo de Naga University','Naga City','BS-Entrepreneurship','2011',NULL,NULL,'',NULL),(917,'88','Elementary','Ateneo de Naga University','Naga City','Method of Teaching','2012',NULL,NULL,'',NULL),(924,'89','Elementary','CSSAC-Sipocot','Sipocot, Camarines Sur','BS-Criminology','2000',NULL,NULL,'',NULL),(925,'89','Elementary','Naga College Foundation','Naga City','MAED - 27 units','',NULL,NULL,'',NULL),(936,'90','College','CSSAC-Sipocot','Sipocot, Camarines Sur','BSIT-Food Trades','2009',NULL,NULL,'',NULL),(941,'91','College','CSSAC-Sipocot','Impig, Sipocot, Cam. Sur','BS-Criminology','2005',NULL,NULL,'',NULL),(946,'92','Elementary','CSSAC-Sipocot','Sipocot, Camarines Sur','BS-Information Tech. ','2013',NULL,NULL,'',NULL),(947,'92','Elementary','Click here to add another school...','','','',NULL,NULL,'',NULL),(956,'93','College','University of Northeastern Philippines','Iriga City','BS-Hotel in Restaurant Managem','2001',NULL,NULL,'',NULL),(957,'93','College','Felix O. Alfelor Sr. Foundation College','Sipocot, Cam. Sur','BSE','2004',NULL,NULL,'',NULL),(964,'94','College','CSSAC-Sipocot','Sipocot, Camarines Sur','BS-Information Technology','2010',NULL,NULL,'',NULL),(975,'95','Elementary','University of Nueva Caceres','Naga City','BS-Computer Science','2011',NULL,NULL,'',NULL),(982,'96','Elementary','CSSAC-Sipocot','Sipocot, Cam. Sur','BS-Information Technology','2002',NULL,NULL,'',NULL),(989,'97','Elementary','Ateneo de Naga University','Naga City','AB-Political Science','2007',NULL,NULL,'',NULL),(990,'97','Elementary','University of Nueva Caceres','Naga City','Bachelor of Laws','2013',NULL,NULL,'',NULL),(1011,'100','College','Universidad de Santa Isabel','Naga City','BS-Commerce','2005',NULL,NULL,'',NULL),(1018,'101','College','CSSAC-Sipocot','Sipocot, Cam. Sur','BS-Criminology','2003',NULL,NULL,'',NULL),(1019,'101','College','University of Nueva Caceres','Naga City','Bachelor of Law','2012',NULL,NULL,'',NULL),(1028,'102','College','Camarines Sur Polytehnic Colleges','Naga City','BSIT-Automotive Tech. ','2010',NULL,NULL,'',NULL),(1035,'103','College','CBSUA-Pili','Pili, Camarines Sur','BS-Food Technology','2012',NULL,NULL,'',NULL),(1044,'104','Elementary','Ateneo de Naga','Naga City','AB-Economics','1997',NULL,NULL,'',NULL),(1051,'105','College','Bicol University','Legazpi City','BSED-Home Economics','1991',NULL,NULL,'',NULL),(1052,'105','Graduate Studies','Bicol College of Arts & Trades','Naga City','MAED-Tech. & Home Economics','21 u',NULL,NULL,'',NULL),(1063,'106','Elementary','CBSUA-Sipocot','Impig, Sipocot, Cam. Sur','BSE-English','2012',NULL,NULL,'',NULL),(1072,'107','Elementary','Ateneo de Naga University','Naga City','BS-Biology','1995',NULL,NULL,'',NULL),(1073,'107','Elementary','Ateneo de Naga University','Naga City','MAED-Environmental Science','36 u',NULL,NULL,'',NULL),(1084,'108','Elementary','Centro Escolar University','Manila','BS-Medicalk Technology','1971',NULL,NULL,'',NULL),(1085,'108','Elementary','Ateneo de Naga University','Naga City','MAED-Environmental Science','2008',NULL,NULL,'',NULL),(1094,'109','Elementary','CBSUA-Sipocot','Impig, Sipocot, Cam. Sur','BSE-English','2012',NULL,NULL,'',NULL),(1101,'110','Elementary','CBSUA-Sipocot','Impig, Sipocot, Cam. Sur','BSE-English ','2013',NULL,NULL,'',NULL),(1108,'111','Elementary','CBSUA-Sipocot','Impig, Sipocot, Cam. Sur','BS-Information Technology','2012',NULL,NULL,'',NULL),(1113,'112','Elementary','Summer Bible Institute','Sipocot, Cam. Sur','Christian Education','1996',NULL,NULL,'',NULL),(1114,'112','Elementary','University of Nueva Caceres','Naga City','BS-Accountancy','1999',NULL,NULL,'',NULL),(1121,'113','College','CSSAC-Sipocot','Impig, Sipoocot, Cam. Sur','BS-Information Technology','2008',NULL,NULL,'',NULL),(1128,'114','College','University of Nueva Caceres','Naga City','AB-Political Science','1994',NULL,NULL,'',NULL),(1135,'115','Elementary','CSSAC-Sipocot','Impig, Sipocot, Cam. Sur','BS-Information Tech. ','2008',NULL,NULL,'',NULL),(1136,'115','Elementary','Ateneo de Naga University','Naga City','MAED-Information Tech','with',NULL,NULL,'',NULL),(1145,'116','College','CSSAC-Sipocot','Impig, Sipocot, Cam. Sur','BS-Information Technology','2005',NULL,NULL,'',NULL),(1156,'117','Elementary','CBSUA-Sipocot','Impig, Sipocot, Cam. Sur','BS-Information Technology','1998',NULL,NULL,'',NULL),(1165,'118','College','Naga College Foundation','Sipocot, Cam. Sur','BS-Commerce','1996',NULL,NULL,'',NULL),(1174,'119','College','University of Nueva Caceres','Naga City','BS-Biology','2009',NULL,NULL,'',NULL),(1183,'121','College','CSSAC-Sipocot','Impig, Sipocot, Cam. Sur','BS-Criminology','2006',NULL,NULL,'',NULL),(1192,'122','College','BIST','Impig, Sipocot, Cam. Sur','IT-Automotive','1996',NULL,NULL,'',NULL),(1199,'123','Elementary','CBSUA-Sipocot','Impig, Sipocot, Cam. Sur','BS-Information Technology','2012',NULL,NULL,'',NULL),(1206,'124','Elementary','Felix O. Alfelor Sr. Foundtion College','Sipocot, Cam. Sur','BS-Business Administration ','1997',NULL,NULL,'',NULL),(1209,'120','Elementary','Ateneo de Naga University','Naga City','BSBA-HHHCM','2010',NULL,NULL,'',NULL),(1216,'125','College','BIST','Impig, Sipocot, Cam. Sur','BSE-Mathematics','1997',NULL,NULL,'',NULL),(1223,'126','Elementary','CBSUA-Sipocot','Sipocot, Camarines Sur','BS-Information Technology','2006',NULL,NULL,'',NULL),(1228,'127','Elementary','Nueva Vizcaya State University','Nueva Vizcaya','BS-Agricultural Engineering','2002',NULL,NULL,'',NULL),(1237,'128','Elementary','CSSAC-Sipocot','Impig, Sipocot, Cam. Sur','BS-Information Technology','',NULL,NULL,'',NULL),(1244,'129','College','Pamantasan ng Lungsod ng Muntinlupa','Muntinlupa City','BS-Criminology','2010',NULL,NULL,'',NULL),(1269,'30','Elementary','North Villazar Elementary School','Villazar, Sipocot, Camarines Sur','Elementary','1994',NULL,NULL,'0',NULL),(1270,'30','Elementary','University of Nueva Caceres','Naga City','Secondary','1998',NULL,NULL,'0',NULL),(1273,'20','Elementary','Bikal Elementary School','Bikal, Libmanan, Camarines Sur','Elementary','1985',NULL,NULL,'0',NULL),(1274,'20','Secondary','Sipocot National School of Arts and Trades','Impig, Sipocot, Camarines Sur','Secondary','1990',NULL,NULL,'0',NULL),(1279,'23','Elementary','Calagbangan Elementary School','Calagbangan, Sipocot, Cam. Sur','Elementary','1986',NULL,NULL,'0',NULL),(1280,'23','Secondary','Felix O. Alfelor Sr., Foundation College','Sipocot, Camarines Sur','Secondary','1990',NULL,NULL,'0',NULL),(1285,'120','Elementary','Sipocot South Central School','Sipocot, Camarines Sur','Elementary','2001',NULL,NULL,'0',NULL),(1286,'120','Elementary','Villazar National High School','Villazar, Sipocot, Camarines Sur','Secondary','2005',NULL,NULL,'0',NULL),(1287,'33','Elementary','North Villazar Elementary School','Villazar, Sipocot, Camarines Sur','Elementary','2002',NULL,NULL,'0',NULL),(1288,'33','Elementary','Sipocot National High School','Tara, Sipocot, Camarines Sur','Secondary','2006',NULL,NULL,'0',NULL),(1293,'26','Elementary','Inaclagan Elementary School','0','Elementary','1961',NULL,NULL,'0',NULL),(1294,'26','Elementary','Eastern Quezon College','Gumaca, Quezon','Secondary','1965',NULL,NULL,'0',NULL),(1303,'112','Elementary','Bolo Norte Elementary School','Bolo Norte, Sipocot, Camarines Sur','Elementary','1990',NULL,NULL,'0',NULL),(1304,'112','Elementary','Bicol Institute of Science and Technology','Impig, Sipocot, Camarines Sur','Secondary','1994',NULL,NULL,'0',NULL),(1305,'100','Elementary','Barcelonita Elementary School','Barcelonita, Cabusao, Camarines Sur','Elementary','1997',NULL,NULL,'0',NULL),(1306,'100','Secondary','Barcelonita Fisheries School','Barcelonita, Cabusao, Camarines Sur','Secondary','2001',NULL,NULL,'0',NULL),(1315,'37','Elementary','Panal-Bankilingan Elementary School','0','Elementary','1978',NULL,NULL,'0',NULL),(1316,'37','Secondary','Tabaco National High School','Tabaco, Albay','Secondary','1982',NULL,NULL,'0',NULL),(1317,'58','Elementary','Sipocot South Central','Sipocot, Camarines Sur','Elementary','1975',NULL,NULL,'0',NULL),(1318,'58','Secondary','Sipocot Saint John Academy','Sipocot, Camarines Sur','Secondary','1979',NULL,NULL,'0',NULL),(1319,'53','Elementary','Sipocot South Central','Sipocot, Camarines Sur','Elementary','1969',NULL,NULL,'0',NULL),(1320,'53','Elementary','Sipocot Saint John College','Sipocot, Camarines Sur','Secondary','1973',NULL,NULL,'0',NULL),(1321,'71','Elementary','Sta Lourdes Community School','0','Elementary','1969',NULL,NULL,'0',NULL),(1322,'71','Elementary','Camarines Sur National College of Arts and Trades','Naga City','Secondary','1973',NULL,NULL,'0',NULL),(1323,'14','Elementary','Sipocot North Central School','Impig, Sipocot, Camarines Sur','Elementary','1984',NULL,NULL,'Graduated',NULL),(1324,'14','Secondary','Sipocot National School of Arts and Trades','Impig, Sipocot, Camarines Sur','Secondary','1989',NULL,NULL,'Graduated',NULL),(1325,'76','Elementary','Mambayawas Elementary School','Libmanan, Camarines Sur','Elementary','1987',NULL,NULL,'0',NULL),(1326,'76','Secondary','Bicol Central Academy','Libmanan, Camarines Sur','Secondary','1991',NULL,NULL,'0',NULL),(1327,'65','Elementary','Libmanan South Central','Libmanan, Camarines Sur','Elementary','1989',NULL,NULL,'0',NULL),(1328,'65','Elementary','San Isidro High School','Libmanan, Camarines Sur','Secondary','1993',NULL,NULL,'0',NULL),(1331,'80','Elementary','Caima Elementary School','Caima, Sipocot, Camarines Sur','Elementary','1984',NULL,NULL,'0',NULL),(1332,'80','Secondary','Holy Rosary Minor Seminary','Naga City','Secondary','1988',NULL,NULL,'0',NULL),(1337,'64','Elementary','Mambulo Nuevo Elementary School','Mambulo, Libmanan, Camarines Sur','Elementary','1978',NULL,NULL,'0',NULL),(1338,'64','Secondary','Camarines Sur National College of Arts and Trades','Naga City','Secondary','1982',NULL,NULL,'0',NULL),(1339,'16','Elementary','Sipocot South Central','Sipocot, Camarines Sur','Elementary','1982',NULL,NULL,'0',NULL),(1340,'16','Secondary','Felix Alfelor Foundation College','Sipocot, Camarines Sur','Secondary','1986',NULL,NULL,'0',NULL),(1343,'109','Elementary','Sipocot North Central School','Impig, Sipocot, Camarines Sur','Elementary','2004',NULL,NULL,'0',NULL),(1344,'109','Elementary','Sipocot National High School','Tara, Sipocot, Camarines Sur','Secondary','2008',NULL,NULL,'0',NULL),(1347,'62','Elementary','Sipocot South Central School','Sipocot, Camarines Sur','Elementary','1988',NULL,NULL,'',NULL),(1348,'62','Secondary','Colegio de Santa Isabel','Naga City','Secondary','1992',NULL,NULL,'0',NULL),(1349,'36','Elementary','North Villazar Elementary School','Villazar, Sipocot, Camarines Sur','Elementary','1986',NULL,NULL,'0',NULL),(1350,'36','Secondary','Mabini College','Daet, Camarines Norte','Secondary','1990',NULL,NULL,'0',NULL),(1351,'75','Elementary','Calauag Elementary School','Calauag, Naga City','Elementary','1985',NULL,NULL,'0',NULL),(1352,'75','Elementary','Colegio de Santa Isabel','Naga City','Secondary','1989',NULL,NULL,'0',NULL),(1353,'113','Elementary','Sipocot North Central School','Impig, Sipocot, Camarines Sur','Elementary','2000',NULL,NULL,'0',NULL),(1354,'113','Secondary','Sipocot National High School','Tara, Sipocot, Camarines Sur','Secondary','2004',NULL,NULL,'0',NULL),(1357,'126','Elementary','Sipocot South Central School','Sipocot, Camarines Sur','Elementary','1998',NULL,NULL,'0',NULL),(1358,'126','Elementary','Sipocot National High School','Tara, Sipocot, Camarines Sur','Secondary','2002',NULL,NULL,'0',NULL),(1361,'127','Elementary','La Torre Elementary School','Nueva Vizcaya','Elementary','1990',NULL,NULL,'0',NULL),(1362,'127','Elementary','Saint Mary`s University','Nueva Vizcaya','Secondary','1994',NULL,NULL,'0',NULL),(1363,'123','Elementary','Caima Elementary School','Caima, Camarines Sur','Elementary','2003',NULL,NULL,'0',NULL),(1364,'123','Elementary','Sipocot National High School','Tara, Sipocot, Camarines Sur','Secondary','2007',NULL,NULL,'0',NULL),(1365,'77','Elementary','Sipocot South Central School','Sipocot, Camarines Sur','Elementary','1993',NULL,NULL,'0',NULL),(1366,'77','Elementary','Bicol Institute of Science and Technology','Impig, Sipocot, Camarines Sur','Secondary','1997',NULL,NULL,'0',NULL),(1373,'56','Elementary','Sipocot South Central School','Sipocot, Camarines Sur','Elementary','1974',NULL,NULL,'0',NULL),(1374,'56','Secondary','Sipocot National School of Arts and Trades','Impig, Sipocot, Camarines Sur','Secondary','1978',NULL,NULL,'0',NULL),(1375,'40','Elementary','Calalahan Elementary School','0','Elementary','1982',NULL,NULL,'0',NULL),(1376,'40','Secondary','Partido National High School','Partido, Camarines Sur','Secondary','1987',NULL,NULL,'0',NULL),(1377,'38','Elementary','Pamplona Central School','Pamplona, Camarines Sur','Elementary','1983',NULL,NULL,'0',NULL),(1378,'38','Secondary','Bicol College of Arts and Trades','Naga City','Secondary','1987',NULL,NULL,'0',NULL),(1383,'60','Elementary','Sipocot South Central School','Sipocot, Camarines Sur','Elementary','1983',NULL,NULL,'0',NULL),(1384,'60','Secondary','Impig National High School','Sipocot, Camarines Sur','Secondary','1987',NULL,NULL,'0',NULL),(1391,'59','Elementary','Sigamot Elementary School','Sigamot, Libmanan, Camarines Sur','Elementary','1976',NULL,NULL,'0',NULL),(1392,'59','Secondary','Sipocot National School of Arts and Trades','Impig, Sipocot, Camarines Sur','Secondary','1980',NULL,NULL,'0',NULL),(1395,'63','Elementary','Balubal Elementary School','0','Elementary','1986',NULL,NULL,'0',NULL),(1396,'63','Secondary','Sipocot National School of Arts and Trades','Sipocot, Camarines Sur','Secondary','1990',NULL,NULL,'0',NULL),(1405,'74','Elementary','Linao Community School','Albay','Elementary','1966',NULL,NULL,'0',NULL),(1406,'74','Elementary','Libon Private High School','Libon, Albay','Secondary','1970',NULL,NULL,'0',NULL),(1413,'68','Elementary','Bel-Cruz Elementary School','0','Elementary','1990',NULL,NULL,'0',NULL),(1414,'68','Secondary','Felix O. Alfelor Sr. Foundation College','Sipocot, Camarines Sur','Secondary','1994',NULL,NULL,'0',NULL),(1415,'101','Elementary','Barcelonoita Elementary School','Barcelonita, Camarines Sur','Elementary','1995',NULL,NULL,'0',NULL),(1416,'101','Secondary','Sipocot National High School','Tara, Sipocot, Camarines Sur','Secondary','1999',NULL,NULL,'0',NULL),(1419,'99','Elementary','Biong Elementary School','Biong Cabusao, Camarines Sur','Elementary','1989',NULL,NULL,'0',NULL),(1420,'99','Secondary','0','0','Secondary','0',NULL,NULL,'0',NULL),(1425,'52','Elementary','Sipocot South Central School','Sipocot, Camarines Sur','Elementary','1997',NULL,NULL,'0',NULL),(1426,'52','Secondary','Sipocot National High School','Sipocot, Camarines Sur','Secondary','2001',NULL,NULL,'0',NULL),(1437,'87','Elementary','Sipocot North Central School','Impig, Sipocot, Camarines Sur','Elementary','2003',NULL,NULL,'0',NULL),(1438,'87','Elementary','Sipocot National High School','Tara, Sipocot, Camarines Sur','Secondary','2007',NULL,NULL,'0',NULL),(1439,'66','Elementary','Naga College Foundation','Naga City','Elementary','1993',NULL,NULL,'0',NULL),(1440,'66','Secondary','Ateneo de Naga University','Naga City','Secondary','1997',NULL,NULL,'0',NULL),(1447,'78','Elementary','Iriga South Central School','Iriga City','Elementary','2001',NULL,NULL,'0',NULL),(1448,'78','Elementary','Rinconada National Technical Vocational School','Iriga City','Secondary','2005',NULL,NULL,'0',NULL),(1461,'55','Elementary','Sipocot South Central School','Sipocot, Camarines Sur','Elementary','1997',NULL,NULL,'0',NULL),(1462,'55','Elementary','Sipocot National High School','Sipocot, Camarines Sur','Secondary','2001',NULL,NULL,'0',NULL),(1471,'73','Elementary','Naga College','Naga City','Elementary','1984',NULL,NULL,'0',NULL),(1472,'73','Secondary','Naga College Foundation','Naga City','Secondary','1988',NULL,NULL,'0',NULL),(1473,'92','Elementary','Malansad Nuevo Elementary School','Malansad, Libmanan, Camarines Sur','Elementary','2005',NULL,NULL,'0',NULL),(1474,'92','Elementary','Malansad Nuevo High School','Malansad, Libmanan, Camarines Sur','Secondary','2009',NULL,NULL,'0',NULL),(1475,'105','Elementary','Sipocot North Central School','Sipocot, Camarines Sur','Elementary','1981',NULL,NULL,'0',NULL),(1476,'105','Secondary','Sipocot National School of Arts and Trades','Impig, Sipocot, Camarines Sur','Secondary','1985',NULL,NULL,'0',NULL),(1479,'32','Elementary','Sipocot North Central School','Impig, Sipocot, Camarines Sur','Elementary','2001',NULL,NULL,'0',NULL),(1480,'32','Elementary','Sipocot National High School','Sipocot, Camarines Sur','Secondary','2005',NULL,NULL,'0',NULL),(1483,'85','Elementary','Sooc Elementary School','Sooc, Camarines Sur','Elementary','1999',NULL,NULL,'0',NULL),(1484,'85','Elementary','Villazar National High School','Villazar, Sipocot, Camarines Sur','Secondary','2003',NULL,NULL,'0',NULL),(1487,'25','Elementary','Sipocot South Central School','Sipocot, Camarines Sur','Elementary','1981',NULL,NULL,'0',NULL),(1488,'25','Secondary','Sipocot National School of Arts and Trades','Impig, Sipocot, Camarines Sur','Secondary','1985',NULL,NULL,'0',NULL),(1491,'31','Elementary','May-Ogob Elementary School','0','Elementary','1978',NULL,NULL,'0',NULL),(1492,'31','Elementary','Partido National High School','Partido, Camarines Sur','Secondary','1985',NULL,NULL,'0',NULL),(1493,'96','Elementary','Southcom Elementary School','0','Elementary','1994',NULL,NULL,'0',NULL),(1494,'96','Elementary','Zamboanga City Polytechnic College','Zamboanga City','Secondary','1981',NULL,NULL,'0',NULL),(1495,'95','Elementary','Felix O. Alfelor Sr. Foundation College','Sipocot, Camarines Sur','Elementary','2003',NULL,NULL,'0',NULL),(1496,'95','Elementary','Felix O. Alfelor Sr. Foundation College','Sipocot, Camarines Sur','Secondary','2007',NULL,NULL,'0',NULL),(1499,'88','Elementary','Sipocot North Central School','Impig, Sipocot, Camarines Sur','Elementary','1996',NULL,NULL,'0',NULL),(1500,'88','Elementary','Colegio de Sta Isabel','Naga City','Secondary','2000',NULL,NULL,'0',NULL),(1505,'108','Elementary','Sipocot North Central School','Sipocot, Camarines Sur','Elementary','1962',NULL,NULL,'0',NULL),(1506,'108','Elementary','Sipocot Saint John Academy','Sipocot, Camarines Sur','Secondary','1966',NULL,NULL,'0',NULL),(1509,'12','Elementary','Pugod Elementary School','Ragay, Camarines Sur','Elementary','1990',NULL,NULL,'0',NULL),(1510,'12','Secondary','Quezon Camarines High School','0','Secondary','1994',NULL,NULL,'0',NULL),(1511,'117','Elementary','Cabuyao Elementary School','Cabuyao, Sipocot, Camarines Sur','Elementary','1965',NULL,NULL,'0',NULL),(1512,'117','Elementary','University of Nueva Caceres','Naga City','Secondary','1969',NULL,NULL,'0',NULL),(1567,'150','Elementary','','','Elementary','2015',NULL,NULL,'',NULL),(1568,'150','Elementary','','','Secondary','2015',NULL,NULL,'',NULL),(1581,'154','Elementary','','','Elementary','2015',NULL,NULL,'',NULL),(1582,'154','Elementary','','','Secondary','2015',NULL,NULL,'',NULL),(1605,'4','Elementary','','','Elementary','2013',NULL,NULL,'',NULL),(1606,'4','Secondary','','','Secondary','2013',NULL,NULL,'',NULL),(1611,'1','Elementary','Sipocot North Central Schoolsxc','Impig, Sipocot, Camarines Sur','Elementary','1976','2020-10-05','2020-10-06','None',''),(1621,'165','Elementary','Goa Central School','Goa, Camarines Sur','Elementary','2003',NULL,NULL,'0',NULL),(1622,'165','Elementary','San Rafael National High School','Goa, Camarines Sur','Secondary','2007',NULL,NULL,'0',NULL),(1623,'165','Elementary','Partido State University','Goa, Cam. Sur','BS-Office Administration',' 201',NULL,NULL,'',NULL),(1634,'130','College','Ateneo de Naga University','Naga City','BS-Elem. Education','2000',NULL,NULL,'',NULL),(1641,'132','Elementary','CBSUA-Sipocot','Impig, Sip. Cam. Sur','BS-Information Tech.','2014',NULL,NULL,'',NULL),(1644,'57','Elementary','San Jose Central School','San Jose, Lagonoy, Camarines Sur','Elementary','1982',NULL,NULL,'0',NULL),(1645,'57','Secondary','San Jose Barangay High School','San Jose, Lagonoy, Camarines Sur','Secondary','1986',NULL,NULL,'0',NULL),(1646,'3','Elementary','Vigaan Elementary School','Vigaan, Sipocot, Camarines Sur','Elementary','1986',NULL,NULL,'0',NULL),(1647,'3','Elementary','Sipocot National School of Arts and Trades','Impig, Sipocot, Camarines Sur','Secondary','1989',NULL,NULL,'0',NULL),(1656,'133','Elementary','CBSUA-Sipocot','Impig, Sip. Cam. Sur','BS-Information Tech.','2014',NULL,NULL,'',NULL),(1663,'134','Elementary','University of Nueva Caceres','Naga City','BS-Mechanical Engineering','987',NULL,NULL,'',NULL),(1676,'135','Elementary','CBSUA-Sipocot','Impig, Sipocot, Cam. Sur','BS-Information Tech.','2014',NULL,NULL,'',NULL),(1691,'136','College','CBSUA-Sipocot','Impig, Sipocot, Cam. Sur','BSIT-Food Technology','2012',NULL,NULL,'',NULL),(1704,'137','Elementary','CBSUA-Sipocot','Impig, Sip. Cam. Sur','BS-Crim. - Undergrad.','',NULL,NULL,'',NULL),(1719,'138','College','CBSUA-Sipocot','Impig, Sipocot, Cam. Sur','BS-Information Tech.','2012',NULL,NULL,'',NULL),(1732,'139','Elementary','CBSUA-Sipocot','Impig, Sip. Cam. Sur','BSED-Biology','2014',NULL,NULL,'',NULL),(1741,'140','Elementary','CBSUA-Sipocot','Impig, Sipocot, Cam. Sur','BS-Information Tech. ','2012',NULL,NULL,'',NULL),(1750,'141','Elementary','Naga College Foundation','Naga City','BS-Criminology','2011',NULL,NULL,'',NULL),(1763,'142','Elementary','CSSAC-Sipocot','Impig, Sip. Cam. Sur','BS-Information Tech.','2004',NULL,NULL,'',NULL),(1772,'143','Elementary','CSSAC-Sipocot','Sipocot, Camarines Sur','BS-Information Tech. ','2008',NULL,NULL,'',NULL),(1783,'144','Elementary','Ateneo de Naga University','Naga City','BSBA-Hospitality Home Health C','2014',NULL,NULL,'',NULL),(1794,'145','Elementary','Catanduanes State University','Catanduanes','BS-Agriculture','2013',NULL,NULL,'',NULL),(1797,'145','Elementary','Bulawan Sr. Elementary School','Bulawan, Lupi, Camarines Sur','Elementary','2005',NULL,NULL,'0',NULL),(1798,'145','Elementary','St. Peter Baptist College Foundation','Lupi, Camarines Sur','Secondary','2009',NULL,NULL,'0',NULL),(1807,'146','College','CBSUA-Sipocot','Impig, Sipocot, Cam. Sur','BSED-English','2014',NULL,NULL,'',NULL),(1818,'147','College','Bicol University','Legazpi City','BSE-Chemistry','1995',NULL,NULL,'',NULL),(1819,'147','Graduate Studies','CBSUA-Sipocot','Sipocot, Cam. Sur','MAED-Agricultural Education','2013',NULL,NULL,'',NULL),(1822,'147','Elementary','Sipocot South Central School','Sipocot, Camarines Sur','Elementary','1987',NULL,NULL,'0',NULL),(1823,'147','Secondary','Sipocot National High School','Tara, Sipocot, Camarines Sur','Secondary','1991',NULL,NULL,'0',NULL),(1832,'148','Elementary','Universidad de Sta Isabel','Naga City','BA-Mass Communication','2014',NULL,NULL,'',NULL),(1839,'149','College','Mariner`s Polytechnic Colleges','Baras, Canaman, Cam. Sur','BSMT','1984',NULL,NULL,'',NULL),(1852,'151','Elementary','Datamex Institute of Computer Technology','Naga City','Computer Programming NC IV','03/2',NULL,NULL,'',NULL),(1853,'151','Elementary','CBSUA-Sipocot','Impig, Sip. Cam. Sur','BS-Information Tech. ','2014',NULL,NULL,'',NULL),(1862,'151','Elementary','San Juan Elementary School','Milaor, Camarines Sur','Elementary','2004',NULL,NULL,'0',NULL),(1863,'151','Elementary','Milaor High School','Milaor, Camarines Sur','Secondary','2007',NULL,NULL,'0',NULL),(1870,'152','Elementary','CBSUA-Sipocot','Impig, Sipocot, Cam. Sur','BS-Criminology','2014',NULL,NULL,'',NULL),(1883,'153','College','CBSUA-Sipocot','Impig, Sipocot, Cam. Sur','BS-Information Tech.','2014',NULL,NULL,'',NULL),(1936,'158','College','CCSAC-Sipocot','Sipocot, Cam. Sur','BS-Information Tech. ','2008',NULL,NULL,'',NULL),(1947,'159','Elementary','CBSUA-Sipocot','Impig, Sipocot, Cam. Sur','BS-Criminology','2013',NULL,NULL,'',NULL),(1960,'49','Elementary','Sipocot North Central School','Impig, Sipocot, Camarines Sur','Elementary','1971',NULL,NULL,'0',NULL),(1961,'49','Secondary','Sipocot Saint John Academy','Sipocot, Camarines Sur','Secondary','1975',NULL,NULL,'0',NULL),(1962,'116','Elementary','Sipocot South Central','Sipocot, Camarines Sur','Elementary','1995',NULL,NULL,'0',NULL),(1963,'116','Secondary','Felix O. Alfelor College','Sipocot, Camarines Sur','Secondary','1999',NULL,NULL,'0',NULL),(1966,'90','Elementary','Calagbangan Elementary School','Calagbangan, Sipocot, Camarines Sur','Elementary','2001',NULL,NULL,'0',NULL),(1967,'90','Secondary','Villazar National High School','Villazar, Sipocot, Camarines Sur','Secondary','2005',NULL,NULL,'0',NULL),(1970,'134','Elementary','University of Nueva Caceres','Naga City','Elementary','1974',NULL,NULL,'0',NULL),(1971,'134','Elementary','University of Nueva Caceres','Naga City','Secondary','1978',NULL,NULL,'0',NULL),(1974,'102','Elementary','Pili Parochial School','Pili, Camarines Sur','Elementary','2002',NULL,NULL,'0',NULL),(1975,'102','Secondary','Camarines Sur Polytechnic Colleges','Naga City','Secondary','2006',NULL,NULL,'0',NULL),(1984,'161','Elementary','Bicol University','Legazpi City','Bachelor of Communication Arts','2009',NULL,NULL,'',NULL),(2001,'163','Elementary','CBSUA-Sipocot','Impig, Sip. Cam. Sur','BS-Criminology','2014',NULL,NULL,'',NULL),(2018,'114','Elementary','Barcelonita Elementary School','Barcelonita, Cabusao, Camarines Sur','Elementary','1984',NULL,NULL,'0',NULL),(2019,'114','Secondary','Barcelonita Fisheries School','Barcelonita, Cabusao, Camarines Sur','Secondary','1988',NULL,NULL,'0',NULL),(2020,'89','Elementary','North Villazar Elementary School','North Villazar, Sipocot, Camarines Sur','Elementary','1996',NULL,NULL,'0',NULL),(2021,'89','Elementary','Villazar National High School','Villazar, Sipocot, Camarines Sur','Secondary','2000',NULL,NULL,'0',NULL),(2026,'83','Elementary','Sipocot South Central School','Sipocot, Camarines Sur','Elementary','1972',NULL,NULL,'0',NULL),(2027,'83','Secondary','De Ocampo Memorial School','Sta Mesa, Manila','Secondary','1976',NULL,NULL,'0',NULL),(2028,'106','Elementary','Sipocot North Central School','Impig, Sipocot, Camarines Sur','Elementary','2003',NULL,NULL,'0',NULL),(2029,'106','Elementary','Sipocot National High School','Tara, Sipocot, Camarines Sur','Secondary','2007',NULL,NULL,'0',NULL),(2032,'107','Elementary','Universidad de Sta Isabel','Naga City','Elementary','1987',NULL,NULL,'0',NULL),(2033,'107','Elementary','Universidad de Sta Isabel','Naga City','Secondary','1991',NULL,NULL,'0',NULL),(2034,'86','Elementary','Binahan Elementary School','Ragay, Camarines Sur','Elementary','1992',NULL,NULL,'0',NULL),(2035,'86','Elementary','Ragay National Agricultural & Fisheries School','Liboro, Ragay, Camarines Sur','Secondary','1995',NULL,NULL,'0',NULL),(2044,'128','Elementary','Sipocot South Central School','Sipocot, Camarines Sur','Elementary','1999',NULL,NULL,'0',NULL),(2045,'128','Elementary','Felix O. Alfelor Sr. Foundation College','Sipocot, Camarines Sur','Secondary','2003',NULL,NULL,'0',NULL),(2048,'149','Elementary','Mambulo Elementary School','Mambulo, Libmanan, Camarines Sur','Elementary','1977',NULL,NULL,'0',NULL),(2049,'149','Secondary','Naga College Foundation','Naga City','Secondary','1981',NULL,NULL,'0',NULL),(2052,'115','Elementary','Sipocot North Central School','Impig, Sipocot, Camarines Sur','Elementary','2000',NULL,NULL,'0',NULL),(2053,'115','Elementary','Sipocot National High School','Tara, Sipocot, Camarines Sur','Secondary','2014',NULL,NULL,'',NULL),(2054,'144','Elementary','Serranzana Elementary School','Serranzana, Sipocot, Camarines Sur','Elementary','2005',NULL,NULL,'0',NULL),(2055,'144','Elementary','Anib National High School','Anib, Sipocot, Camarines Sur','Secondary','2009',NULL,NULL,'0',NULL),(2056,'94','Elementary','South Villazar Elementary School','South Villazar, Sipocot, Camarines Sur','Elementary','2002',NULL,NULL,'0',NULL),(2057,'94','Secondary','Villazar National High School','Villazar, Sipocot, Camarines Sur','Secondary','2006',NULL,NULL,'0',NULL),(2058,'104','Elementary','Sipocot South Central School','Sipocot, Camarines Sur','Elementary','1987',NULL,NULL,'0',NULL),(2059,'104','Elementary','Ateneo de Naga','Naga City','Secondary','1991',NULL,NULL,'0',NULL),(2060,'133','Elementary','Libmanan North Central School','Libmanana, Camarines Sur','Elementary','2006',NULL,NULL,'',NULL),(2061,'133','Elementary','Bicol Central Academy','Libmanan, Camarines Sur','Secondary','2010',NULL,NULL,'',NULL),(2062,'110','Elementary','Barcelonita Elementary School','Barcelonita, Cabusao, Camarines Sur','Elementary','2003',NULL,NULL,'0',NULL),(2063,'110','Elementary','Barcelonita Fisheries School','Barcelonita, Cabusao, Camarines Sur','Secondary','2007',NULL,NULL,'0',NULL),(2064,'103','Elementary','Sipocot North Central School','Impig, Sipocot, Camarines Sur','Elementary','2002',NULL,NULL,'0',NULL),(2065,'103','Secondary','Sipocot National High School','Tara, Sipocot, Camarines Sur','Secondary','2006',NULL,NULL,'0',NULL),(2066,'146','Elementary','Tara Elementary School','Tara, Sipocot, Camarines Sur','Elementary','2005',NULL,NULL,'0',NULL),(2067,'146','Secondary','Sipocot National High School','Tara, Sipocot, Camarines Sur','Secondary','2009',NULL,NULL,'0',NULL),(2068,'84','Elementary','Sixto T. Bulaong Elementary School','Libmanan, Camarines Sur','Elementary','1989',NULL,NULL,'0',NULL),(2069,'84','Elementary','San Isidro National High School','Libmanan, Camarines Sur','Secondary','1993',NULL,NULL,'0',NULL),(2074,'148','Elementary','Universidad de Sta Isabel','Naga City','Elementary','0',NULL,NULL,'0',NULL),(2075,'148','Elementary','Universidad de Sta Isabel','Naga City','Secondary','0',NULL,NULL,'0',NULL),(2076,'159','Elementary','Tara Elementary School','Tara, Sipocot, Camarines Sur','Elementary','2005',NULL,NULL,'0',NULL),(2077,'159','Elementary','Central Bicol State University of Agriculture-Sipocot','Impig, Sipocot, Camarines Sur','Secondary','2009',NULL,NULL,'0',NULL),(2096,'35','Elementary','','','Elementary','2014',NULL,NULL,'',NULL),(2097,'35','Elementary','','','Secondary','2014',NULL,NULL,'',NULL),(2098,'8','Elementary','Dahilig Elementary School','Gainza, Camarines Sur','Elementary','2013',NULL,NULL,'0',NULL),(2099,'8','Secondary','Bicol College of Arts and Trades','Naga City','Secondary','1985',NULL,NULL,'0',NULL),(2104,'156','Elementary','Sipocot North Central School','Impig, Sipocot, Camarines Sur','Elementary','1995',NULL,NULL,'0',NULL),(2105,'156','Secondary','0','0','Secondary','0',NULL,NULL,'0',NULL),(2116,'155','Elementary','Sipocot North Cental School','Impig, Sipocot, Camarines Sur','Elementary','2005',NULL,NULL,'0',NULL),(2117,'155','Secondary','Sipocot National High School','Tara, Sipocot, Camarines Sur','Secondary','2009',NULL,NULL,'0',NULL),(2126,'166','Elementary','Ateneo de Naga','Naga City','AB Literature','1996',NULL,NULL,'',NULL),(2133,'166','Elementary','Libmanan North Central School','Libmanan, Camarines Sur','Elementary','1983',NULL,NULL,'0',NULL),(2134,'166','Elementary','Bicol Central Academy','Libmanan, Camarines Sur','Secondary','1993',NULL,NULL,'0',NULL),(2139,'171','College','Central Bicol State University of Agriculture','Sipocot, Cam. Sur','BS-Information Tech. ','2014',NULL,NULL,'',NULL),(2144,'171','Elementary','North Cental Elementary School','Libmanan, Camarines Sur','Elementary','2006',NULL,NULL,'0',NULL),(2145,'171','Secondary','Bicol Central Academy','Libmanan, Camarines Sur','Secondary','2010',NULL,NULL,'0',NULL),(2154,'172','Elementary','Bicol Institute of Science and Tech. ','Impig, Sipocot, Cam. Sur','BSE','1997',NULL,NULL,'',NULL),(2165,'167','Elementary','Central Bicol State University of Agriculture','Impig, Sipocot, Cam. Sur','BS-Information Tech. ','2015',NULL,NULL,'',NULL),(2182,'167','Elementary','Sipocot North Central School','Impig, Sipocot, Camarines Sur','Elementary','2007',NULL,NULL,'None',NULL),(2183,'167','Elementary','Sipocot National High School','Tara, Sipocot, Camarines Sur','Secondary','2011',NULL,NULL,'',NULL),(2190,'170','Elementary','Bicol Institute of Science & Tech. ','Impig, Sipocot, Cam. Sur','Technical','1996',NULL,NULL,'',NULL),(2199,'173','Elementary','Bicol College of Arts & Trades','Naga City','Diploma of Tech. Major Electro','2002',NULL,NULL,'',NULL),(2200,'173','Elementary','Central Bicol State University of Agriculture','Pili, Cam. Sur','BS-Agricultural Engineering','2009',NULL,NULL,'',NULL),(2201,'173','Elementary','Naga College Foundation','Naga City','Teachers Certificate Program','2014',NULL,NULL,'',NULL),(2208,'173','Elementary','Colacling Elementary School','Colacling Lupi, Camarines Sur','Elementary','1997',NULL,NULL,'0',NULL),(2209,'173','Elementary','Camarines Sur National High School','Naga City','Secondary','2001',NULL,NULL,'0',NULL),(2214,'174','Elementary','Central Bicol State University of Agriculture','Sipocot, Cam. Sur','BS-Information Tech.','2015',NULL,NULL,'',NULL),(2223,'174','Elementary','Libmanan North Central School','Libmanan, Camarines Sur','Elementary','2007',NULL,NULL,'0',NULL),(2224,'174','Elementary','Bicol Central Academy','Libmanan, Camarines Sur','Secondary','2011',NULL,NULL,'0',NULL),(2242,'176','Elementary','Brentwood College of Asia International School','Naga City','BS-Computer Science','2008',NULL,NULL,'',NULL),(2247,'176','Elementary','Sipocot South Central School','Sipocot, Camarines Sur','Elementary','2000',NULL,NULL,'0',NULL),(2248,'176','Elementary','Sipocot National High School','Tara, Sipocot, Camarines Sur','Secondary','2004',NULL,NULL,'0',NULL),(2255,'177','Elementary','Camarines Sur State Agricultural College','Impig, Sipocot, Cam. Sur','BS-Information Tech. ','2007',NULL,NULL,'',NULL),(2262,'177','Elementary','Lupi Central School','Lupi, Camarines Sur','Elementary','1996',NULL,NULL,'0',NULL),(2263,'177','Elementary','Lupi Iligan High School','Lupi, Camarines Sur','Secondary','2000',NULL,NULL,'0',NULL),(2268,'178','Elementary','University of Nueva Caceres','Naga City','Bachelor in Arts in Psychology','2014',NULL,NULL,'',NULL),(2277,'178','Elementary','University of Nueva Caceres','Naga City','Elementary','2006',NULL,NULL,'0',NULL),(2278,'178','Elementary','University of Nueva Caceres','Naga City','Secondary','2010',NULL,NULL,'0',NULL),(2283,'179','Elementary','Central Bicol State University of Agriculture','Sipocot, Cam. Sur','Bachelor of Secondary Educatio','2015',NULL,NULL,'',NULL),(2288,'179','Elementary','Pugod Elementary School','Ragay, Camarines Sur','Elementary','2007',NULL,NULL,'0',NULL),(2289,'179','Elementary','Ragay National Agricultural and Fisheries School','Regay, Camarines Sur','Secondary','2011',NULL,NULL,'0',NULL),(2296,'168','Elementary','Mariners` Polytechnic Colleges','Naga City','BS-Hotel & Restaurant Manageme','2012',NULL,NULL,'',NULL),(2301,'168','Elementary','Sabang Elementary School','Naga City','Elementary','2004',NULL,NULL,'0',NULL),(2302,'168','Elementary','Sabang High School','Naga City','Secondary','2008',NULL,NULL,'0',NULL),(2317,'19','Elementary','Sipocot North Central School;','Impig, Sipocot, Camarines Sur','Elementary','1984',NULL,NULL,'0',NULL),(2318,'19','Secondary','Heroes Memorial College','0','Secondary','1990',NULL,NULL,'0',NULL),(2329,'180','Elementary','Sipocot South Central School','Sipocot, Camarines Sur','Elementary','2005',NULL,NULL,'0',NULL),(2330,'180','Elementary','Sipocot National High School','Tara, Sipocot, Camarines Sur','Secondary','2009',NULL,NULL,'0',NULL),(2339,'124','Elementary','Sipocot South Central School','Sipocot, Camarines Sur','Elementary','1988',NULL,NULL,'0',NULL),(2340,'124','Elementary','Felix O. Alfelor Sr. Foundation College','Sipocot, Camarines Sur','Secondary','1992',NULL,NULL,'0',NULL),(2345,'98','Elementary','Ragay Central School','Ragay, Camarines Sur','Elementary','1966',NULL,NULL,'0',NULL),(2346,'98','Secondary','Quezon Camarines High School','','Secondary','1970',NULL,NULL,'0',NULL),(2347,'118','Elementary','Calagbangan Elementary School','Calagbanga, Sipocot, Camarines Sur','Elementary','1988',NULL,NULL,'0',NULL),(2348,'118','Secondary','Felix O. Alfelor Sr. Foundation College','Sipocot, Camarines Sur','Secondary','1992',NULL,NULL,'0',NULL),(2353,'9','Elementary','Sta Clara Academy','0','Elementary','1985',NULL,NULL,'Graduated',NULL),(2354,'9','Secondary','Universidad De Sta. Isabel','Naga City','Secondary','1989',NULL,NULL,'Graduated',NULL),(2357,'119','Elementary','Felix O. Alfelor Sr. Foundation College','Sipocot, Camarines Sur','Elementary','2001',NULL,NULL,'0',NULL),(2358,'119','Secondary','Felix O. Alfelor Sr. Foundation College','Sipocot, Camarines Sur','Secondary','2005',NULL,NULL,'0',NULL),(2361,'181','Elementary','Polytehnic University of the Philippines','Ragay, Cam. Sur','Bachelor in Office Administrat','2011',NULL,NULL,'',NULL),(2364,'181','Elementary','Ragay Central School','Ragay, Camarines Sur','Elementary','2003',NULL,NULL,'0',NULL),(2365,'181','Elementary','Tomas Avila     National High School','','Secondary','2007',NULL,NULL,'',NULL),(2376,'182','Elementary','Sipocot North Central School','Impig, Sipocot, Camarines Sur','Elementary','1984',NULL,NULL,'0',NULL),(2377,'182','Elementary','Impig Sipocot National High School','Impig, Sipocot, Camarines Sur','Secondary','1988',NULL,NULL,'0',NULL),(2386,'183','Elementary','Holy Rosary Minor Seminary','Naga City','BA-Major in Philosopy','2006',NULL,NULL,'',NULL),(2387,'183','Elementary','Holy Rosary Major Seminary','Naga City','Bachelor of Sacred Theology','2010',NULL,NULL,'',NULL),(2392,'183','Elementary','Sipocot South Central School','Sipocot. Camarines Sur','Elementary','0',NULL,NULL,'0',NULL),(2393,'183','Elementary','Bicol Institute of Science and Technology','Sipocot, Camarines Sur','Secondary','0',NULL,NULL,'0',NULL),(2398,NULL,'Elementary','Bicol University ','Legazpi City','AB Political Science','2010',NULL,NULL,'',NULL),(2411,'186','Elementary','CBSUA-Sipocot','Sipocot, Cam. Sur','BS Information Tech. ','2015',NULL,NULL,'',NULL),(2414,'186','Elementary','Barcelonita Elementary School','Barcelonita, Cabusao, Cam. Sur','Elementary','2007',NULL,NULL,'0',NULL),(2415,'186','Elementary','San Joaquin Kalawaan High School','0','Secondary','2011',NULL,NULL,'0',NULL),(2420,'187','Elementary','CBSUA-Sipocot','Impig, Sipocot, Cam. Sur','BS-Criminology','2014',NULL,NULL,'',NULL),(2435,'188','Elementary','CSSAC-Main Campus','Pili, Cam. Sur','BS-Environmental Science Major','2005',NULL,NULL,'',NULL),(2438,'188','Elementary','Sipocot North Central School','Impig, Sipocot, Camarines Sur','Elementary','1997',NULL,NULL,'0',NULL),(2439,'188','Elementary','Sipocot National High School','Tara, Sipocot, Camarines Sur','Secondary','2001',NULL,NULL,'0',NULL),(2444,'189','Elementary','Sipocot North Central School','','','',NULL,NULL,'',NULL),(2445,'189','Elementary','CSSAC-SIPOCOT','Impig, Sipocot, Cam. Sur','BSIT-Drafting','2005',NULL,NULL,'',NULL),(2450,'189','Elementary','SIPOCOT NORTH CENTRAL SCHOOL','IMPIG, SIPOCOT, CAMARINES SUR','Elementary','1986',NULL,NULL,'0',NULL),(2451,'189','Elementary','SIPOCOT NATIONAL SCHOOL OF ARTS AND TRADES','IMPIG, SIPOCOT, CAMARINES SUR','Secondary','1991',NULL,NULL,'0',NULL),(2456,'190','Elementary','CBSUA-SIPOCOT','Impig, Sipocot, Cam. Sur','BS-Information Tech. ','2015',NULL,NULL,'',NULL),(2465,'191','Elementary','CBSUA-SIPOCOT','IMPIG, SIPOCOT, CAM. SUR','BS-Information Technology','2015',NULL,NULL,'',NULL),(2470,'191','Elementary','SIPOCOT SOUTH CENTRAL SCHOOL','SIPOCOT, CAMARINES SUR','Elementary','2004',NULL,NULL,'0',NULL),(2471,'191','Elementary','SIPOCOT NATIONAL HIGH SCHOOL','TARA, SIPOCOT, CAMARINES SUR','Secondary','2009',NULL,NULL,'0',NULL),(2476,'192','Elementary','CBSUA-SIPOCOT','Impig, Sipocot, Cam. Sur','BS-Criminology','2013',NULL,NULL,'',NULL),(2481,'192','Elementary','Haluban Elementary School','Haluban, Lupi, Camarines Sur','Elementary','2003',NULL,NULL,'0',NULL),(2482,'192','Elementary','Haluban National High School','Haluban, Lupi, Camarines Sur','Secondary','2007',NULL,NULL,'0',NULL),(2487,'193','Elementary','CBSUA-SIPOCOT','Impig, Sipocot, Cam. Sur','BS-Information Tech. ','2015',NULL,NULL,'',NULL),(2492,'193','Elementary','Libmanan North Central School','Libmanan, Camarines Sur','Elementary','2007',NULL,NULL,'0',NULL),(2493,'193','Elementary','Bicol Central Academy','Libmanan, Camarines Sur','Secondary','2011',NULL,NULL,'0',NULL),(2500,'194','Elementary','CBSUA-Sipocot','Impig, Sipocot, Cam. Sur','BSED-Biology-Science','2012',NULL,NULL,'',NULL),(2507,'194','Elementary','Calabanga Elementary School','Calabanga, Sipocot, Camarines Sur','Elementary','2004',NULL,NULL,'0',NULL),(2508,'194','Elementary','Bolo Norte High School','Bolo Norte, Sipocot, Camarines Sur','Secondary','2008',NULL,NULL,'0',NULL),(2509,'67','Elementary','Sipocot North Central School','Impig, Sipocot, Camarines Sur','Elementary','1981',NULL,NULL,'0',NULL),(2510,'67','Secondary','Sipocot National High School','Sipocot, Camarines Sur','Secondary','1985',NULL,NULL,'0',NULL),(2511,'18','Elementary','Castillo Cabusao Elementary School','Cabusao, Camarines Sur','Elementary','1977',NULL,NULL,'0',NULL),(2512,'18','Secondary','Ateneo de Naga','Naga City','Secondary','1981',NULL,NULL,'0',NULL),(2513,'81','Elementary','Bancal Elementary School','0','Elementary','1971',NULL,NULL,'0',NULL),(2514,'81','Secondary','Meycauayan Institute','Meycauayan, Bulacan','Secondary','1975',NULL,NULL,'0',NULL),(2517,'22','Elementary','Sipocot South Central School','Sipocot, Camarines Sur','Elementary','1983',NULL,NULL,'0',NULL),(2518,'22','Secondary','Sipocot National School of Arts and Trades','Impig, Sipocot, Camarines Sur','Secondary','1987',NULL,NULL,'0',NULL),(2519,'125','Elementary','Sipocot North Central School','Sipocot, Camarines Sur','Elementary','1987',NULL,NULL,'0',NULL),(2520,'125','Secondary','Sipocot National School of Arts and Trades','Impig, Sipocot, Camarines Sur','Secondary','1991',NULL,NULL,'0',NULL),(2527,'129','Elementary','Tara Elementary School','Tara, Sipocot, Camarines Sur','Elementary','1992',NULL,NULL,'0',NULL),(2528,'129','Secondary','Bicol Institute of Science and Technology','Impig, Sipocot, Camarines Sur','Secondary','1996',NULL,NULL,'0',NULL),(2531,'190','Elementary','Fundado Elementary School','Libmanan, Camarines Sur','Elementary','2002',NULL,NULL,'0',NULL),(2532,'190','Elementary','San Juan National High School','Libmanan, Camarines Sur','Secondary','2007',NULL,NULL,'0',NULL),(2537,'111','Elementary','Bikal Elementary School','Bikal, Libmanan, Camarines Sur','Elementary','2003',NULL,NULL,'0',NULL),(2538,'111','Elementary','Sipocot National High School','Tara, Sipocot, Camarines Sur','Secondary','2007',NULL,NULL,'0',NULL),(2543,'27','Elementary','Jose Panganiban Elementary School','Panganiban, Camarines Norte','Elementary','1969',NULL,NULL,'0',NULL),(2544,'27','Elementary','Jose Panganiban National High School','Panganiban, Camarines Norte','Secondary','1973',NULL,NULL,'0',NULL),(2547,'2','Elementary','Calauag Elementary School','Calauag, Naga City','Elementary','1984',NULL,NULL,'0',NULL),(2548,'2','Secondary','Colegio de Sta Isabel','Naga City','Secondary','1988',NULL,NULL,'0',NULL),(2555,'195','Elementary','CBSUA-Sipocot','Sipocot, Cam. Sur','BSE-Mathematics','2015',NULL,NULL,'',NULL),(2562,'195','Elementary','Calagbangan Elementary School','Calagbanga, Sipocot, Camarines Sur','Elementary','2005',NULL,NULL,'0',NULL),(2563,'195','Elementary','Villazar National High School','Villazar, Sipocot, Camarines Sur','Secondary','2009',NULL,NULL,'0',NULL),(2576,'196','Elementary','CBSUA-Pili','Pili, Camarines Sur','BSE-Biological Science','2012',NULL,NULL,'',NULL),(2581,'196','Elementary','Pag-oring Nuevo Elementary School','Libmanan, Camarines Sur','Elementary','2002',NULL,NULL,'0',NULL),(2582,'196','Elementary','San Isidro National High School','San Isidro, Libmanan, Camarines Sur','Secondary','2006',NULL,NULL,'0',NULL),(2587,'197','Elementary','CBSUA-sIPOCOT','Sip. Cam. Sur','BS-Information Tech. ','2014',NULL,NULL,'',NULL),(2622,'69','Elementary','Naipitan Elementary School','0','Elementary','1968',NULL,NULL,'0',NULL),(2623,'69','Elementary','Nabua High School','Nabua, Camarines Sur','Secondary','1972',NULL,NULL,'0',NULL),(2624,'11','Elementary','','','Elementary','2013',NULL,NULL,'',NULL),(2625,'11','Secondary','','','Secondary','2013',NULL,NULL,'',NULL),(2636,'198','Elementary','University of Saint Authony','Iriga City','BA-Political Science','2000',NULL,NULL,'',NULL),(2637,'198','Elementary','BSCAST','Naga City','Methods of Teaching','',NULL,NULL,'',NULL),(2638,'198','Elementary','University of Northeastern Philippines','Iriga City','Bachelor of Laws','2004',NULL,NULL,'',NULL),(2639,'198','Elementary','CBSUA','Pili, Cam. Sur','MS-Resource Management','46 u',NULL,NULL,'',NULL),(2644,'198','Elementary','San Agustin Elementary School','Iriga City','Elementary','1990',NULL,NULL,'',NULL),(2645,'198','Elementary','University of Northeastern Philippines','Iriga City','Secondary','1994',NULL,NULL,'',NULL),(2654,'79','Elementary','Daraga North Central School','Daraga Albay','Elementary','1982',NULL,NULL,'0',NULL),(2655,'79','Secondary','Bicol University School of Arts and Trades','Legazpi City','Secondary','1986',NULL,NULL,'0',NULL),(2664,'48','Elementary','Albay Central School','Albay','Elementary','1969',NULL,NULL,'0',NULL),(2665,'48','Elementary','Bicol University School of Arts and Trades','Legazpi City','Secondary','1973',NULL,NULL,'0',NULL),(2668,'43','Elementary','Lubigan Sr. Elementary School','Lubigan, Sipocot, Camarines Sur','Elementary','1971',NULL,NULL,'0',NULL),(2669,'43','Elementary','Sipocot National School of Arts and Trades','Impig, Sipocot, Camarines Sur','Secondary','1975',NULL,NULL,'0',NULL),(2674,'42','Elementary','Colegio de Sta Isabel','Naga City','Elementary','1964',NULL,NULL,'0',NULL),(2675,'42','Elementary','Camarines Sur National High School','Naga City','Secondary','1968',NULL,NULL,'0',NULL),(2676,'41','Elementary','Pili Central School','Pili, Camarines Sur','Elementary','1979',NULL,NULL,'0',NULL),(2677,'41','Secondary','Camarines Sur State Agricultural College','Pili, Camarines Sur','Secondary','1983',NULL,NULL,'0',NULL),(2678,'34','Elementary','North Villazar Elementary School','Villazar, Sipocot, Camarines Sur','Elementary','1976',NULL,NULL,'0',NULL),(2679,'34','Secondary','Luzonian University Foundation','Lucena City','Secondary','1980',NULL,NULL,'0',NULL),(2682,'45','Elementary','Sipocot North Central School','Sipocot, Camarines Sur','Elementary','1987',NULL,NULL,'0',NULL),(2683,'45','Secondary','Sipocot National High School','Tara, Sipocot, Camarines Sur','Secondary','1991',NULL,NULL,'0',NULL),(2684,'46','Elementary','Jose Panganiban Central School','Panganiban, Camarines Norte','Elementary','1996',NULL,NULL,'0',NULL),(2685,'46','Secondary','Camarines Norte School of Arts and Trades','Daet, Camarines Norte','Secondary','1980',NULL,NULL,'0',NULL),(2686,'47','Elementary','Daraga North Central School','Daraga, Albay','Elementary','1988',NULL,NULL,'0',NULL),(2687,'47','Secondary','Bicol University School of Arts and Trades','Legazpi City','Secondary','1992',NULL,NULL,'0',NULL),(2688,'44','Elementary','Bacon West Central School','Sorsogon City','Elementary','1971',NULL,NULL,'0',NULL),(2689,'44','Elementary','Annunciation College of Bacon','Sorsogon City','Secondary','1976',NULL,NULL,'0',NULL),(2692,'51','Elementary','Beguito Viejo Elementary School','Beguito Viejo, Libmanan, Cam. Sur','Elementary','1982',NULL,NULL,'0',NULL),(2693,'51','Secondary','Sipocot National School of Arts and Trades','Sipocot, Camarines Sur','Secondary','1986',NULL,NULL,'0',NULL),(2694,'50','Elementary','Concepcion Grande Elementary School','Concepcion, Naga City','Elementary','1974',NULL,NULL,'0',NULL),(2695,'50','Secondary','Camarines Sur National College of Arts and Trades','Naga City','Secondary','1978',NULL,NULL,'0',NULL),(2696,'13','Elementary','Nato Elementary School','Nato Sagñay, Camarines Sur','Elementary','1985',NULL,NULL,'Graduated',NULL),(2697,'13','Secondary','Govenor Mariano Fuentebella Memorial Fisheries School','Nato Sagñay, Camarines Sur','Secondary','1989',NULL,NULL,'Graduated',NULL),(2700,'82','Elementary','Calalahan Elementary School','San Jose, Camarines Sur','Elementary','1969',NULL,NULL,'0',NULL),(2701,'82','Elementary','Cam. Sur Agricultural College','Pili, Camarines Sur','Secondary','1974',NULL,NULL,'0',NULL),(2704,'39','Elementary','San Jose Elementary School','Milaor, Camarines Sur','Elementary','1986',NULL,NULL,'0',NULL),(2705,'39','Secondary','Bicol College of Arts and Trades','Naga City','Secondary','1990',NULL,NULL,'0',NULL),(2706,'70','Elementary','Sipocot North Central School','Sipocot, Camarines Sur','Elementary','1990',NULL,NULL,'0',NULL),(2707,'70','Elementary','Felix O. Alfelor Sr. Foundation College','Sipocot, Camarines Sur','Secondary','1994',NULL,NULL,'0',NULL),(2710,'29','Elementary','Sipocot South Central School','Sipocot, Camarines Sur','Elementary','1988',NULL,NULL,'0',NULL),(2711,'29','Secondary','Felix O. Alfelor Sr. Foundation College','Sipocot, Camarines Sur','Secondary','1992',NULL,NULL,'0',NULL),(2716,'28','Elementary','Sipocot South Central School','Sipocot, Camarines Sur','Elementary','1994',NULL,NULL,'0',NULL),(2717,'28','Secondary','Ateneo de Naga University','Naga City','Secondary','1998',NULL,NULL,'0',NULL),(2720,'197','Elementary','Libmanan North Central School','Libmanan, Camarines Sur','Elementary','2001',NULL,NULL,'0',NULL),(2721,'197','Elementary','San Juan National High School','Libmanan, Camarines Sur','Secondary','2005',NULL,NULL,'0',NULL),(2728,'5','Elementary','','','Elementary','2013',NULL,NULL,'',NULL),(2729,'5','Elementary','','','Secondary','2013',NULL,NULL,'',NULL),(2736,'199','College','Bicol University','Legazpi City','BSED-English','1994',NULL,NULL,'',NULL),(2737,'199','Graduate Studies','Partido College','Goa, Cam. Sur','Admin. & Supervision','2008',NULL,NULL,'',NULL),(2746,'200','Elementary','CSSAC-Sipocot','Sipocot, Cam. Sur','BSED-Enviromental Science','2003',NULL,NULL,'',NULL),(2747,'200','Elementary','UNEP','Iriga City','MAED-Administration & Supervis','2011',NULL,NULL,'',NULL),(2762,'202','Elementary','Ateneo de Naga University','Naga City','BS-Electronics & Communication','2007',NULL,NULL,'',NULL),(2775,'203','Elementary','CBSUA-Sipocot','Impig, Sipocot, Cam. Sur','BSE-Mathematics','2015',NULL,NULL,'',NULL),(2780,'204','Elementary','CBSUA-Sipocot','Impig, Sipocot, Cam. Sur','BSED-Biological Science','2014',NULL,NULL,'',NULL),(2787,'205','College','Camarines Norte State College','Daet, Cam. Norte','BS-Information Tech. ','2015',NULL,NULL,'',NULL),(2792,'206','Elementary','CNSC','Daet, Cam. Norte','BS-Information Tech. ','2015',NULL,NULL,'',NULL),(2799,'207','Elementary','CBSUA','Sipocot, Cam. Sur','BS-Information Tech. ','2015',NULL,NULL,'',NULL),(2804,'6','Elementary','Barcelonita Elementary School','Cabusao, Camarines Sur','Elementary','1975',NULL,NULL,'0',NULL),(2805,'6','Elementary','Barcelonita Barangay High School','Cabusao, Camarines Sur','Secondary','1979',NULL,NULL,'0',NULL),(2810,'208','Elementary','CBSUA','Sipocot, Cam. Sur','BS-Information Tech. ','2014',NULL,NULL,'',NULL),(2817,'209','Elementary','CBSUA','Sipocot, Cam. Sur','BS-Information Tech. ','2015',NULL,NULL,'',NULL),(2822,'210','Elementary','Ateneo de Naga University','Naga City','BS-Information Technology','2000',NULL,NULL,'',NULL),(2829,'211','Elementary','CBSUA','Impig, Sipocot, Cam. Sur','BSIT-Electronics','2011',NULL,NULL,'',NULL),(2830,'54','Elementary','Sto. Domingo Elementary School','Sto. Domingo, Albay','Elementary','1966',NULL,NULL,'0',NULL),(2831,'54','Elementary','Zamora Memorial Institute','Bacacay, Albay','Secondary','1971',NULL,NULL,'0',NULL),(2840,'212','Elementary','CBSUA','Sipocot, Camarines Sur','BS-Criminology','2011',NULL,NULL,'',NULL),(2847,'213','College','CBSUA-Sipocot','Sipocot, Cam. Sur','BS-Information Tech. ','2014',NULL,NULL,'',NULL),(2860,'205','Elementary','Tugos Elementary School','Tugos, Paracale, Cam. Norte','Elementary','2005',NULL,NULL,'0',NULL),(2861,'205','Secondary','Batobalani National High School','Batobalani, Paracale, Cam. Norte','Secondary','2009',NULL,NULL,'0',NULL),(2878,'214','Elementary','Loba-Loba Elementary School','Loba-Loba, Libmanan, Camarines Sur','Elementary','1998',NULL,NULL,'0',NULL),(2879,'214','Elementary','Camarines Sur State Agricultural College','Sibujo, Libmanan, Camarines Sur','Secondary','2002',NULL,NULL,'0',NULL),(2884,'215','College','CSSAC','Sipocot, Cam. Sur','BS-Information Tech.','2009',NULL,NULL,'',NULL),(2891,'216','Elementary','CBSUA','Impig, Sipocot, Cam. Sur','BS Information Tech. ','2015',NULL,NULL,'',NULL),(2912,'7','Elementary','Lacag Elementary School','Daraga Albay','Elementary','1976',NULL,NULL,'0',NULL),(2913,'7','Secondary','Bicol University School of Arts and Trades','Legazpi City','Secondary','1980',NULL,NULL,'0',NULL),(2920,'218','College','CBSUA-Sipocot','Sipocot, Camarines Sur','BS-Criminology','2010',NULL,NULL,'',NULL),(2947,'220','Elementary','CBSUA-Sipocot','Sipocot, Cam. Sur','BS-Industrial Education','2016',NULL,NULL,'',NULL),(2956,'221','Elementary','Bicol University','Legazpi City','Audio Visual Communication','2013',NULL,NULL,'',NULL),(2967,'222','College','CBSU-Sipocot','Sipocot, Cam. Sur','BS-Information Tech. ','2016',NULL,NULL,'',NULL),(2976,'223','Elementary','CSSAC-Sipocot','Impig, Sipocot, Cam. Sur','BSIT-Electronics','2004',NULL,NULL,'',NULL),(2991,'224','Elementary','Universidad de Sta Isabel','Naga City','BS-Commerce','1989',NULL,NULL,'',NULL),(2992,'224','Elementary','Ateneo de Naga University','Naga City','Methods of Teaching','',NULL,NULL,'',NULL),(2993,'224','Elementary','CSSAC-Main Campus','Pili, Cam. Sur','Doctor of Philosophy','',NULL,NULL,'',NULL),(3002,'225','Elementary','Ateneo de Naga University','Naga City','BSBA-Banking & Finance','2016',NULL,NULL,'',NULL),(3011,'226','Elementary','CBSUA-Sipocot','Sipocot, Camarines Sur','BSE-English','2015',NULL,NULL,'',NULL),(3020,'227','College','Bicol University College of Science','Legazpi City','BS-Information Technology','2015',NULL,NULL,'',NULL),(3031,'228','Elementary','CBSUA-Sipocot','Impig, Sipocot, Cam. Sur','BSE-English','2014',NULL,NULL,'',NULL),(3034,'228','Elementary','LIBMANAN NORTH CENTRAL SCHOOL','Libmanan, Camarines Sur','Elementary','2006',NULL,NULL,'0',NULL),(3035,'228','Elementary','COLEGIO DEL SANTISIMO ROSARIO','Libmanan, Camarines Sur','Secondary','2010',NULL,NULL,'0',NULL),(3040,'229','Elementary','CBSUA-Sipocot','Impig, Sipocot, Cam. Sur','BSED-Filipino','2016',NULL,NULL,'',NULL),(3045,'229','Elementary','Sipocot North Central School','Impig, Sipocot, Camarines Sur','Elementary','2008',NULL,NULL,'',NULL),(3046,'229','Elementary','Sipocot National High School','Tara, Sipocot, Camarines Sur','Secondary','2012',NULL,NULL,'',NULL),(3053,'230','College','CBSUA-Sipocot','Impig, Sipocot, Cam. Sur','BSED-Filipino','2016',NULL,NULL,'',NULL),(3054,'230','Elementary','Bikal Elementary School','Bikal, Libmanan, Camarines Sur','Elementary','1999',NULL,NULL,'',NULL),(3055,'230','Secondary','Sipocot National High School','Tara, Sipocot, Camarines Sur','Secondary','2003',NULL,NULL,'',NULL),(3056,'122','Elementary','Bikal Elementary School','Bikal, Libmanan, Camarines Sur','Elementary','1986',NULL,NULL,'0',NULL),(3057,'122','Secondary','Sipocot National School of Arts and Trades','Impig, Sipocot, Camarines Sur','Secondary','1991',NULL,NULL,'0',NULL),(3062,'231','Elementary','Our Lady of Lourdes College Foundation','Daet, Camarines Norte','BS-Criminology','',NULL,NULL,'',NULL),(3065,'231','Elementary','Margosatubig Regional Pilot School','Camarines Norte','Elementary','2007',NULL,NULL,'',NULL),(3066,'231','Elementary','Margosatubig Academy Encorporated','Camarines Norte','Secondary','2011',NULL,NULL,'',NULL),(3073,'232','Elementary','CBSUA-Sipocot','Impig, Sipocot, Cam. Sur','BSIE','2016',NULL,NULL,'',NULL),(3076,'232','Elementary','Castillo Elementary School','Castillo, Cabusao, Camarines Sur','Elementary','1996',NULL,NULL,'',NULL),(3077,'232','Elementary','Sta Lutgarda High School','Cabusao, Camarines Sur','Secondary','2000',NULL,NULL,'',NULL),(3082,'233','Elementary','CBSUA-Sipocot','Impig, Sipocot, Camarines Sur','BSE-Biological Science','2016',NULL,NULL,'',NULL),(3083,'233','Elementary','Colacling Elementary School','Colacling, Sipocot, Camarines Sur','Elementary','2008',NULL,NULL,'',NULL),(3084,'233','Elementary','Colacling National High School','Colacling, Sipocot, Camarines Sur','Secondary','2016',NULL,NULL,'',NULL),(3085,'130','Elementary','Canaman Central School','Canaman, Camarines Sur','Elementary','1989',NULL,NULL,'0',NULL),(3086,'130','Secondary','Ateneo de Naga University','Naga City','Secondary','1993',NULL,NULL,'0',NULL),(3087,'132','Elementary','Sipocot North Central School','Impig, Sipocot, Camarines Sur','Elementary','2004',NULL,NULL,'0',NULL),(3088,'132','Elementary','Sipocot National High School','Tara, Sipocot, Camarines Sur','Secondary','2008',NULL,NULL,'0',NULL),(3089,'135','Elementary','Sipocot South Central School','Sipocot, Camarines Sur','Elementary','2006',NULL,NULL,'0',NULL),(3090,'135','Elementary','Sipocot National High School','Sipocot, Camarines Sur','Secondary','2010',NULL,NULL,'0',NULL),(3095,'137','Elementary','Castillo Elementary School','Cabusao, Camarines Sur','Elementary','1998',NULL,NULL,'',NULL),(3096,'137','Elementary','Sta. Lutgarda National High School','0','Secondary','2002',NULL,NULL,'',NULL),(3097,'140','Elementary','Sipocot North Central School','Impig, Sipocot, Camarines Sur','Elementary','1999',NULL,NULL,'0',NULL),(3098,'140','Elementary','Sipocot National High School','Tara, Sipocot, Camarines Sur','Secondary','2003',NULL,NULL,'0',NULL),(3099,'141','Elementary','Pasacao Central School','Pasacao, Camarines Sur','Elementary','2003',NULL,NULL,'0',NULL),(3100,'141','Elementary','Pacasao Academy','Pasacao, Camarines Sur','Secondary','2007',NULL,NULL,'0',NULL),(3101,'142','Elementary','Sipocot North Central School','Impig, Sipocot, Camarines Sur','Elementary','1996',NULL,NULL,'0',NULL),(3102,'142','Elementary','Bicol Institute of Science and Technology','Impig, Sipocot, Camarines Sur','Secondary','2000',NULL,NULL,'0',NULL),(3103,'152','Elementary','Fundado Elementary School','Libmanan, Camarines Sur','Elementary','2006',NULL,NULL,'0',NULL),(3104,'152','Elementary','Bicol Central Academy','Libmanan, Camarines Sur','Secondary','2010',NULL,NULL,'0',NULL),(3105,'153','Elementary','Sipocot South Central School','Sipocot, Camarines Sur','Elementary','2006',NULL,NULL,'0',NULL),(3106,'153','Secondary','Sipocot National High School','Tara, Sipocot, Camarines Sur','Secondary','2010',NULL,NULL,'0',NULL),(3111,'162','Elementary','','','Elementary','2015',NULL,NULL,'',NULL),(3112,'162','Elementary','','','Secondary','2015',NULL,NULL,'',NULL),(3113,'163','Elementary','Sipocot North Central School','Impig, Sipocot, Camarines Sur','Elementary','2006',NULL,NULL,'0',NULL),(3114,'163','Elementary','Felix O. Alfelor Sr. Foundation College','Sipocot, Camarines Sur','Secondary','2010',NULL,NULL,'0',NULL),(3117,'172','Elementary','Mambayawas Elementary School','Libmanan, Camarines Sur','Elementary','1987',NULL,NULL,'0',NULL),(3118,'172','Elementary','Sipocot National School of Arts and Trades','Coloy-Coloy, Impig, Sipocot, Camarines Sur','Secondary','1991',NULL,NULL,'0',NULL),(3119,'170','Elementary','San Pedro Elementary School','Cabusao, Camarines Sur','Elementary','1986',NULL,NULL,'0',NULL),(3120,'170','Elementary','Barcelonita Fisheries School','Cabusao, Camarines Sur','Secondary','1991',NULL,NULL,'0',NULL),(3121,'187','Elementary','Sipocot North Central School','Sipocot, Camarines Sur','Elementary','2005',NULL,NULL,'0',NULL),(3122,'187','Elementary','Sipocot National High School','Tara, Sipocot, Camarines Sur','Secondary','2009',NULL,NULL,'0',NULL),(3123,'139','Elementary','Sipocot North Central School','Impig, Sipocot, Camarines Sujr','Elementary','1996',NULL,NULL,'0',NULL),(3124,'139','Elementary','Sipocot National High School','Tara, Sipocot, Camarines Sur','Secondary','2000',NULL,NULL,'0',NULL),(3125,'212','Elementary','Sipocot South Central School','Sipocot, Camarines Sur','Elementary','2003',NULL,NULL,'0',NULL),(3126,'212','Elementary','Camarines Sur State Agricultural College','Sipocot, Camarines Sur','Secondary','2007',NULL,NULL,'0',NULL),(3127,'210','Elementary','Libmanan South Central School','Libmanan, Camarines Sur','Elementary','1990',NULL,NULL,'0',NULL),(3128,'210','Elementary','Ateneo de Naga University','Naga City','Secondary','1995',NULL,NULL,'0',NULL),(3129,'203','Elementary','Vigaan Elementary School','Vigaan, Sipocot, Camarines Sur','Elementary','2007',NULL,NULL,'0',NULL),(3130,'203','Elementary','Sipocot National High School','Tara, Sipocot, Camarines Sur','Secondary','2011',NULL,NULL,'0',NULL),(3131,'206','Elementary','F. Caudilla Elementary School','0','Elementary','2006',NULL,NULL,'0',NULL),(3132,'206','Elementary','Rizal National High School','0','Secondary','2011',NULL,NULL,'0',NULL),(3133,'211','Elementary','Sipocot North Central School','Impig, Sipocot, Camarines Sur','Elementary','1999',NULL,NULL,'0',NULL),(3134,'211','Elementary','Sipocot National High School','Tara, Sipocot, Camarines Sur','Secondary','2004',NULL,NULL,'0',NULL),(3135,'219','Elementary','','','Elementary','2016',NULL,NULL,'',NULL),(3136,'219','Secondary','','','Secondary','2016',NULL,NULL,'',NULL),(3137,'220','Elementary','Sipocot North Central School','Impig, Sipocot, Camarines Sur','Elementary','2008',NULL,NULL,'0',NULL),(3138,'220','Elementary','Sipocot National High School','Tara, Sipocot, Camarines Sur','Secondary','2012',NULL,NULL,'0',NULL),(3139,'222','Elementary','Casay Elementary School','Casay, Lupi, Camarine Sur','Elementary','2008',NULL,NULL,'0',NULL),(3140,'222','Secondary','Casay National High School','Casay, Lupi, Camarines Sur','Secondary','2012',NULL,NULL,'',NULL),(3141,'227','Elementary','Sipocot South Central School','Sipocot, Camarines Sur','Elementary','2007',NULL,NULL,'0',NULL),(3142,'227','Secondary','Sipocot National High School','Tara, Sipocot, Camarines Sur','Secondary','2011',NULL,NULL,'0',NULL),(3143,'226','Elementary','Loba-Loba Elementary School','Loba-Loba, Libmanan, Camarines Sur','Elementary','2007',NULL,NULL,'0',NULL),(3144,'226','Elementary','Bico Central Academy','Libmanan, Camarines Sur','Secondary','2011',NULL,NULL,'0',NULL),(3145,'223','Elementary','Sagrada Elementary School','Sagrada, Sipocot, Camarines Sur','Elementary','1993',NULL,NULL,'0',NULL),(3146,'223','Elementary','Bicol Institute of Science and Technology','Impig, Sipocot, Camarines Sur','Secondary','1997',NULL,NULL,'0',NULL),(3147,'224','Elementary','Naga Central School','Naga City','Elementary','1980',NULL,NULL,'0',NULL),(3148,'224','Elementary','Tagig Community High School','0','Secondary','1985',NULL,NULL,'0',NULL),(3151,'225','Elementary','Sipocot South Central School','Sipocot, Camarines Sur','Elementary','2007',NULL,NULL,'0',NULL),(3152,'225','Elementary','Sipocot National High School','Tara, Sipocot, Camarines Sur','Secondary','2011',NULL,NULL,'0',NULL),(3153,'199','Elementary','Sipocot North Central School','Sipocot, Camarines Sur','Elementary','1986',NULL,NULL,'0',NULL),(3154,'199','Secondary','Sipocot National High School','Sipocot, Camarines Sur','Secondary','1990',NULL,NULL,'0',NULL),(3155,'202','Elementary','Asian Cultural High School','0','Elementary','1992',NULL,NULL,'0',NULL),(3156,'202','Elementary','Bicol Institute of Science and Technology','Impig, Sipocot, Camarines Sur','Secondary','1996',NULL,NULL,'0',NULL),(3157,'209','Elementary','Salvacion Elementary School','Salvacion, Iriga City','Elementary','2007',NULL,NULL,'0',NULL),(3158,'209','Elementary','Lighthouse Baptista Academy','Iriga City','Secondary','2010',NULL,NULL,'0',NULL),(3159,'208','Elementary','Soledad R. Villafuerte Elementary School','Bolo Norte, Sipocot, Camarines Sur','Elementary','2004',NULL,NULL,'0',NULL),(3160,'208','Elementary','Sipocot National High School','Tara, Sipocot, Camarines Sur','Secondary','2007',NULL,NULL,'0',NULL),(3167,'216','Elementary','Sipocot South Central School','Sipocot, Camarines Sur','Elementary','2000',NULL,NULL,'0',NULL),(3168,'216','Elementary','Sipocot National High School','Tara, Sipocot, Camarines Sur','Secondary','2004',NULL,NULL,'0',NULL),(3171,'217','Elementary','Bikal Elementary School','Bikal, Libmanan, Camarines Sur','Elementary','1994',NULL,NULL,'0',NULL),(3172,'217','Secondary','Villazar High School','Villazar, Sipocot, Camarines Sur','Secondary','1999',NULL,NULL,'0',NULL),(3173,'164','Elementary','','','Elementary','2015',NULL,NULL,'',NULL),(3174,'164','Elementary','','','Secondary','2015',NULL,NULL,'',NULL),(3175,'131','Elementary','','','Elementary','2015',NULL,NULL,'',NULL),(3176,'131','Elementary','','','Secondary','2015',NULL,NULL,'',NULL),(3177,'143','Elementary','Barcelonita Elementary School','Barcelonita, Camarines Sur','Elementary','1999',NULL,NULL,'0',NULL),(3178,'143','Elementary','Barcelonita Fisheries School','Barcelonita, Cabusao, Camarines Sur','Secondary','2003',NULL,NULL,'0',NULL),(3179,'157','Elementary','','','Elementary','2015',NULL,NULL,'',NULL),(3180,'157','Elementary','','','Secondary','2015',NULL,NULL,'',NULL),(3181,'160','Elementary','','','Elementary','2015',NULL,NULL,'',NULL),(3182,'160','Elementary','','','Secondary','2015',NULL,NULL,'',NULL),(3183,'200','Elementary','Casay Elementary School','Casay, Lupi, Camarines Sur','Elementary','1999',NULL,NULL,'0',NULL),(3184,'200','Elementary','Casay National High School','Casay, Lupi, Camarines Sur','Secondary','2003',NULL,NULL,'0',NULL),(3185,'207','Elementary','Labao Elementary School','Labao, Libmanan, Camarines Sur','Elementary','2004',NULL,NULL,'0',NULL),(3186,'207','Elementary','San Juan National High School','San Juan, Libmanan, Camarines Sur','Secondary','2008',NULL,NULL,'0',NULL),(3187,'204','Elementary','Mantalisay Elementary School','Mantalisay, Libmanan, Camarines Sur','Elementary','2003',NULL,NULL,'0',NULL),(3188,'204','Elementary','Mantalisay High School','Mantalisay, Libmanan, Camarines Sur','Secondary','2007',NULL,NULL,'0',NULL),(3195,'234','College','Central Luzon State University','','BS-Biology major in Microbiolo','2007',NULL,NULL,'',NULL),(3196,'234','Elementary','CBSUA-Pili','Pili, Camarines Sur','MS PLPRO','2016',NULL,NULL,'',NULL),(3201,'234','Elementary','Sipocot North Central School','Impig, Sipocot, Camarines Sur','Elementary','1989',NULL,NULL,'',NULL),(3202,'234','Secondary','Felix O. Alfelor Sr., Foundation College','Sipocot, Camarines Sur','Secondary','1993',NULL,NULL,'',NULL),(3207,'235','College','CBSUA-Sipocot','Impig, Sipocot, Cam. Sur','BSIT-Mechnical Technology','2014',NULL,NULL,'',NULL),(3208,'235','College','BSCAST','Naga City','Methods of Teaching','',NULL,NULL,'',NULL),(3213,'201','Elementary','','','Elementary','2016',NULL,NULL,'',NULL),(3214,'201','Secondary','','','Secondary','2016',NULL,NULL,'',NULL),(3221,'236','Elementary','CBSUA-Sipocot','Impig, Sipocot, Cam. Sur','BSIT-Electrical','2016',NULL,NULL,'',NULL),(3226,'236','Elementary','Sipocot North Central School','Impig, Sipocot, Camarines Sur','Elementary','2007',NULL,NULL,'',NULL),(3227,'236','Elementary','Sipocot National High School','Tara, Sipocot, Camarines Sur','Secondary','2011',NULL,NULL,'',NULL),(3228,'235','Elementary','Cabusao Central School','Cabusao, Camarines Sur','Elementary','2005',NULL,NULL,'',NULL),(3229,'235','Secondary','Sta Lutgarda High School','Cabusao, Camarines Sur','Secondary','2009',NULL,NULL,'',NULL),(3232,'97','Elementary','Calagbangan Elementary School','Calagbangan, Sipocot, Camarines Sur','Elementary','1999',NULL,NULL,'0',NULL),(3233,'97','Elementary','Ateneo de Naga University','Naga City','Secondary','2003',NULL,NULL,'0',NULL),(3242,'237','College','CBSUA-Sipocot','Impig, Sipocot, Cam. Sur','BS-Information Technology','2016',NULL,NULL,'',NULL),(3245,'237','Elementary','Sipocot North Central School','Impig, Sipocot, Camarines Sur','Elementary','2007',NULL,NULL,'',NULL),(3246,'237','Secondary','Sipocot National High School','Tara, Sipocot, Camarines Sur','Secondary','2011',NULL,NULL,'',NULL),(3251,'238','Elementary','CBSUA-Sipocot','Impig, Sipocot, Cam. Sur','BS-Information Tech. ','2015',NULL,NULL,'',NULL),(3256,'238','Elementary','Sipocot South Central School','Sipocot, Camarines Sur','Elementary','2007',NULL,NULL,'',NULL),(3257,'238','Elementary','Sipocot National High School','Tara, Sipocot, Camarines Sur','Secondary','2011',NULL,NULL,'',NULL),(3262,'239','College','CBSUA-Sipocot','Impig, Sipocot, Cam. Sur','BS-Industrial Technology major','2016',NULL,NULL,'',NULL),(3265,'239','Elementary','Sipocot North Central School','Impig, Sipocot, Camarines Sur','Elementary','2005',NULL,NULL,'',NULL),(3266,'239','Secondary','Bolo Norte High School','Bolo Norte, Sipocot, Camarines Sur','Secondary','2010',NULL,NULL,'',NULL),(3271,'240','Elementary','CBSUA-Sipocot','Impig, Sipocot, Cam. Sur','BSIT-Food Trades','2016',NULL,NULL,'',NULL),(3272,'240','Elementary','Sipocot South Central School','Sipocot, Camarines Sur','Elementary','2006',NULL,NULL,'',NULL),(3273,'240','Elementary','Felix O. Alfelor Sr., Foundation College','Sipocot, Camarines Sur','Secondary','2010',NULL,NULL,'',NULL),(3280,'241','Elementary','Divine Word College ','Legazpi City','BSED-English','2009',NULL,NULL,'',NULL),(3283,'241','Elementary','Sipocot North Central School','Impig, Sipocot, Camarines Sur','Elementary','2000',NULL,NULL,'',NULL),(3284,'241','Elementary','Sipocot National High School','Tara, Sipocot, Camarines Sur','Secondary','2004',NULL,NULL,'',NULL),(3289,'242','Elementary','Bicol University ','Legazpi City','AB-Political Science','2010',NULL,NULL,'',NULL),(3290,'242','Elementary','Camarines Sur Polytechnic College','Naga City','18 units','',NULL,NULL,'',NULL),(3295,'242','Elementary','Camalig North Central School','Camalig, Albay','Elementary','2002',NULL,NULL,'',NULL),(3296,'242','Elementary','Malabog National High School','Albay','Secondary','2006',NULL,NULL,'',NULL),(3301,'243','Elementary','CBSUA-Sipocot','Impig, Sipocot, Cam. Sur','BS-Information Tech. ','2016',NULL,NULL,'',NULL),(3302,'243','Elementary','Gomez Elementary School','O','Elementary','2006',NULL,NULL,'',NULL),(3303,'243','Elementary','Sipocot National High School','Tara, Sipocot, Camarines Sur','Secondary','2011',NULL,NULL,'',NULL),(3312,'245','Elementary','CBSUA-SIPOCOT','Impig, Sipocot, Cam. Sur','BS-Information Tech. ','2016',NULL,NULL,'',NULL),(3313,'245','Elementary','SIPOCOT NORTH CENTAL SCHOOL','SIPOCOT, CAMARINES, SUR','Elementary','2008',NULL,NULL,'0',NULL),(3314,'245','Elementary','SIPOCOT NATIONAL HIGH SCHOOL','TARA, SIPOCOT, CAMARINES SUR','Secondary','2012',NULL,NULL,'0',NULL),(3321,'244','Elementary','','','Elementary','2016',NULL,NULL,'',NULL),(3322,'244','Elementary','','','Secondary','2016',NULL,NULL,'',NULL),(3329,'246','Elementary','Ateneo de Naga University','Naga City','BS-Financial Accountg (Undergr','',NULL,NULL,'',NULL),(3332,'161','Elementary','Sipocot North Central School','Impig, Sipocot, Camarines Sur','Elementary','2000',NULL,NULL,'0',NULL),(3333,'161','Elementary','Colegio del Santisimo Rosario','Libmanan, Camarines Sur','Secondary','2009',NULL,NULL,'0',NULL),(3340,'247','Elementary','University of the Philippines','Los Baños','BS Forestry','1988',NULL,NULL,'',NULL),(3341,'247','Elementary','University of Nueva Caceres','Naga City','Master of Science in Environme','',NULL,NULL,'',NULL),(3344,'247','Elementary','Lopez Elementary School','None','Elementary','1979',NULL,NULL,'',NULL),(3345,'247','Elementary','Luceo De Bay','','Secondary','1985',NULL,NULL,'',NULL),(3350,'248','Elementary','Libmanan South Central School','Libmanan, Camarines Sur','Elementary','2005',NULL,NULL,'',NULL),(3351,'248','Elementary','Don Quintin Paredes High School','','Secondary','2009',NULL,NULL,'',NULL),(3358,'249','College','Bicol Univeristy','Legazpi City','BS-Biology','2016',NULL,NULL,'',NULL),(3371,'250','Elementary','CSSAC-Sipocot','Sipocot, Camarines Sur','BS-Information Tech. ','2010',NULL,NULL,'',NULL),(3372,'250','Elementary','Casay Elementary School','Casay, Lupi, Camarines Sur','Elementary','2002',NULL,NULL,'0',NULL),(3373,'250','Elementary','Casay Provincial High School','Casay, Lupi, Camarines Sur','Secondary','2006',NULL,NULL,'',NULL),(3378,'251','College','CBSUA-Sipocot','Sipocot, Camarines Sur','BS-Information Tech. ','2015',NULL,NULL,'',NULL),(3379,'251','Vocational','BSCAST','Naga City','Special Learning Package','2015',NULL,NULL,'',NULL),(3382,'251','Elementary','SIPOCOT SOUTH CENTRAL SCHOOL','Sipocot, Camarines Sur','Elementary','2007',NULL,NULL,'0',NULL),(3383,'251','Secondary','SIPOCOT NATIONAL HIGH SCHOOLA','Tara, Sipocot, Camarines Sur','Secondary','2011',NULL,NULL,'0',NULL),(3390,'252','College','Ateneo de Naga University','Naga City','BS-Information ','2016',NULL,NULL,'',NULL),(3393,'252','Elementary','Sipocot South Central Schoo','Sipocot, Camarines Sur','Elementary','2008',NULL,NULL,'0',NULL),(3394,'252','Secondary','Naga Science High School','Naga City','Secondary','2012',NULL,NULL,'0',NULL),(3401,'253','Vocational','Central Radio and Electronics School','','Communication Technician','1987',NULL,NULL,'',NULL),(3402,'253','College','University of Saint Anthony','Naga City','BSE-History','',NULL,NULL,'',NULL),(3407,'253','Elementary','Sipocot South Central School','Sipocot, Camarines Sur','Elementary','1981',NULL,NULL,'0',NULL),(3408,'253','Secondary','Sipocot National High School','Tara, Sipocot, Camarines Sur','Secondary','1985',NULL,NULL,'0',NULL),(3415,'254','Elementary','Union Christian College','San Fernando, La Union','BS-Commerce','1997',NULL,NULL,'',NULL),(3416,'254','Elementary','Sipocot North Central School','Sipocot, Camarines Sur','Elementary','1987',NULL,NULL,'0',NULL),(3417,'254','Elementary','Sipocot National High School','Sipocot, Camarines Sur','Secondary','1992',NULL,NULL,'0',NULL),(3420,'72','Elementary','Taculod Elementary','0','Elementary','1968',NULL,NULL,'0',NULL),(3421,'72','Elementary','Calabanga High School','Calabanga, Camarines Sur','Secondary','1972',NULL,NULL,'0',NULL),(3426,'255','Elementary','CSSAC-Sipocot','Sipocot, Camarines Sur','BS-Industrial Tech. ','2009',NULL,NULL,'',NULL),(3429,'255','Elementary','Sipocot North Central School','Impig, Sipocot, Camarines Sur','Elementary','2001',NULL,NULL,'0',NULL),(3430,'255','Elementary','Camarines Sur State Agricultural College','Sibujo, Libmanan, Camarines Sur','Secondary','2005',NULL,NULL,'0',NULL),(3437,'256','Elementary','Central Bicol State University of Agriculture','Sipocot, Cam. Sur','BS-Criminology','2010',NULL,NULL,'',NULL),(3438,'256','Elementary','Sipocot South Central School','Sipocot, Camarines Sur','Elementary','2000',NULL,NULL,'0',NULL),(3439,'256','Elementary','Bicol Institute of Science and Technology','Impig, Sipocot, Camarines Sur','Secondary','2006',NULL,NULL,'0',NULL),(3442,'138','Elementary','Sipocot North Central School','Impig, Sipocot, Camarines Sur','Elementary','2003',NULL,NULL,'0',NULL),(3443,'138','Secondary','Sipocot National High School','Tara, Sipocot, Camarines Sur','Secondary','2007',NULL,NULL,'0',NULL),(3444,'93','Elementary','Sipocot North Central School','Impig, Sipocot, Camarines Sur','Elementary','1979',NULL,NULL,'0',NULL),(3445,'93','Secondary','Colegio de Santa Isabel','Naga City','Secondary','1983',NULL,NULL,'0',NULL),(3452,'257','College','AMA/CLC','Naga City','Computer Syste, Design & Progr','2000',NULL,NULL,'',NULL),(3465,'215','Elementary','Vigaan Elementary School','Vigaan, Sipocot, Camarines Sur','Elementary','2001',NULL,NULL,'0',NULL),(3466,'215','Secondary','Sipocot National High School','Tara, Sipocot, Camarines Sur','Secondary','2005',NULL,NULL,'0',NULL),(3471,'258','College','Polytechnic University','Ragay, Cam. Sur','BS-Office Administration','2015',NULL,NULL,'',NULL),(3472,'258','Elementary','Gaongan Elementary School','Gaongan, Sipocot, Camarines Sur','Elementary','2005',NULL,NULL,'',NULL),(3473,'258','Secondary','Sipocot National High School','Tara, Sipocot, Camarines Sur','Secondary','2009',NULL,NULL,'',NULL),(3480,'259','College','Bicol Institute of Science and Tech. ','Impig, Sipocot, Cam. Sur','BS-Information Tech. ','2010',NULL,NULL,'',NULL),(3481,'259','Elementary','SIPOCOT NORTH CENTRAL SCHOOL','IMPIG, SIPOCOT, CAMARINES SUR','Elementary','1993',NULL,NULL,'0',NULL),(3482,'259','Secondary','BICOL INSTITUTE OF SCIENCE AND TECHNOLOGY','IMPIG, SIPOCOT, CAMARINES SUR','Secondary','1997',NULL,NULL,'0',NULL),(3491,'261','College','CBSUA-SIPOCOT','IMPIG, SIPOCOT, CAM. SUR','BS-Information Tech.','2017',NULL,NULL,'',NULL),(3494,'261','Elementary','SIPOCOT NORTH CENTRAL SCHOOL','IMPIG, SIPOCOT, CAMARINES SUR','Elementary','2007',NULL,NULL,'0',NULL),(3495,'261','Secondary','SIPOCOT NATIONAL HIGH SCHOOL','TARA, SIPOCOT, CAMARINES SUR','Secondary','2017',NULL,NULL,'0',NULL),(3516,'260','Elementary','0','0','Elementary','2017',NULL,NULL,'0',NULL),(3517,'260','Elementary','0','0','Secondary','2017',NULL,NULL,'0',NULL),(3522,'262','Elementary','Polytechnic University of the Philippines','Ragay, Cam. Sur','BS-Business Administration maj','2017',NULL,NULL,'',NULL),(3523,'262','Elementary','SIPOCOT NORTH CENTRAL SCHOOL','IMPIG, SIPOCOT, CAMARINES SUR','Elementary','2009',NULL,NULL,'0',NULL),(3524,'262','Elementary','CAMARINES SUR STATE UNIVERSITY OF AGRICULTURE-SIPOCOT','SIBUJO, LIBMANAN, CAMARINES SUR','Secondary','2013',NULL,NULL,'0',NULL),(3529,'263','College','CENTRAL BICOL STATE UNIVERSITY OF AGRICULTURE-SIPOCOT','','','',NULL,NULL,'',NULL),(3532,'263','Elementary','SIPOCOT NORTH CENTRAL SCHOOL','SIPOCOT, CAMARINES SUR','Elementary','2008',NULL,NULL,'ELEMENTARY GRAD',NULL),(3533,'263','Secondary','SIPOCOT NATIONAL HIGHSCHOOL','TARA, SIPOCOT CAMARINES SUR','Secondary','2008',NULL,NULL,'HIGHSCHOOL GRAD',NULL),(3538,'264','Elementary','TECHNICAL EDUCATION AND SKILLS DEVELOPMENT AUTHORITY','','','',NULL,NULL,'',NULL),(3539,'264','Elementary','SIPOCOT SOUTH CENTRAL SCHOOL','SIPOCOT, CAMARINES SUR','Elementary','2004',NULL,NULL,'PRIMARY EDUCATI',NULL),(3540,'264','Elementary','SIPOCOT NATIONAL HIGH SCHOOL','SIPOCOT, CAMARINES SUR','Secondary','2010',NULL,NULL,'HIGHSCHOOL GRAD',NULL),(3545,'265','Elementary','Click here to add another school...','','','',NULL,NULL,'',NULL),(3546,'265','Elementary','CBSUA-SIPOCOT','IMPIG, SIPOCOT, CAM. SUR','BS-CRIMINOLOGY','2016',NULL,NULL,'',NULL),(3547,'265','Elementary','SIXTO BULAONG ELEMENTARY SCHOOL','LIBMANAN, CAMARINES SUR','Elementary','2008',NULL,NULL,'0',NULL),(3548,'265','Elementary','SAN ISIDRO NATIONAL HIGH SCHOOL','SAN ISIDRO, LIBMANAN, CAMARINES SUR','Secondary','2012',NULL,NULL,'0',NULL),(3553,'266','Elementary','CBSUA-SIPOCOT','IMPIG, SIPOCOT, CAM. SUR','BSE-FILIPINO','2017',NULL,NULL,'',NULL),(3556,'266','Elementary','SIPOCOT NORTH CENTRAL SCHOOL','IMPIG, SIPOCOT, CAMARINES SUR','Elementary','2009',NULL,NULL,'0',NULL),(3557,'266','Elementary','BAHAY PROVINCIAL SCHOOL','','Secondary','2013',NULL,NULL,'0',NULL),(3562,'267','Elementary','CBSUA-SIPOCOT','IMPIG, SIPOCOT, CAM. SUR','BSIT-FOOD TECHNOLOGY','2017',NULL,NULL,'',NULL),(3563,'267','Elementary','SIPOCOT SOUTH CENTRAL SCHOOL','SIPOCOT, CAMARINES SUR','Elementary','2008',NULL,NULL,'0',NULL),(3564,'267','Elementary','SIPOCOT NATIONAL HIGH SCHOOL','TARA, SIPOCOT, CAMARINES SUR','Secondary','2012',NULL,NULL,'0',NULL),(3565,'246','Elementary','North Villazar Elementary School','Villazar, Sipocot, Camarines Sur','Elementary','2006',NULL,NULL,'0',NULL),(3566,'246','Elementary','Camarines Sur National High School','Naga city','Secondary','2010',NULL,NULL,'0',NULL),(3571,'268','Elementary','CBSUA-SIPOCOT','IMPIG, SIPOCOT, CAM. SUR','BSIT-Electrical Technology','2014',NULL,NULL,'',NULL),(3572,'268','Elementary','CASTILLO ELEMENTARY SCHOOL','CABUSAO, CAMARINES SUR','Elementary','1998',NULL,NULL,'0',NULL),(3573,'268','Elementary','STA. LUTGARDA HIGH SCHOOL','CABUSAO, CAMARINES SUR','Secondary','2002',NULL,NULL,'0',NULL),(3578,'269','College','CBSUA-SIPOCOT','IMPIG, SIPOCOT, CAM. SUR','BSE-MATHEMATICS','2017',NULL,NULL,'',NULL),(3581,'269','Elementary','SIPOCOT NORTH CENTRAL SCHOOL','IMPIG, SIPOCOT, CAMARINES SUR','Elementary','2008',NULL,NULL,'0',NULL),(3582,'269','Secondary','SIPOCOT NATIONAL HIGH SCHOOL','TARA, SIPOCOT, CAMARINES SUR','Secondary','2012',NULL,NULL,'0',NULL),(3585,'270','Elementary','','','Elementary','2017',NULL,NULL,'',NULL),(3586,'270','Elementary','','','Secondary','2017',NULL,NULL,'',NULL),(3591,'272','Elementary','','','Elementary','2017',NULL,NULL,'',NULL),(3592,'272','Elementary','','','Secondary','2017',NULL,NULL,'',NULL),(3595,'273','Elementary','','','Elementary','2017',NULL,NULL,'',NULL),(3596,'273','Elementary','','','Secondary','2017',NULL,NULL,'',NULL),(3605,'274','Elementary','','','Elementary','2017',NULL,NULL,'',NULL),(3606,'274','Elementary','','','Secondary','2017',NULL,NULL,'',NULL),(3607,'136','Elementary','Sixto Bulaong Elementary School','Libmanan, Camnarines Sur','Elementary','2004',NULL,NULL,'',NULL),(3608,'136','Secondary','San Isidro National High School','Libmanan, Camarines Sur','Secondary','2008',NULL,NULL,'',NULL),(3613,'275','Elementary','','','Elementary','2017',NULL,NULL,'',NULL),(3614,'275','Elementary','','','Secondary','2017',NULL,NULL,'',NULL),(3619,'276','Elementary','','','Elementary','2017',NULL,NULL,'',NULL),(3620,'276','Elementary','','','Secondary','2017',NULL,NULL,'',NULL),(3625,'121','Elementary','Sipocot South Central School','Sipocot, Camarines Sur','Elementary','1998',NULL,NULL,'0',NULL),(3626,'121','Secondary','Bicol Institute of Science and Technology','Impig, Sipocot, Camarines Sur','Secondary','2002',NULL,NULL,'0',NULL),(3629,'277','Elementary','','','Elementary','2017',NULL,NULL,'',NULL),(3630,'277','Elementary','','','Secondary','2017',NULL,NULL,'',NULL),(3633,'278','Elementary','','','Elementary','2017',NULL,NULL,'',NULL),(3634,'278','Secondary','','','Secondary','2017',NULL,NULL,'',NULL),(3635,'257','Elementary','Libmanan North Central School','Libmanan, Camarines Sur','Elementary','1994',NULL,NULL,'0',NULL),(3636,'257','Secondary','San Juan National High School','Libmanan, Camarines Sur','Secondary','1998',NULL,NULL,'0',NULL),(3637,'221','Elementary','Sipocot North Central School','Impig, Sipocot, Camarines Sur','Elementary','2005',NULL,NULL,'0',NULL),(3638,'221','Elementary','Sipocot National High School','Tara, Sipocot, Camarines Sur','Secondary','2009',NULL,NULL,'0',NULL),(3641,'271','Elementary','','','Elementary','2017',NULL,NULL,'',NULL),(3642,'271','Elementary','','','Secondary','2017',NULL,NULL,'',NULL),(3651,'279','Elementary','','','Elementary','2017',NULL,NULL,'',NULL),(3652,'279','Elementary','','','Secondary','2017',NULL,NULL,'',NULL),(3657,'213','Elementary','San Juan Elementary School','San Juan, Libmanan, Camarines Sur','Elementary','1996',NULL,NULL,'0',NULL),(3658,'213','Secondary','San Juan National School','San Juan, Libmanan, Camarines Sur','Secondary','2008',NULL,NULL,'0',NULL),(3673,'21','Elementary','Cataggaman Elementary School','0','Elementary','1977',NULL,NULL,'0',NULL),(3674,'21','Secondary','Baggao National Agricultural School','','Secondary','1981',NULL,NULL,'0',NULL),(3687,'283','Elementary','','','Elementary','2017',NULL,NULL,'',NULL),(3688,'283','Secondary','','','Secondary','2017',NULL,NULL,'',NULL),(3691,'284','Elementary','','','Elementary','2017',NULL,NULL,'',NULL),(3692,'284','Elementary','','','Secondary','2017',NULL,NULL,'',NULL),(3697,'285','Elementary','','','Elementary','2017',NULL,NULL,'',NULL),(3698,'285','Elementary','','','Secondary','2017',NULL,NULL,'',NULL),(3701,'286','Elementary','','','Elementary','2017',NULL,NULL,'',NULL),(3702,'286','Elementary','','','Secondary','2017',NULL,NULL,'',NULL),(3707,'287','Elementary','','','Elementary','2017',NULL,NULL,'',NULL),(3708,'287','Elementary','','','Secondary','2017',NULL,NULL,'',NULL),(3715,'249','Elementary','Lyceo  de Pasacao','Pasacao, Camarines Sur','Elementary','2002',NULL,NULL,'0',NULL),(3716,'249','Secondary','Bicol Central Academy','Libmanan, Camarines Sur','Secondary','2012',NULL,NULL,'0',NULL),(3719,'280','Elementary','','','Elementary','2017',NULL,NULL,'',NULL),(3720,'280','Elementary','','','Secondary','2017',NULL,NULL,'',NULL),(3721,'281','Elementary','','','Elementary','2017',NULL,NULL,'',NULL),(3722,'281','Elementary','','','Secondary','2017',NULL,NULL,'',NULL),(3725,'288','Elementary','','','Elementary','2017',NULL,NULL,'',NULL),(3726,'288','Secondary','','','Secondary','2017',NULL,NULL,'',NULL),(3745,'289','Elementary','','','Elementary','2018',NULL,NULL,'',NULL),(3746,'289','Secondary','','','Secondary','2018',NULL,NULL,'',NULL),(3751,'290','Elementary','','','Elementary','2018',NULL,NULL,'',NULL),(3752,'290','Secondary','','','Secondary','2018',NULL,NULL,'',NULL),(3759,'291','Elementary','','','Elementary','2018',NULL,NULL,'',NULL),(3760,'291','Elementary','','','Secondary','2018',NULL,NULL,'',NULL),(3765,'292','Elementary','','','Elementary','2018',NULL,NULL,'',NULL),(3766,'292','Elementary','','','Secondary','2018',NULL,NULL,'',NULL),(3771,'293','Elementary','','','Elementary','2018',NULL,NULL,'',NULL),(3772,'293','Elementary','','','Secondary','2018',NULL,NULL,'',NULL),(3777,'294','Elementary','','','Elementary','2018',NULL,NULL,'',NULL),(3778,'294','Elementary','','','Secondary','2018',NULL,NULL,'',NULL),(3783,'295','Elementary','','','Elementary','2018',NULL,NULL,'',NULL),(3784,'295','Elementary','','','Secondary','2018',NULL,NULL,'',NULL),(3789,'296','Elementary','','','Elementary','2018',NULL,NULL,'',NULL),(3790,'296','Secondary','','','Secondary','2018',NULL,NULL,'',NULL),(3795,'297','Elementary','','','Elementary','2018',NULL,NULL,'',NULL),(3796,'297','Secondary','','','Secondary','2018',NULL,NULL,'',NULL),(3799,'298','Elementary','','','Elementary','2018',NULL,NULL,'',NULL),(3800,'298','Secondary','','','Secondary','2018',NULL,NULL,'',NULL),(3803,'299','Elementary','','','Elementary','2018',NULL,NULL,'',NULL),(3804,'299','Secondary','','','Secondary','2018',NULL,NULL,'',NULL),(3811,'300','Elementary','','','Elementary','2018',NULL,NULL,'',NULL),(3812,'300','Secondary','','','Secondary','2018',NULL,NULL,'',NULL),(3819,'302','Elementary','','','Elementary','2018',NULL,NULL,'',NULL),(3820,'302','Elementary','','','Secondary','2018',NULL,NULL,'',NULL),(3825,'303','Elementary','','','Elementary','2018',NULL,NULL,'',NULL),(3826,'303','Elementary','','','Secondary','2018',NULL,NULL,'',NULL),(3829,'304','Elementary','','','Elementary','2018',NULL,NULL,'',NULL),(3830,'304','Secondary','','','Secondary','2018',NULL,NULL,'',NULL),(3837,'305','Elementary','','','Elementary','2018',NULL,NULL,'',NULL),(3838,'305','Secondary','','','Secondary','2018',NULL,NULL,'',NULL),(3841,'306','Elementary','','','Elementary','2018',NULL,NULL,'',NULL),(3842,'306','Secondary','','','Secondary','2018',NULL,NULL,'',NULL),(3849,'307','Elementary','','','Elementary','2018',NULL,NULL,'',NULL),(3850,'307','Secondary','','','Secondary','2018',NULL,NULL,'',NULL),(3855,'308','Elementary','','','Elementary','2018',NULL,NULL,'',NULL),(3856,'308','Secondary','','','Secondary','2018',NULL,NULL,'',NULL),(3859,'309','Elementary','South Villazar Elementary School','South Villazar, Sipocot, Camarines Sur','Elementary','2010','2020-09-01','2020-09-03','Graduate',''),(3860,'309','Secondary','Villazar National High School','North Villazar, Sipocot, Camarines Sur','Secondary','2014','0000-00-00','0000-00-00','',''),(3865,'310','Elementary','','','Elementary','2018',NULL,NULL,'',NULL),(3866,'310','Secondary','','','Secondary','2018',NULL,NULL,'',NULL),(3869,'311','Elementary','','','Elementary','2018',NULL,NULL,'',NULL),(3870,'311','Elementary','','','Secondary','2018',NULL,NULL,'',NULL),(3873,'312','Elementary','','','Elementary','2018',NULL,NULL,'',NULL),(3874,'312','Elementary','','','Secondary','2018',NULL,NULL,'',NULL),(3875,'218','Elementary','Sipocot South Central School','Sipocot, Camarines Sur','Elementary','1999',NULL,NULL,'0',NULL),(3876,'218','Secondary','Sipocot National High School','Tara, Sipocot, Camarines Sur','Secondary','2003',NULL,NULL,'0',NULL),(3881,'313','Elementary','','','Elementary','2018',NULL,NULL,'',NULL),(3882,'313','Elementary','','','Secondary','2018',NULL,NULL,'',NULL),(3887,'17','Elementary','Sigamot Elementary School','Libmanan, Camarines Sur','Elementary','1973',NULL,NULL,'0',NULL),(3888,'17','Secondary','Colegio del Santisimo Rosario','Libmanan, Camarines Sur','Secondary','1977',NULL,NULL,'0',NULL),(3891,'314','Elementary','','','Elementary','2018',NULL,NULL,'',NULL),(3892,'314','Elementary','','','Secondary','2018',NULL,NULL,'',NULL),(3897,'315','Elementary','','','Elementary','2018',NULL,NULL,'',NULL),(3898,'315','Elementary','','','Secondary','2018',NULL,NULL,'',NULL),(3901,'316','Elementary','','','Elementary','2018',NULL,NULL,'',NULL),(3902,'316','Elementary','','','Secondary','2018',NULL,NULL,'',NULL),(3905,'317','Elementary','','','Elementary','2018',NULL,NULL,'',NULL),(3906,'317','Secondary','','','Secondary','2018',NULL,NULL,'',NULL),(3909,'318','Elementary','','','Elementary','2018',NULL,NULL,'',NULL),(3910,'318','Secondary','','','Secondary','2018',NULL,NULL,'',NULL),(3917,'319','Elementary','','','Elementary','2018',NULL,NULL,'',NULL),(3918,'319','Elementary','','','Secondary','2018',NULL,NULL,'',NULL),(3921,'320','Elementary','','','Elementary','2018',NULL,NULL,'',NULL),(3922,'320','Elementary','','','Secondary','2018',NULL,NULL,'',NULL),(3931,'322','Elementary','','','Elementary','2018',NULL,NULL,'',NULL),(3932,'322','Secondary','','','Secondary','2018',NULL,NULL,'',NULL),(3933,'321','Elementary','','','Elementary','2018',NULL,NULL,'',NULL),(3934,'321','Elementary','','','Secondary','2018',NULL,NULL,'',NULL),(3937,'323','Elementary','','','Elementary','2018',NULL,NULL,'',NULL),(3938,'323','Secondary','','','Secondary','2018',NULL,NULL,'',NULL),(3941,'324','Elementary','','','Elementary','2018',NULL,NULL,'',NULL),(3942,'324','Elementary','','','Secondary','2018',NULL,NULL,'',NULL),(3947,'325','Elementary','','','Elementary','2018',NULL,NULL,'',NULL),(3948,'325','Secondary','','','Secondary','2018',NULL,NULL,'',NULL),(3955,'158','Elementary','Pagporing Nuevo Elementary School','Libmanan, Camarines Sur','Elementary','1998',NULL,NULL,'0',NULL),(3956,'158','Secondary','San Isidro High School','Libmanan, Camnarines Sur','Secondary','2002',NULL,NULL,'0',NULL),(3957,'326','Elementary','','','Elementary','2018',NULL,NULL,'',NULL),(3958,'326','Elementary','','','Secondary','2018',NULL,NULL,'',NULL),(3959,'301','Elementary','','','Elementary','2018',NULL,NULL,'',NULL),(3960,'301','Elementary','','','Secondary','2018',NULL,NULL,'',NULL),(3961,'61','Elementary','Cabuyao Elementary School','Cabuyao, Camarines Sur','Elementary','1981',NULL,NULL,'0',NULL),(3962,'61','Secondary','Sipocot National School of Arts and Trades','Sipocot, Camarines Sur','Secondary','1985',NULL,NULL,'0',NULL),(3963,'24','Elementary','Sipocot South Central School','Sipocot, Camarines Sur','Elementary','1990',NULL,NULL,'0',NULL),(3964,'24','Secondary','Bicol Institute of Science and Technology','Impig, Sipocot, Camarines Sur','Secondary','1994',NULL,NULL,'0',NULL),(3965,'91','Elementary','Gaongan Elementary School','Gaongan, Sipocot, Camarines Sur','Elementary','1997',NULL,NULL,'0',NULL),(3966,'91','Secondary','Sipocot National High School','Tara, Sipocot, Camarines Sur','Secondary','2001',NULL,NULL,'0',NULL),(3969,'327','Elementary','','','Elementary','2018',NULL,NULL,'',NULL),(3970,'327','Secondary','','','Secondary','2018',NULL,NULL,'',NULL),(3981,'330','Elementary','','','Elementary','2018',NULL,NULL,'',NULL),(3982,'330','Secondary','','','Secondary','2018',NULL,NULL,'',NULL),(3987,'329','Elementary','','','Elementary','2018',NULL,NULL,'',NULL),(3988,'329','Secondary','','','Secondary','2018',NULL,NULL,'',NULL),(3989,'328','Elementary','','','Elementary','2018',NULL,NULL,'',NULL),(3990,'328','Secondary','','','Secondary','2018',NULL,NULL,'',NULL),(3991,'282','Elementary','','','Elementary','2017',NULL,NULL,'',NULL),(3992,'282','Elementary','','','Secondary','2017',NULL,NULL,'',NULL),(3995,'331','Elementary','','','Elementary','2019',NULL,NULL,'',NULL),(3996,'331','Secondary','','','Secondary','2019',NULL,NULL,'',NULL),(3999,'332','Elementary','','','Elementary','2019',NULL,NULL,'',NULL),(4000,'332','Secondary','','','Secondary','2019',NULL,NULL,'',NULL),(4009,'333','Elementary','','','Elementary','2019',NULL,NULL,'',NULL),(4010,'333','Secondary','','','Secondary','2019',NULL,NULL,'',NULL),(4015,'10','Elementary','Naga Central School','Naga City','Elementary','1994',NULL,NULL,'',NULL),(4016,'10','Secondary','Bicol College of Arts and Trades','Naga City','Secondary','1980',NULL,NULL,'',NULL),(4019,'185','Elementary','Cabung Buenavesta Quezon','Quezon City','Elementary','1976',NULL,NULL,'0',NULL),(4020,'185','Secondary','0','0','Secondary','0',NULL,NULL,'0',NULL),(4031,NULL,'Elementary','','','Elementary','2019',NULL,NULL,'',NULL),(4032,NULL,'Elementary','','','Secondary','2019',NULL,NULL,'',NULL),(4035,'335','Elementary','','','Elementary','2019',NULL,NULL,'',NULL),(4036,'335','Secondary','','','Secondary','2019',NULL,NULL,'',NULL),(4041,'336','Elementary','','','Elementary','2019',NULL,NULL,'',NULL),(4042,'336','Secondary','','','Secondary','2019',NULL,NULL,'',NULL),(4046,'62','Vocational','',NULL,'','',NULL,NULL,'',NULL),(4047,NULL,'Graduate Studies','AMA',NULL,'MIT','2020','2020-09-24','2020-09-25','Graduate','N/A'),(4048,NULL,'Graduate Studies','ZXC',NULL,'MIT','1234','2020-09-02','2020-09-23','XCZC','ASD'),(4049,'309','Graduate Studies','AMA',NULL,'MIT','2020','2020-09-22','2020-09-24','Graduate','N/A');

ALTER TABLE `tbl_employee_education` ENABLE KEYS;
UNLOCK TABLES;
COMMIT;

--
-- Data for table: tbl_employee_eligibility
--
LOCK TABLES `tbl_employee_eligibility` WRITE;
ALTER TABLE `tbl_employee_eligibility` DISABLE KEYS;

INSERT INTO `tbl_employee_eligibility` (`no`,`employee_id`,`eligibility_name`,`eligibility_rating`,`eligibility_date_exam`,`eligibility_place_exam`,`eligibility_license`,`eligibility_validity`) VALUES (1,'9','PBET',78.62,'1994-05-29','Naga City','6910','0000-00-00'),(2,'13','PBET',70.29,'1994-05-29','Naga City','0041655','1997-03-11'),(3,'14','PBET',76.7,'1997-05-20','Naga City','0061907','1997-06-20'),(4,'8','PBET',76.13,'1993-05-30','Naga City','064100','1993-09-27'),(5,'2','PBET',79.4,'2000-08-27','Legazpi City','0663354','2000-10-04'),(6,'2','Civil Service Professional',80.73,'1992-11-29','Naga City','','1993-04-07'),(7,'12','Criminologist Licensure Examination',75,'0000-00-00','Metro Manila','0006515','1905-06-21'),(8,'3','Social Work Licensure Examination',71.2,'0000-00-00','Manila','0008905','1994-10-24'),(9,'6','Board Exam. for Civil Engineers',75.65,'0000-00-00','PRC-Manila','038910','1995-01-15'),(10,'6','Licensure Exam. for Teachers',76.9,'1994-10-23','Legazpi City','0054357','1997-04-22'),(11,'10','Professional Board Exam. for Teachers',80.79,'1984-11-29','Legazpi City','','0000-00-00'),(13,'16','Professional Board Exam. for Teachers',73.8,'1997-10-25','Naga City','059783','0000-00-00'),(14,'18','National Police Entrance Examination',72.72,'1988-10-30','Legazpi City','','0000-00-00'),(15,'20','Licensure Exam. for Teachers',75.8,'0000-00-00','Legazpi City','0024815','1997-01-13'),(16,'21','National Police Commission NAPOLCOM',72.5,'1983-04-01','Manila','','1905-06-05'),(17,'21','CSC-Sub. Professional',70.5,'0000-00-00','Naga City','','1905-06-17'),(18,'22','NC II Building Wiring Electrical',0,'2009-07-09','','','0000-00-00'),(19,'23','Licensure Exam. for Teachers',76.2,'2002-08-25','Legazpi City','0776141','2002-11-13'),(20,'24','CS-Sub-professional',90.99,'1997-04-27','Iriga City','96-048076','1997-06-06'),(21,'24','Residential Decree 907 Honor Graduate',0,'1998-03-28','','10052266','1998-11-06'),(22,'24','Board for Librarians',79.1,'0000-00-00','Manila','0004529','2005-12-06'),(23,'24','Licensure Exam. for Teachers',79,'2009-10-04','Legazpi City','','0000-00-00'),(24,'27','Civil Service Professional',80.73,'1992-11-29','Daet, Cam. Norte','','0000-00-00'),(25,'28','Civil Service Professional',84.16,'2011-10-16','Naga City','','0000-00-00'),(26,'28','Civil Service Sub-Professional',87.14,'2007-10-28','Naga City','','0000-00-00'),(27,'29','Civil Service Sub-Professional',81.43,'2007-10-28','','','0000-00-00'),(28,'30','Civil Service Sub-Professional',82.83,'2009-11-05','Naga City','','0000-00-00'),(29,'33','Nursing Licensure Examination',75,'0000-00-00','Legazpi City','0717764','2011-09-19'),(32,'34','Professional Board Exam. for Teachers',70.9,'1985-11-24','Naga City','','0000-00-00'),(33,'36','Professional Board Exam. for Teachers',77.81,'1994-05-29','Naga City','0094863','1997-08-08'),(34,'36','Civil Service Professional',83.56,'1994-11-27','Naga City','','0000-00-00'),(35,'36','Civil Service Sub-Professional',82.15,'1993-10-17','Naga City','','0000-00-00'),(36,'36','Registered Guidance Counselor (RA 9258)',0,'0000-00-00','','','0000-00-00'),(37,'37','Professional Board Exam. for Teachers',76.98,'1989-12-10','Legazpi City','','0000-00-00'),(38,'38','Professional Board Exam. for Teachers',72.22,'1993-05-30','Naga City','0061903','1997-05-20'),(39,'39','Criminologist Licensure Examination',77.05,'0000-00-00','Manila','0002285','1994-11-22'),(40,'39','Police Officer (Promotional) Exam.',71.72,'1994-04-24','Legazpi City','','0000-00-00'),(41,'39','Police Officer (Entrance) Exam.',83.03,'1993-08-01','Legazpi City','','0000-00-00'),(42,'40','Professional Board Exam. for Teachers',72.07,'1994-05-29','Legazpi City','0502051','0000-00-00'),(43,'41','Professional Board Exam. for Teachers',73.47,'1992-10-25','Naga City','0059996','1997-05-14'),(44,'42','Professional Board Exam. for Teachers',77.56,'1976-12-12','Naga City','','0000-00-00'),(45,'42','Civil Service Professional ',77,'1976-05-02','','','0000-00-00'),(48,'43','Professional Board Exam. for Teachers',71.29,'1980-05-05','Legazpi City','','0000-00-00'),(49,'44','Presidential Degree No. 1006',0,'0000-00-00','Civil Service Commission','940500484E','0000-00-00'),(50,'45','Licensure Examination for Teachers',80,'1996-08-30','Legazpi City','0024812','1997-01-13'),(51,'46','Civil Service Professional ',80.2,'1994-11-27','Naga City','95-1007087','1995-04-11'),(52,'47','Licensure Examination for Teachers',76.4,'0000-00-00','Legazpi City','0252260','1998-01-02'),(53,'47','P.D. 907',0,'0000-00-00','BU, Legazpi City','10050118','1996-03-18'),(54,'48','Career Service Prof. Local Government',70,'1977-11-20','Legazpi City','','0000-00-00'),(55,'48','Professional Board Exam. for Teachers',74.11,'1978-04-23','Legazpi City','0041660','1997-03-11'),(56,'48','Career Service Professional',71.38,'1978-06-18','Legazpi City','','0000-00-00'),(57,'48','Home Economics Extension Officer',76.7,'1978-09-17','','','0000-00-00'),(58,'49','Career Service Professional',73.16,'1980-12-07','Naga City','','0000-00-00'),(59,'49','Career Service Sub-Professional',70.8,'1979-06-17','Naga City','','0000-00-00'),(60,'50','Professional Board Exam. for Teachers',76.36,'1983-11-27','Legazpi City','','0000-00-00'),(61,'51','Professional Board Exam. for Teachers',76.79,'1993-04-24','Naga City','0041658','2013-05-24'),(62,'52','Licensure Exam. for Teachers',78.8,'2009-10-04','Legazpi City','1068937','2010-09-30'),(63,'53','Professional Board Exam. for Teachers',70,'1983-11-27','Legazpi City','','0000-00-00'),(64,'54','Professional Board Exam. for Teachers',71.83,'1978-04-23','Legazpi City','0041654','2005-05-01'),(65,'54','Career Service Professional',70,'1979-06-17','Daet, Cam. Norte','','0000-00-00'),(66,'56','Professional Board Exam. for Teachers',70,'1982-11-28','Legazpi City','040828','1983-05-27'),(67,'57','Career Service Professional',82.7,'1990-08-05','Pasay City','237039','1991-01-25'),(68,'57','Professional Board Exam. for Teachers',77.7,'1993-03-30','Naga City','931659405','1993-09-27'),(69,'7','Professional Board Exam. for Teachers',70,'1985-11-24','Naga City','015816','1986-08-05'),(70,'58','Professional Board Exam. for Teachers',71.81,'1984-11-25','','','0000-00-00'),(71,'59','Professional Board Exam. for Teachers',71.05,'1995-05-28','Naga City','0070872','2013-11-22'),(72,'60','Integrated National Police Entrance Exam.',72.85,'1990-10-28','Naga City','586162','1991-01-16'),(73,'60','Board of Criminology',77.9,'0000-00-00','Manila','014422','2002-03-26'),(74,'61','Board for Librarian',76.2,'1997-12-01','Manila','0001785','1998-01-05'),(75,'61','Professional Board Exam. for Teachers',73.95,'1994-05-01','Naga City','0059961','0000-00-00'),(76,'62','Licensure Examination for Teachers',76.8,'0000-00-00','Legazpi City','0471582','1998-10-28'),(77,'62','Career Service Professional',80,'1995-08-20','Legazpi City','','1995-08-28'),(78,'63','Licensure Exam. for Teachers',76,'0000-00-00','Legazpi City','0024814','1997-01-13'),(79,'63','NC II in Dressmaking',0,'2009-02-20','Pasacao, Cam. Sur','0905030204','2009-02-20'),(80,'64','Professional Board Exam. for Teachers',70,'1992-10-25','','','0000-00-00'),(81,'65','Licensure Examination for Teachers',75,'0000-00-00','Legazpi City','0471455','1998-10-21'),(82,'66','Licensure Examination for Teachers',77.6,'2002-08-25','Legazpi City','779346','2002-11-15'),(83,'67','Professional Board Exam. for Teachers',75.22,'1993-05-30','Naga City','931637705','1993-09-27'),(84,'68','Licensure Examination for Teachers',75,'0000-00-00','Legazpi City','471260','1998-10-08'),(85,'69','Professional Board Exam. for Teachers',73.7,'1979-04-29','Naga City','0041651','1997-03-11'),(86,'69','Career Service Prof. Examination',70.59,'1982-07-18','Naga City','','0000-00-00'),(87,'70','Civil Service Professional',82.7,'1998-02-14','Quezon City','','1997-05-01'),(88,'71','Professional Board Exam. for Teachers',74.4,'1978-04-23','Naga City','','0000-00-00'),(89,'72','Professional Board Exam. for Teachers',73,'1979-04-29','Naga City','','0000-00-00'),(90,'73','Professional Board Exam. for Teachers',79.79,'1994-05-29','Quezon City','9433974131','1994-09-22'),(91,'73','Civil Service  Sub-Professional Exam. ',82.54,'1992-11-29','Naga City','92-0015174','1993-04-07'),(92,'74','Professional Board Exam. for Teachers',73.94,'1983-11-27','Legazpi City','41665','1984-08-10'),(93,'75','Licensure Exam. for Teachers ',79.4,'0000-00-00','Legazpi City','71582','1998-10-21'),(94,'75','Career Service Professional ',80.27,'1995-04-23','Naga City','','1985-05-02'),(95,'75','Career Service Sub-Professional',81.85,'1993-10-17','Naga City','','1994-01-24'),(96,'76','Licensure Examination for Teachers',75,'1999-08-08','National Capital Region','0620449','2014-05-16'),(97,'78','Licensure Examintion for Teachers',75,'2009-10-04','Legazpi City','1051177','2010-03-16'),(98,'78','Career Service Professional Examination',80.15,'2010-10-17','Naga City','','2010-12-15'),(99,'79','Professional Board Exam. for Teachers',73.54,'1992-10-25','Legazpi City','921062205','1993-04-28'),(100,'80','Professional Board Exam. for Teachers',70.78,'1992-10-25','Naga City','0088663','1997-07-28'),(101,'81','Career Service Professional',72.74,'1987-07-26','Legazpi City','','0000-00-00'),(102,'81','Professional Board Exam. for Teachers',71.48,'1995-11-28','','','0000-00-00'),(103,'82','Professional Board Exam. for Teachers',70.82,'1980-05-25','Legazpi City','15814','1980-09-30'),(104,'82','Agricultural Extension Officer',70.02,'1978-09-17','Legazpi City','5080','1978-11-27'),(105,'83','Career Service Professional',0,'1980-12-07','NCR Manila','','0000-00-00'),(106,'83','R.A. 1080',0,'2005-09-01','De La Salle University','','0000-00-00'),(107,'84','Licensure Examination for Teachers',77.8,'0000-00-00','Legazpi City','252218','0000-00-00'),(108,'87','Licensure Examination for Teachers',78.2,'2012-03-11','Legazpi City','','0000-00-00'),(109,'89','Professional Examination for Criminology',80.9,'2004-08-01','Legazpi City','0024184','2004-09-28'),(110,'93','Presidential Decree #907',0,'0000-00-00','','','0000-00-00'),(111,'94','Computer Hard. Servicing NC II',0,'2010-02-10','CASIFMAS, Pasacao, Cam. Sur','','0000-00-00'),(112,'94','PC Operation NC II',0,'2009-07-16','CASIFMAS, Pasacao, Cam. Sur','','0000-00-00'),(113,'101','Criminology Board Examination',78,'2005-05-01','Legazpi City','','0000-00-00'),(114,'105','Professional Board Exam. for Teachers ',75.07,'1991-11-10','Naga City','','1992-06-08'),(115,'106','Licensure Examination for Teachers',78.8,'2012-09-30','Legazpi City','','0000-00-00'),(116,'107','Licensure Examination for Teachers',75,'2000-08-27','Legazpi City','066965','2000-10-04'),(117,'108','Professional Board Examination for Teachers',82.26,'1992-10-01','Legazpi City','0041643','1997-03-10'),(118,'109','Licensure Board Examination for Teachers',81,'2012-09-30','Legazpi City','','0000-00-00'),(119,'112','Sub-Professional',0,'2010-06-16','Legazpi City','114664','2010-06-16'),(120,'115','NC II - PC Operation',0,'2008-02-29','TESDA, Taguig','','2008-02-29'),(121,'115','NC II - Computer Hardware Servicing',0,'2010-06-05','CASIFMAS-Pasacao','','2010-06-05'),(122,'116','National Computer Center',95,'0000-00-00','U.P. Diliman, Quezon City','','0000-00-00'),(123,'117','Police Officer 3rd Class',74.02,'1979-11-19','Legazpi City','','0000-00-00'),(124,'117','Licensure Examination for Criminologist ',80.15,'0000-00-00','Manila','0005960','1998-11-09'),(125,'118','Civil Service - Sub-Professional',83.38,'1996-04-21','Naga Central School','581056WE','1996-05-31'),(126,'121','Licensure Examination for Criminologist',75,'2009-09-01','Legazpi City','0046739','2010-02-11'),(127,'129','National Police Commission ',70.36,'2010-11-07','Calamba City, Laguna','048777','2010-12-07'),(128,'134','LET',75,'2001-08-01','Legazpi City','0718793','0000-00-00'),(129,'135','Computer & Hardware Servicing NC II',0,'2014-04-26','CASIFMAS, Pasacao, Cam. Sur','','0000-00-00'),(130,'141','Criminology Board Examination',75.35,'0000-00-00','Legazpi City','901487024','0000-00-00'),(131,'143','Computer Hardware Servicing II',0,'2009-02-20','TESDA-Naga','0905030203','0000-00-00'),(132,'143','National TVET Trainors',0,'2009-03-26','TESDA-Naga','0905030298','0000-00-00'),(133,'145','Licensure Examination in Agriculture',80.83,'0000-00-00','Daraga Albay','0017279','0000-00-00'),(134,'147','Phil. Board Examination for Teacher',77.96,'1995-05-28','CSNHS-Naga City','','1996-01-30'),(135,'147','Career Service Professional',81.85,'1995-03-18','Pag-Asa National HS','','0000-00-00'),(136,'147','Career Service Sub-Professional',81.54,'1993-10-17','','','0000-00-00'),(137,'159','Licensure Board Examination for Criminologist',80.2,'0000-00-00','Legazpi City','0088959','2013-11-27'),(138,'161','Professional Teacher',77,'2012-09-30','Aquinas University','1188429','2013-07-12'),(139,'161','Certificate of Eligibility (Honor Graduate)',0,'2009-03-30','Civil Service Commission','10050171','2010-05-19'),(140,'171','NC II National Competency',0,'0000-00-00','','','0000-00-00'),(141,'167','Computer Hardware Servicing NC II',0,'2015-04-16','Pasacao, Cam. Sur','','0000-00-00'),(142,'173','Licensure Examination for Teachers',78.6,'2015-03-29','Legazpi City','','0000-00-00'),(143,'176','Civil Service Commission',0,'0000-00-00','Pili, Cam. Sur','','0000-00-00'),(144,'176','Hardware Servicing National Certificate II',0,'0000-00-00','','','0000-00-00'),(145,'178','Licensure Examination for Teachers',0,'2014-08-01','Legazpi City','353978','2015-01-29'),(146,'192','Licensure Examination for Criminologiest',77.95,'2013-10-01','Legazpi City','','0000-00-00'),(147,'194','Licensure for Teachers',79.2,'2012-09-03','Legazpi City','1182395','2012-12-07'),(148,'196','Licensure Examination for Teacher',80,'2014-03-16','Legazli City','119365','2013-05-03'),(149,'197','Computer Hard. Servicing',0,'2014-04-22','CASIFMAS-TESDA','','0000-00-00'),(150,'198','Barangay Official',0,'2008-02-04','Legazpi City','21050348','2008-02-04'),(151,'198','Police Officer',80.45,'2001-10-28','Legazpi City','00002380','2001-12-20'),(152,'198','National Police Commission',74.71,'2001-05-20','Legazpi City','01-001-552','2001-06-19'),(153,'198','Civil Service Commission',0,'2003-09-12','Legazpi City','03/09662','2003-09-12'),(154,'199','PBET',78.96,'1994-05-29','Legazpi City','','0000-00-00'),(155,'199','Career Sub-Prof. Examination',88.61,'1992-11-29','Legazpi City','','0000-00-00'),(156,'200','LET',75,'2008-04-01','Legazpi City','098574','2008-07-22'),(157,'202','ECE-Licensure Examination',77.4,'2008-10-01','Manila','2676','0000-00-00'),(158,'218','Board of Criminology',76.1,'2011-10-01','Manila','58884','2011-11-28'),(159,'224','PBET',75.35,'1995-05-28','Universidad de Sta. Isabel','0153125','1997-09-25'),(160,'226','Licensure Examination for Teachers',75,'2015-09-27','Legazpi City','1427907','2016-03-07'),(161,'228','Licensure Examination for Teachers',77,'2014-08-01','','1326357','2014-11-18'),(162,'231','Licensure Examination for Criminologist',76.5,'0000-00-00','Legazpi City','0125638','2016-01-21'),(163,'241','Licensure Examination for Teachers',76.4,'2009-09-09','Pasig-Manila','1049777','2010-01-18'),(164,'242','Licensure Examination for Teachers',76.6,'2011-04-13','National Teachers College','1093087','2011-05-12'),(165,'247','Foresters Board Examination',82.8,'1988-11-15','PRC Manila','00004039','1989-06-29'),(166,'251','Honor Graduate Eligibility',0,'0000-00-00','','1001051503','2015-03-27'),(167,'251','Licensure Examination for Teachers',77.8,'2016-03-20','','','0000-00-00'),(168,'253','Licensure Examination for Teachers',77.5,'2002-08-25','Legazpi City','','0000-00-00'),(169,'255','License Examination for Teacher',80.6,'2015-09-27','Legazpi City','1428080','2016-01-07'),(171,'309','Career Service Professional',81.33,'2018-10-09','Camarines Sur National High School','96-048076','2018-12-15'),(177,'205','MIKROTIK Certified Router Engineer',0,'2020-07-27','Legazpi City','1907RE9528','2022-07-27');

ALTER TABLE `tbl_employee_eligibility` ENABLE KEYS;
UNLOCK TABLES;
COMMIT;

--
-- Data for table: tbl_employee_employment
--
LOCK TABLES `tbl_employee_employment` WRITE;
ALTER TABLE `tbl_employee_employment` DISABLE KEYS;

INSERT INTO `tbl_employee_employment` (`no`,`employee_id`,`date_from`,`date_to`,`position`,`company`,`salary`,`salary_grade`,`appointment`,`govt_service`) VALUES (1,'205','2015-06-12','2015-11-23','Web Developer','Camarines Norte State College',8000,NULL,'Job Order','1'),(2,'205','2015-11-23','2019-04-12','Part-time Instructor','Central Bicol State University of Agriculture - Sipocot',10000,NULL,'Job Order','1'),(3,'205','2019-04-15',NULL,'Programmer','Central Bicol State University of Agriculture',17945,NULL,'Job Order','1'),(5,'309','2019-04-01',NULL,'15','Central Bicol State University of Agriculture - Sipocot',17510,NULL,'2','0'),(6,'309','2018-07-04','2019-03-30','Technician','Central Bicol State University of Agriculture - Sipocot',297.5,NULL,'Contract of Service','1'),(7,'1',NULL,NULL,'22',NULL,11914,'3','2','0'),(8,'2',NULL,NULL,'28',NULL,17473,'9','2','0'),(9,'3',NULL,NULL,'25',NULL,14340,'6','2','0'),(10,'4',NULL,NULL,'21',NULL,11200,'2','2','0'),(11,'6',NULL,NULL,'17',NULL,114981,'28','1','0'),(12,'7',NULL,NULL,'7',NULL,38085,'18','1','0'),(13,'8',NULL,NULL,'10',NULL,52554,'21','1','0'),(14,'9',NULL,NULL,'12',NULL,65604,'23','1','0'),(15,'10',NULL,NULL,'6',NULL,34781,'17','1','0'),(16,'11',NULL,NULL,'7',NULL,38085,'18','1','0'),(17,'12',NULL,NULL,'3',NULL,26494,'14','1','0'),(18,'13',NULL,NULL,'10',NULL,52554,'21','1','0'),(19,'14',NULL,NULL,'12',NULL,65604,'23','1','0'),(20,'16',NULL,NULL,'6',NULL,34781,'17','1','0'),(21,'17',NULL,NULL,'23',NULL,12674,'4','2','0'),(22,'18',NULL,NULL,'92',NULL,11914,'3','2','0'),(23,'20',NULL,NULL,'38',NULL,20179,'11','2','0'),(24,'21',NULL,NULL,'92',NULL,11914,'3','2','0'),(25,'22',NULL,NULL,'92',NULL,11914,'3','2','0'),(26,'23',NULL,NULL,'1',NULL,22149,'12','1','0'),(27,'24',NULL,NULL,'66',NULL,20179,'11','2','0'),(28,'25',NULL,NULL,'92',NULL,11914,'3','2','0'),(29,'28',NULL,NULL,'24',NULL,13481,'5','2','0'),(30,'29',NULL,NULL,'23',NULL,12674,'4','2','0'),(31,'30',NULL,NULL,'24',NULL,13481,'5','2','0'),(32,'31',NULL,NULL,'21',NULL,11200,'2','2','0'),(33,'32',NULL,NULL,'20',NULL,10510,'1','2','0'),(34,'33',NULL,NULL,'54',NULL,29010,'15','2','0'),(35,'34',NULL,NULL,'7',NULL,38085,'18','1','0'),(36,'36',NULL,NULL,'4',NULL,29010,'15','1','0'),(37,'37',NULL,NULL,'7',NULL,38085,'18','1','0'),(38,'38',NULL,NULL,'4',NULL,29010,'15','1','0'),(39,'39',NULL,NULL,'7',NULL,38085,'18','1','0'),(40,'40',NULL,NULL,'4',NULL,29010,'15','1','0'),(41,'41',NULL,NULL,'6',NULL,34781,'17','1','0'),(42,'45',NULL,NULL,'4',NULL,29010,'15','1','0'),(43,'46',NULL,NULL,'2',NULL,24224,'13','1','0'),(44,'47',NULL,NULL,'9',NULL,47037,'20','1','0'),(45,'49',NULL,NULL,'40',NULL,29010,'15','2','0'),(46,'50',NULL,NULL,'7',NULL,38085,'18','1','0'),(47,'51',NULL,NULL,'6',NULL,34781,'17','1','0'),(48,'52',NULL,NULL,'5',NULL,31765,'16','1','0'),(49,'56',NULL,NULL,'7',NULL,38085,'18','1','0'),(50,'57',NULL,NULL,'12',NULL,65604,'23','1','0'),(51,'58',NULL,NULL,'7',NULL,38085,'18','1','0'),(52,'59',NULL,NULL,'4',NULL,29010,'15','1','0'),(53,'60',NULL,NULL,'4',NULL,29010,'15','1','0'),(54,'61',NULL,NULL,'103',NULL,24224,'13','2','0'),(55,'62',NULL,NULL,'5',NULL,31765,'16','1','0'),(56,'63',NULL,NULL,'6',NULL,34781,'17','1','0'),(57,'64',NULL,NULL,'3',NULL,26494,'14','1','0'),(58,'65',NULL,NULL,'4',NULL,29010,'15','1','0'),(59,'66',NULL,NULL,'2',NULL,24224,'13','1','0'),(60,'67',NULL,NULL,'5',NULL,31765,'16','1','0'),(61,'68',NULL,NULL,'4',NULL,29010,'15','1','0'),(62,'73',NULL,NULL,'8',NULL,42099,'19','1','0'),(63,'75',NULL,NULL,'6',NULL,34781,'17','1','0'),(64,'76',NULL,NULL,'4',NULL,29010,'15','1','0'),(65,'77',NULL,NULL,'1',NULL,22149,'12','1','0'),(66,'78',NULL,NULL,'1',NULL,22149,'12','1','0'),(67,'79',NULL,NULL,'6',NULL,34781,'17','1','0'),(68,'80',NULL,NULL,'2',NULL,24224,'13','1','0'),(69,'81',NULL,NULL,'38',NULL,20179,'11','2','0'),(70,'90',NULL,NULL,'1',NULL,22149,'12','4','0'),(71,'91',NULL,NULL,'1',NULL,22149,'12','4','0'),(72,'93',NULL,NULL,'1',NULL,22149,'12','1','0'),(73,'94',NULL,NULL,'1',NULL,22149,'12','4','0'),(74,'99',NULL,NULL,'20',NULL,10510,'1','3','0'),(75,'100',NULL,NULL,'22',NULL,11914,'3','3','0'),(76,'101',NULL,NULL,'1',NULL,22149,'12','1','0'),(77,'102',NULL,NULL,'1',NULL,22149,'12','1','0'),(78,'105',NULL,NULL,'5',NULL,31765,'16','1','0'),(79,'113',NULL,NULL,'22',NULL,11914,'3','3','0'),(80,'116',NULL,NULL,'1',NULL,22149,'12','4','0'),(81,'118',NULL,NULL,'23',NULL,12674,'4','2','0'),(82,'121',NULL,NULL,'22',NULL,11914,'3','2','0'),(83,'122',NULL,NULL,'20',NULL,10510,'1','3','0'),(84,'125',NULL,NULL,'20',NULL,10510,'1','2','0'),(85,'126',NULL,NULL,'22',NULL,11914,'3','3','0'),(86,'127',NULL,NULL,'22',NULL,11914,'3','3','0'),(87,'136',NULL,NULL,'1',NULL,22149,'12','4','0'),(88,'141',NULL,NULL,'1',NULL,22149,'12','4','0'),(89,'142',NULL,NULL,'22',NULL,11914,'3','3','0'),(90,'146',NULL,NULL,'1',NULL,22149,'12','1','0'),(91,'147',NULL,NULL,'3',NULL,26494,'14','1','0'),(92,'155',NULL,NULL,'20',NULL,10510,'1','3','0'),(93,'163',NULL,NULL,'1',NULL,22149,'12','4','0'),(94,'199',NULL,NULL,'1',NULL,22149,'12','1','0'),(95,'201',NULL,NULL,'1',NULL,22149,'12','4','0'),(96,'230',NULL,NULL,'1',NULL,22149,'12','4','0'),(97,'234',NULL,NULL,'1',NULL,22149,'12','1','0'),(98,'235',NULL,NULL,'1',NULL,22149,'12','4','0'),(99,'245',NULL,NULL,'7',NULL,38085,'18','1','0'),(100,'251',NULL,NULL,'1',NULL,22149,'12','4','0'),(101,'252',NULL,NULL,'1',NULL,22149,'12','4','0'),(102,'271',NULL,NULL,'1',NULL,22149,'12','4','0'),(103,'282',NULL,NULL,'1',NULL,22149,'12','1','0'),(104,'289',NULL,NULL,'44',NULL,22149,'12','2','0'),(105,'290',NULL,NULL,'1',NULL,22149,'12','4','0'),(106,'324',NULL,NULL,'1',NULL,22149,'12','4','0'),(107,'325',NULL,NULL,'1',NULL,22149,'12','1','0'),(108,'336',NULL,NULL,'28',NULL,17473,'9','7','0'),(109,'345',NULL,NULL,'1',NULL,22149,'12','5','0'),(110,'346',NULL,NULL,'19',NULL,143534,'30','1','0'),(111,'347',NULL,NULL,'12',NULL,65604,'23','1','0'),(112,'348',NULL,NULL,'45',NULL,31765,'16','7','0'),(113,'349',NULL,NULL,'20',NULL,10510,'1','2','0');

ALTER TABLE `tbl_employee_employment` ENABLE KEYS;
UNLOCK TABLES;
COMMIT;

--
-- Data for table: tbl_employee_family_background
--
LOCK TABLES `tbl_employee_family_background` WRITE;
ALTER TABLE `tbl_employee_family_background` DISABLE KEYS;

INSERT INTO `tbl_employee_family_background` (`no`,`employee_id`,`relationship`,`first_name`,`middle_name`,`last_name`,`ext_name`,`birthdate`,`occupation`,`employer`,`business_address`,`telephone_no`) VALUES (5,'94-033',0,'Joshua Rene','P.','Matamorosa','','2002-09-27',NULL,NULL,NULL,NULL),(6,'94-033',0,'Jade Mariele','P.','Matamorosa','','2002-09-28',NULL,NULL,NULL,NULL),(7,'94-032',0,'Jay Anthony','A.','Gonzales','','2002-09-29',NULL,NULL,NULL,NULL),(8,'94-032',0,'Jay Paulo','A.','Gonzales','','2002-09-30',NULL,NULL,NULL,NULL),(9,'94-026',0,'Chrisean','A.','Bonito','','2002-10-01',NULL,NULL,NULL,NULL),(10,'94-026',0,'Dawn Marie','A.','Bonito','','2002-10-02',NULL,NULL,NULL,NULL),(11,'94-026',0,'Sean Ceejay','A.','Bonito','','2002-10-03',NULL,NULL,NULL,NULL),(12,'84-011',0,'Rey','B.','Almonte','','2002-10-04',NULL,NULL,NULL,NULL),(13,'84-011',0,'Roy','B.','Almonte','','2002-10-05',NULL,NULL,NULL,NULL),(14,'84-011',0,'Rachel Mae','B.','Almonte','','2002-10-06',NULL,NULL,NULL,NULL),(15,'84-011',0,'Cyril Mae','B.','Almonte','','2002-10-07',NULL,NULL,NULL,NULL),(16,'94-024',0,'Danielle Angela','DLP.','Aragon','','2002-10-08',NULL,NULL,NULL,NULL),(17,'95-037',0,'Danielle Angela','DLP.','Aragon','','2002-10-09',NULL,NULL,NULL,NULL),(18,'12-071',0,'Christine','R.','Beraña','','2002-10-10',NULL,NULL,NULL,NULL),(19,'12-071',0,'Annabele','R.','Beraña','','2002-10-11',NULL,NULL,NULL,NULL),(20,'12-071',0,'Beatrice','R.','Beraña','','2002-10-12',NULL,NULL,NULL,NULL),(21,'13-073',0,'Sandra','M.','Casulla','','2002-10-13',NULL,NULL,NULL,NULL),(22,'13-073',0,'Sarah Jean','M.','Casulla','','2002-10-14',NULL,NULL,NULL,NULL),(23,'13-073',0,'Olga','M.','Casulla','','2002-10-15',NULL,NULL,NULL,NULL),(24,'13-073',0,'Kyla','M.','Casulla','','2002-10-16',NULL,NULL,NULL,NULL),(25,'84-012',0,'Abigail','C.','Lositaño','','2002-10-17',NULL,NULL,NULL,NULL),(26,'84-012',0,'Angel Mae','C.','Lositaño','','2002-10-18',NULL,NULL,NULL,NULL),(27,'84-012',0,'Aimee Claire','C.','Lositaño','','2002-10-19',NULL,NULL,NULL,NULL),(28,'84-012',0,'Andrei','C.','Lositaño','','2002-10-20',NULL,NULL,NULL,NULL),(29,'09-063',0,'Abigail','C.','Lositaño','','2002-10-21',NULL,NULL,NULL,NULL),(30,'09-063',0,'Angel Mae','C.','Lositaño','','2002-10-22',NULL,NULL,NULL,NULL),(31,'09-063',0,'Aimee Claire','C.','Lositaño','','2002-10-23',NULL,NULL,NULL,NULL),(32,'09-063',0,'Andrei','C.','Lositaño','','2002-10-24',NULL,NULL,NULL,NULL),(33,'88-018',0,'Mark Edu','R.','Uvas','','2002-10-25',NULL,NULL,NULL,NULL),(34,'88-018',0,'Maurez Joy','R.','Uvas','','2002-10-26',NULL,NULL,NULL,NULL),(35,'88-018',0,'Elouiza Gay','R.','Uvas','','2002-10-27',NULL,NULL,NULL,NULL),(36,'88-018',0,'Eumari Kay','R.','Uvas','','2002-10-28',NULL,NULL,NULL,NULL),(40,'94-028',0,'Zach Miguel','N.','Eborda','','2002-10-29',NULL,NULL,NULL,NULL),(41,'94-028',0,'Shannen Gerby','N.','Eborda','','2002-10-30',NULL,NULL,NULL,NULL),(42,'94-028',0,'Sherrah Hail','N.','Eborda','','2002-10-31',NULL,NULL,NULL,NULL),(43,'96-041',0,'Evagine','C.','Baliza','','2002-11-01',NULL,NULL,NULL,NULL),(44,'96-041',0,'Erika','C.','Baliza','','2002-11-02',NULL,NULL,NULL,NULL),(45,'96-041',0,'Ernesto','C.','Baliza','Jr.','2002-11-03',NULL,NULL,NULL,NULL),(46,'96-041',0,'Ericson','C.','Baliza','','2002-11-04',NULL,NULL,NULL,NULL),(47,'94-023',0,'John Marco','C.','Balane','','2002-11-05',NULL,NULL,NULL,NULL),(48,'94-023',0,'Eduardo Marco','C.','Balane','','2002-11-06',NULL,NULL,NULL,NULL),(49,'99-053',0,'Chrisean','A.','Bonito','','2002-11-07',NULL,NULL,NULL,NULL),(50,'99-053',0,'Dawn Marie','A.','Bonito','','2002-11-08',NULL,NULL,NULL,NULL),(51,'99-053',0,'Sean Ceejay','A.','Bonito','','2002-11-09',NULL,NULL,NULL,NULL),(52,'09-061',0,'Kim Erish','C.','Bron','','2002-11-10',NULL,NULL,NULL,NULL),(53,'09-061',0,'John Liam','C.','Bron','','2002-11-11',NULL,NULL,NULL,NULL),(54,'95-034',0,'Angel Boy','B.','Fiesta','','2002-11-12',NULL,NULL,NULL,NULL),(55,'95-034',0,'Leoniel','B.','Fiesta','','2002-11-13',NULL,NULL,NULL,NULL),(56,'95-034',0,'Leonard','B.','Fiesta','','2002-11-14',NULL,NULL,NULL,NULL),(57,'13-078',0,'Juvy Mae','E.','Jovillano','','2002-11-15',NULL,NULL,NULL,NULL),(58,'13-078',0,'Jojoi EV','E.','Jovillano','','2002-11-16',NULL,NULL,NULL,NULL),(59,'13-078',0,'Jo Ville','E.','Jovillano','','2002-11-17',NULL,NULL,NULL,NULL),(60,'13-078',0,'Jo Vanni','E.','Jovillano','','2002-11-18',NULL,NULL,NULL,NULL),(61,'97-051',0,'Vanneza','R.','Millena','','2002-11-19',NULL,NULL,NULL,NULL),(62,'97-051',0,'Christia','R.','Millena','','2002-11-20',NULL,NULL,NULL,NULL),(63,'97-051',0,'Christy','R.','Millena','','2002-11-21',NULL,NULL,NULL,NULL),(64,'SIP00018',0,'Vanessa','N.','Pervera','','2002-11-22',NULL,NULL,NULL,NULL),(65,'SIP00018',0,'Odessa','V.','Nera','','2002-11-23',NULL,NULL,NULL,NULL),(66,'SIP00018',0,'Wendy','V.','Nera','','2002-11-24',NULL,NULL,NULL,NULL),(67,'SIP00018',0,'Mayliza','N.','Cañas','','2002-11-25',NULL,NULL,NULL,NULL),(68,'SIP00018',0,'Onayzah','V.','Nera','','2002-11-26',NULL,NULL,NULL,NULL),(69,'SIP00018',0,'Edgardo','V.','Nera','Jr.','2002-11-27',NULL,NULL,NULL,NULL),(70,'SIP00018',0,'Edielbert','V.','Nera','','2002-11-28',NULL,NULL,NULL,NULL),(71,'SIP00011',0,'Noe Christian','S.','Nolasco','','2002-11-29',NULL,NULL,NULL,NULL),(72,'13-075',0,'Ayezha Loraine','F.','Rivera','','2002-11-30',NULL,NULL,NULL,NULL),(73,'09-062',0,'Zanille Adrienne','C.','Samarista','','2002-12-01',NULL,NULL,NULL,NULL),(74,'13-074',0,'Zanille Adrienne','C.','Samarista','','2002-12-02',NULL,NULL,NULL,NULL),(75,'95-040',0,'John Carlo','B.','Tibi','','2002-12-03',NULL,NULL,NULL,NULL),(76,'13-077',0,'Maria Francine','P.','Villafuerte','','2002-12-04',NULL,NULL,NULL,NULL),(77,'13-077',0,'James Francis','P.','Villafuerte','','2002-12-05',NULL,NULL,NULL,NULL),(78,'13-077',0,'Marie France','P.','Villafuerte','','2002-12-06',NULL,NULL,NULL,NULL),(79,'84-013',0,'Rey','B.','Almonte','','2002-12-07',NULL,NULL,NULL,NULL),(80,'84-013',0,'Roy','B.','Almonte','','2002-12-08',NULL,NULL,NULL,NULL),(81,'84-013',0,'Rachel Mae','B.','Almonte','','2002-12-09',NULL,NULL,NULL,NULL),(82,'84-013',0,'Cyril Mae','B.','Almonte','','2002-12-10',NULL,NULL,NULL,NULL),(83,'95-035',0,'Althea','B.','Abergos','','2002-12-11',NULL,NULL,NULL,NULL),(84,'95-035',0,'Athena','B.','Abergos','','2002-12-12',NULL,NULL,NULL,NULL),(85,'95-035',0,'Aeron Mar','B.','Abergos','','2002-12-13',NULL,NULL,NULL,NULL),(86,'94-025',0,'Maria Giselle','B.','Artiaga','','2002-12-14',NULL,NULL,NULL,NULL),(87,'94-025',0,'Marissa Paula','B.','Artiaga','','2002-12-15',NULL,NULL,NULL,NULL),(88,'94-025',0,'Maria Salvacion','B.','Artiaga','','2002-12-16',NULL,NULL,NULL,NULL),(89,'94-025',0,'Miguel Carmelo','B.','Artiaga','','2002-12-17',NULL,NULL,NULL,NULL),(90,'97-042',0,'Brandan','M.','Ablao','','2002-12-18',NULL,NULL,NULL,NULL),(91,'97-046',0,'Ralph Inno','D.','Aguirre','','2002-12-19',NULL,NULL,NULL,NULL),(92,'95-039',0,'Brandan','M.','Ablao','','2002-12-20',NULL,NULL,NULL,NULL),(93,'93-021',0,'Aira Gael','M.','Almasco','','2002-12-21',NULL,NULL,NULL,NULL),(94,'93-021',0,'Antoni','M.','Almasco','','2002-12-22',NULL,NULL,NULL,NULL),(95,'93-021',0,'Ariadne','M.','Almasco','','2002-12-23',NULL,NULL,NULL,NULL),(96,'SIP00070',0,'Cherie','A.','Macalintal','','2002-12-24',NULL,NULL,NULL,NULL),(97,'SIP00070',0,'Charles','C.','Alemania','','2002-12-25',NULL,NULL,NULL,NULL),(98,'SIP00086',0,'Cherie','A.','Macalintal','','2002-12-26',NULL,NULL,NULL,NULL),(99,'SIP00086',0,'Charles','C.','Alemania','','2002-12-27',NULL,NULL,NULL,NULL),(100,'SIP00076',0,'Jessica','R.','Despabiladeras','','2002-12-28',NULL,NULL,NULL,NULL),(101,'SIP00076',0,'Bryan','R.','Despabiladeras','','2002-12-29',NULL,NULL,NULL,NULL),(102,'11-065',0,'Camil','F.','Camba','','2002-12-30',NULL,NULL,NULL,NULL),(103,'11-065',0,'Cesar Armando','F.','Camba','Jr.','2002-12-31',NULL,NULL,NULL,NULL),(104,'95-036',0,'Mary Lynn','P.','Candelaria','','2003-01-01',NULL,NULL,NULL,NULL),(105,'95-036',0,'Monica Grace','P.','Candelaria','','2003-01-02',NULL,NULL,NULL,NULL),(106,'98-052',0,'Christian','D.','Castuera','','2003-01-03',NULL,NULL,NULL,NULL),(107,'98-052',0,'Colleen','D.','Castuera','','2003-01-04',NULL,NULL,NULL,NULL),(108,'SIP00055',0,'Joren','M.','delos Santos','','2003-01-05',NULL,NULL,NULL,NULL),(109,'SIP00055',0,'Joner','M.','delos Santos','','2003-01-06',NULL,NULL,NULL,NULL),(110,'SIP00055',0,'John Renz','M.','delos Santos','','2003-01-07',NULL,NULL,NULL,NULL),(111,'SIP00055',0,'Ireneo','M.','delos Santos','Jr.','2003-01-08',NULL,NULL,NULL,NULL),(112,'81-008',0,'Karla Jane','E.','Pavericio','','2003-01-09',NULL,NULL,NULL,NULL),(113,'81-008',0,'Jessica Joy','E.','Pavericio','','2003-01-10',NULL,NULL,NULL,NULL),(114,'81-008',0,'Kristine Mae','E.','Pavericio','','2003-01-11',NULL,NULL,NULL,NULL),(115,'81-008',0,'Paulo Jay','E.','Pavericio','','2003-01-12',NULL,NULL,NULL,NULL),(116,'81-008',0,'Nikko Jay','E.','Pavericio','','2003-01-13',NULL,NULL,NULL,NULL),(117,'85-017',0,'Carlo','Z.','Evangelio','','2003-01-14',NULL,NULL,NULL,NULL),(118,'85-017',0,'Charles','Z.','Evangelio','','2003-01-15',NULL,NULL,NULL,NULL),(119,'85-017',0,'Ma. Joan','Z.','Evangelio','','2003-01-16',NULL,NULL,NULL,NULL),(120,'85-017',0,'Ma. Jane','Z.','Evangelio','','2003-01-17',NULL,NULL,NULL,NULL),(121,'85-017',0,'Jenny','Z.','Evangelio','','2003-01-18',NULL,NULL,NULL,NULL),(122,'95-038',0,'Lloyd Phillip','A.','Eje','','2003-01-19',NULL,NULL,NULL,NULL),(123,'95-038',0,'Clovelle Jane','A.','Eje','','2003-01-20',NULL,NULL,NULL,NULL),(124,'95-038',0,'Lawrence James','A.','Eje','','2003-01-21',NULL,NULL,NULL,NULL),(125,'09-064',0,'None','','','','2003-01-22',NULL,NULL,NULL,NULL),(126,'SIP00031',0,'Renjie','E.','Jimenea','','2003-01-23',NULL,NULL,NULL,NULL),(127,'SIP00031',0,'Sheena May','E.','Ebuenga','','2003-01-24',NULL,NULL,NULL,NULL),(128,'SIP00031',0,'Marianne Joy','E.','Ebuenta','','2003-01-25',NULL,NULL,NULL,NULL),(129,'SIP00031',0,'Ma. Janice Gay','E.','Ebuenga','','2003-01-26',NULL,NULL,NULL,NULL),(130,'SIP00031',0,'Mark Anthony','E.','Ebuenga','','2003-01-27',NULL,NULL,NULL,NULL),(131,'SIP00031',0,'Allen Gregor','E.','Ebuenga','','2003-01-28',NULL,NULL,NULL,NULL),(132,'SIP00031',0,'Charles Adrian','E.','Ebuenga','','2003-01-29',NULL,NULL,NULL,NULL),(133,'SIP00028',0,'Gideon','B.','Juego','','2003-01-30',NULL,NULL,NULL,NULL),(134,'SIP00028',0,'Gilda','B.','Juego','','2003-01-31',NULL,NULL,NULL,NULL),(135,'SIP00028',0,'Gineo','B.','Juego','','2003-02-01',NULL,NULL,NULL,NULL),(136,'SIP00028',0,'Gina','B.','Juego','','2003-02-02',NULL,NULL,NULL,NULL),(137,'SIP00104',0,'Adeo Benedictus','R.','Kasilag','','2003-02-03',NULL,NULL,NULL,NULL),(138,'84-014',0,'Ireen','B.','Piansay','','2003-02-04',NULL,NULL,NULL,NULL),(139,'84-014',0,'Irven','B.','Piansay','','2003-02-05',NULL,NULL,NULL,NULL),(140,'97-044',0,'Carmel Grace','L.','Nieva','','2003-02-06',NULL,NULL,NULL,NULL),(141,'97-044',0,'Francis Ignatius','L.','Nieva','','2003-02-07',NULL,NULL,NULL,NULL),(142,'97-044',0,'Ronald Paul','L.','Nieva','','0000-00-00',NULL,NULL,NULL,NULL),(143,'97-044',0,'Nathaniel','L.','Nieva','','0000-00-00',NULL,NULL,NULL,NULL),(144,'85-016',0,'Jean Mae','B.','Metran','','0000-00-00',NULL,NULL,NULL,NULL),(145,'85-016',0,'April Elaine','B.','Metran','','0000-00-00',NULL,NULL,NULL,NULL),(146,'85-016',0,'Anne Mecole','B.','Metran','','0000-00-00',NULL,NULL,NULL,NULL),(147,'85-016',0,'Ian Sigmund','B.','Metran','','0000-00-00',NULL,NULL,NULL,NULL),(148,'97-050',0,'Freddie','L.','Ronquillo','','0000-00-00',NULL,NULL,NULL,NULL),(149,'97-050',0,'Hernandez Abraham','B.','Ronquillo','','0000-00-00',NULL,NULL,NULL,NULL),(150,'97-050',0,'Justinn Ellah','B.','Ronquillo','','0000-00-00',NULL,NULL,NULL,NULL),(151,'97-049',0,'Divine Mary France','S.','Navarroza','','0000-00-00',NULL,NULL,NULL,NULL),(152,'97-047',0,'Jean Dorothy','C.','Perez','','0000-00-00',NULL,NULL,NULL,NULL),(153,'97-043',0,'Johnmar','L.','Navarro','','0000-00-00',NULL,NULL,NULL,NULL),(154,'97-043',0,'Johnwyn','L.','Navarro','','0000-00-00',NULL,NULL,NULL,NULL),(155,'94-030',0,'Divine Mary France','S.','Navarroza','','0000-00-00',NULL,NULL,NULL,NULL),(156,'05-057',0,'Gwe Ivan','C.','Pamada','','0000-00-00',NULL,NULL,NULL,NULL),(157,'05-057',0,'Rheina Ysabelle','C.','Pamada','','0000-00-00',NULL,NULL,NULL,NULL),(158,'05-057',0,'Emman Lawrence','C.','Pamada','','0000-00-00',NULL,NULL,NULL,NULL),(159,'94-031',0,'Teshrine Jameel','F.','Pramis','','0000-00-00',NULL,NULL,NULL,NULL),(160,'94-031',0,'Kheer Jemoelle','F.','Pramis','','0000-00-00',NULL,NULL,NULL,NULL),(161,'05-058',0,'Mark Ian','','Sagario','','0000-00-00',NULL,NULL,NULL,NULL),(162,'05-058',0,'Mharian','B.','Sagario','','0000-00-00',NULL,NULL,NULL,NULL),(163,'05-058',0,'Lorrie-Anne','B.','Sagario','','0000-00-00',NULL,NULL,NULL,NULL),(164,'SIP00211',0,'Kathleen','S.','Soriao','','0000-00-00',NULL,NULL,NULL,NULL),(165,'SIP00211',0,'Caroline','S.','Soriao','','0000-00-00',NULL,NULL,NULL,NULL),(166,'12-068',0,'Liam Sebastian','C.','Sanchez','','0000-00-00',NULL,NULL,NULL,NULL),(167,'12-068',0,'Zac Rafael','C.','Sanchez','','0000-00-00',NULL,NULL,NULL,NULL),(168,'SIP00032',0,'Karen','A.','Rellora','','0000-00-00',NULL,NULL,NULL,NULL),(169,'SIP00032',0,'Ryan Oliver','A.','Rellora','','0000-00-00',NULL,NULL,NULL,NULL),(170,'SIP00032',0,'Germaine','A.','Rellora','','0000-00-00',NULL,NULL,NULL,NULL),(171,'SIP00279',0,'Roxanna Angela','O.','Peña','','0000-00-00',NULL,NULL,NULL,NULL),(172,'SIP00279',0,'Ruby Angela','O.','Peña','','0000-00-00',NULL,NULL,NULL,NULL),(173,'12-070',0,'Adrian Joshua','M.','Reapor','','0000-00-00',NULL,NULL,NULL,NULL),(174,'12-070',0,'Marianne Paula','M.','Reapor','','0000-00-00',NULL,NULL,NULL,NULL),(175,'SIP00074',0,'Roselle','R.','Natividad','','0000-00-00',NULL,NULL,NULL,NULL),(176,'SIP00074',0,'Sherwin','S.','Rellora','','0000-00-00',NULL,NULL,NULL,NULL),(177,'SIP00074',0,'Bryan','S.','Rellora','','0000-00-00',NULL,NULL,NULL,NULL),(178,'05-056',0,'Micaela Adrianne','DLP.','Tapar','','0000-00-00',NULL,NULL,NULL,NULL),(179,'12-069',0,'Trisha Gail','T.','Resurreccion','','0000-00-00',NULL,NULL,NULL,NULL),(180,'11-066',0,'Alliah','J.','Taupa','','0000-00-00',NULL,NULL,NULL,NULL),(181,'11-066',0,'Angeline','J.','Taupa','','0000-00-00',NULL,NULL,NULL,NULL),(182,'94-029',0,'Alaissa','S.','Macinas','','0000-00-00',NULL,NULL,NULL,NULL),(183,'06-060',0,'Jyllina Hanna','B.','Llagas','','0000-00-00',NULL,NULL,NULL,NULL),(184,'93-022',0,'Elsa Jane','S.','Mirandilla','','0000-00-00',NULL,NULL,NULL,NULL),(185,'91-019',0,'Joren','M.','delos Santos','','0000-00-00',NULL,NULL,NULL,NULL),(186,'91-019',0,'Joner','M.','delos Santos','','0000-00-00',NULL,NULL,NULL,NULL),(187,'91-019',0,'John Renz','M.','delos Santos','','0000-00-00',NULL,NULL,NULL,NULL),(188,'91-019',0,'Ireneo','M.','delos Santos','Jr.','0000-00-00',NULL,NULL,NULL,NULL),(189,'SIP00126',0,'Roxanne Angela','O.','Peña','','0000-00-00',NULL,NULL,NULL,NULL),(190,'SIP00126',0,'Ruby Angela','O.','Peña','','0000-00-00',NULL,NULL,NULL,NULL),(191,'15-137',0,'Arbie','G.','delos Santos','','0000-00-00',NULL,NULL,NULL,NULL),(192,'15-137',0,'Bertrand Jonell','G.','delos Santos','','0000-00-00',NULL,NULL,NULL,NULL),(193,'15-137',0,'Karl Jester','G.','delos Santos','','0000-00-00',NULL,NULL,NULL,NULL),(194,'SIP00122',0,'John Paul','U.','Cuya','','0000-00-00',NULL,NULL,NULL,NULL),(195,'SIP00122',0,'Ray John','U.','Cuya','','0000-00-00',NULL,NULL,NULL,NULL),(196,'SIP00122',0,'John Lloyd','U.','Cuya','','0000-00-00',NULL,NULL,NULL,NULL),(197,'SIP00123',0,'Amielle Cheriz','A.','Macalintal','','0000-00-00',NULL,NULL,NULL,NULL),(198,'SIP00107',0,'Clark','B.','Cantuba','','0000-00-00',NULL,NULL,NULL,NULL),(199,'15-080',0,'Christopher','','Aclan','','0000-00-00',NULL,NULL,NULL,NULL),(200,'15-080',0,'Marjolly','','Aclan','','0000-00-00',NULL,NULL,NULL,NULL),(201,'15-080',0,'Arlene','','Aclan','','0000-00-00',NULL,NULL,NULL,NULL),(202,'15-080',0,'Genelyn','','Aclan','','0000-00-00',NULL,NULL,NULL,NULL),(203,'15-080',0,'Genny','','Aclan','','0000-00-00',NULL,NULL,NULL,NULL),(204,'15-080',0,'Laila','','Aclan','','0000-00-00',NULL,NULL,NULL,NULL),(205,'15-081',0,'John Loyd','L.','Boragay','','0000-00-00',NULL,NULL,NULL,NULL),(206,'15-081',0,'Jenny Mae','L.','Boragay','','0000-00-00',NULL,NULL,NULL,NULL),(207,'15-081',0,'Jeff Justin','L.','Boragay','','0000-00-00',NULL,NULL,NULL,NULL),(208,'15-081',0,'Jairos Dave','L.','Boragay','','0000-00-00',NULL,NULL,NULL,NULL),(209,'15-129',0,'Gillian Lloyd','R.','Bongalos','','0000-00-00',NULL,NULL,NULL,NULL),(210,'SIP00108',0,'Gabriel Roy','P.','Barra','','0000-00-00',NULL,NULL,NULL,NULL),(211,'SIP00108',0,'Gyle Roy','P.','Barra','','0000-00-00',NULL,NULL,NULL,NULL),(212,'91-020',0,'Arvin Jason','M.','Nocos','','0000-00-00',NULL,NULL,NULL,NULL),(213,'91-020',0,'Al Joshua','M.','Nocos','','0000-00-00',NULL,NULL,NULL,NULL),(214,'SIP00128',0,'Maridel','I.','Balonzo','','0000-00-00',NULL,NULL,NULL,NULL),(215,'SIP00128',0,'Allan','I.','Balonzo','','0000-00-00',NULL,NULL,NULL,NULL),(216,'SIP00128',0,'Rex','I.','Balonzo','','0000-00-00',NULL,NULL,NULL,NULL),(217,'SIP00128',0,'Edgar','I.','Balonzo','','0000-00-00',NULL,NULL,NULL,NULL),(218,'15-155',0,'Keanne Bonen','U.','Oya','','0000-00-00',NULL,NULL,NULL,NULL),(219,'15-155',0,'Thea Barbette','U.','Oya','','0000-00-00',NULL,NULL,NULL,NULL),(220,'15-155',0,'Noel','U.','Oya','','0000-00-00',NULL,NULL,NULL,NULL),(221,'15-155',0,'Yves Matthew','U.','Oya','','0000-00-00',NULL,NULL,NULL,NULL),(222,'15-155',0,'Shane','U.','Oya','','0000-00-00',NULL,NULL,NULL,NULL),(223,'15-143',0,'Kiosk Cyrus','C.','Juego','','0000-00-00',NULL,NULL,NULL,NULL),(224,'SIP00132',0,'Liznor','G.','Arce','','0000-00-00',NULL,NULL,NULL,NULL),(225,'SIP00132',0,'Richard','G.','Arce','','0000-00-00',NULL,NULL,NULL,NULL),(226,'SIP00132',0,'Raymond','G.','Arce','','0000-00-00',NULL,NULL,NULL,NULL),(227,'SIP00132',0,'Raphael','G.','Arce','','0000-00-00',NULL,NULL,NULL,NULL),(228,'15-085',0,'John Elwin','B.','Esmeralda','','0000-00-00',NULL,NULL,NULL,NULL),(229,'15-085',0,'Joanna Edrianne','B.','Esmeralda','','0000-00-00',NULL,NULL,NULL,NULL),(230,'15-101',0,'Jean Harvey','A.','Escolano','','0000-00-00',NULL,NULL,NULL,NULL),(231,'15-082',0,'Kim','M.','Batangoso','','0000-00-00',NULL,NULL,NULL,NULL),(232,'15-082',0,'Rojan','M.','Batangoso','','0000-00-00',NULL,NULL,NULL,NULL),(233,'15-082',0,'Andrey','M.','Batangoso','','0000-00-00',NULL,NULL,NULL,NULL),(234,'15-086',0,'Reymond','O.','Abogado','','0000-00-00',NULL,NULL,NULL,NULL),(235,'15-086',0,'Alliah','O.','Abogado','','0000-00-00',NULL,NULL,NULL,NULL),(236,'SIP00048',0,'Johanna Cristy','B.','Macalintal','','0000-00-00',NULL,NULL,NULL,NULL),(237,'SIP00048',0,'Jian Crixa','B.','Macalintal','','0000-00-00',NULL,NULL,NULL,NULL),(238,'15-094',0,'Jenel Lieian','B.','Buendia','','0000-00-00',NULL,NULL,NULL,NULL),(239,'15-094',0,'John Lieian','B.','Buendia','','0000-00-00',NULL,NULL,NULL,NULL),(240,'15-159',0,'Lance','M.','Salcedo','','0000-00-00',NULL,NULL,NULL,NULL),(241,'15-159',0,'Ivy Eunice','M.','Salcedo','','0000-00-00',NULL,NULL,NULL,NULL),(242,'15-140',0,'Eunice Phenelop','F.','Paitan','','0000-00-00',NULL,NULL,NULL,NULL),(243,'SIP00140',0,'Khrisha Mae','G.','San Juan','','0000-00-00',NULL,NULL,NULL,NULL),(244,'SIP00140',0,'Dwaynehill Nico','G.','San Juan','','0000-00-00',NULL,NULL,NULL,NULL),(245,'SIP00190',0,'Charmayn Lae','B.','Maglaya','','0000-00-00',NULL,NULL,NULL,NULL),(246,'SIP00190',0,'Nathaniel','B.','Maglaya','','0000-00-00',NULL,NULL,NULL,NULL),(247,'15-116',0,'Angel Nicole','D.','Silverio','','0000-00-00',NULL,NULL,NULL,NULL),(248,'15-116',0,'Ashlley Kate','D.','Silverio','','0000-00-00',NULL,NULL,NULL,NULL),(249,'14-079',0,'Jayvee','L.','Negrete','','0000-00-00',NULL,NULL,NULL,NULL),(250,'14-079',0,'Joshua','L.','Negrete','','0000-00-00',NULL,NULL,NULL,NULL),(251,'SIP00151',0,'Chris Angelo Oliver','','','','0000-00-00',NULL,NULL,NULL,NULL),(252,'15-139',0,'Krizzelle','D.','Escalante','','0000-00-00',NULL,NULL,NULL,NULL),(253,'15-091',0,'Julie Ann','V.','Ballano','','0000-00-00',NULL,NULL,NULL,NULL),(254,'15-091',0,'Louie','V.','Ballano','','0000-00-00',NULL,NULL,NULL,NULL),(255,'15-091',0,'Jasmine','V.','Ballano','','0000-00-00',NULL,NULL,NULL,NULL),(256,'15-087',0,'Glenbert','M.','Adriano','','0000-00-00',NULL,NULL,NULL,NULL),(257,'15-087',0,'Glazelle Adrienne','M.','Adriano','','0000-00-00',NULL,NULL,NULL,NULL),(258,'SIP00173',0,'Martin Just','V.','Carios','','0000-00-00',NULL,NULL,NULL,NULL),(259,'SIP00173',0,'Ker','V.','Carios','','0000-00-00',NULL,NULL,NULL,NULL),(260,'SIP00173',0,'Martin Ken','V.','Carios','','0000-00-00',NULL,NULL,NULL,NULL),(261,'15-119',0,'Dannica','S.','Toledo','','0000-00-00',NULL,NULL,NULL,NULL),(262,'15-119',0,'Daniela','S.','Toledo','','0000-00-00',NULL,NULL,NULL,NULL),(263,'15-119',0,'Dorothy Faith','S.','Toledo','','0000-00-00',NULL,NULL,NULL,NULL),(264,'15-122',0,'Erick Mel','B.','Victorino','','0000-00-00',NULL,NULL,NULL,NULL),(265,'15-122',0,'Douglas','B.','Victorino','','0000-00-00',NULL,NULL,NULL,NULL),(266,'SIP00179',0,'Denlin Jane','G.','Gonzales','','0000-00-00',NULL,NULL,NULL,NULL),(267,'SIP00179',0,'Denisse Kataleya','G.','Gonzales','','0000-00-00',NULL,NULL,NULL,NULL),(268,'SIP00181',0,'Andrea Mae','A.','Altamarino','','0000-00-00',NULL,NULL,NULL,NULL),(269,'SIP00181',0,'Althea Mae','A.','Altamarino','','0000-00-00',NULL,NULL,NULL,NULL),(270,'SIP00181',0,'Allene Dave','A.','Altamarino','','0000-00-00',NULL,NULL,NULL,NULL),(272,'15-178',0,'Jessebel','C.','Candelaria','','0000-00-00',NULL,NULL,NULL,NULL),(273,'15-178',0,'Manuel Jeorge','C.','Candelaria','','0000-00-00',NULL,NULL,NULL,NULL),(274,'15-178',0,'Dexter','C.','Candelaria','','0000-00-00',NULL,NULL,NULL,NULL),(275,'15-178',0,'Denver','C.','Candelaria','','0000-00-00',NULL,NULL,NULL,NULL),(276,'SIP00186',0,'Cristopher','C.','Aclan','','0000-00-00',NULL,NULL,NULL,NULL),(277,'SIP00186',0,'Marjolly','C.','Aclan','','0000-00-00',NULL,NULL,NULL,NULL),(278,'SIP00186',0,'Arlene','C.','Aclan','','0000-00-00',NULL,NULL,NULL,NULL),(279,'SIP00186',0,'Genalyn','C.','Aclan','','0000-00-00',NULL,NULL,NULL,NULL),(280,'SIP00186',0,'Genny','C.','Aclan','','0000-00-00',NULL,NULL,NULL,NULL),(281,'SIP00186',0,'Laila','C.','Aclan','','0000-00-00',NULL,NULL,NULL,NULL),(282,'SIP00191',0,'Shekinah','C.','Cortezano','','0000-00-00',NULL,NULL,NULL,NULL),(283,'SIP00191',0,'Sofiel','C.','Cortezano','','0000-00-00',NULL,NULL,NULL,NULL),(284,'SIP00197',0,'Arlvhie Zhen','V.','Zaldua','','0000-00-00',NULL,NULL,NULL,NULL),(285,'SIP00209',0,'Josephus Antonio','S.','Alteza','','0000-00-00',NULL,NULL,NULL,NULL),(286,'SIP00209',0,'Aneerose','S.','Alteza','','0000-00-00',NULL,NULL,NULL,NULL),(287,'15-179',0,'Tristan Patrick','P.','de Leon','','0000-00-00',NULL,NULL,NULL,NULL),(288,'15-179',0,'Redd Walter','P.','de Leon','','0000-00-00',NULL,NULL,NULL,NULL),(289,'SIP00232',0,'Sean Chester','B.','Balane','','0000-00-00',NULL,NULL,NULL,NULL),(290,'SIP00232',0,'Francheska Marie','B.','Balane','','0000-00-00',NULL,NULL,NULL,NULL),(291,'SIP00212',0,'Janus','M.','Millena','','0000-00-00',NULL,NULL,NULL,NULL),(292,'SIP00212',0,'Oyrus','M.','Millena','','0000-00-00',NULL,NULL,NULL,NULL),(293,'SIP00212',0,'Xander','M.','Millena','','0000-00-00',NULL,NULL,NULL,NULL),(294,'16-191',0,'Catherine','H.','Riondanga','','0000-00-00',NULL,NULL,NULL,NULL),(295,'16-192',0,'Princess Zaira Kyrhe','J.','Pailano','','0000-00-00',NULL,NULL,NULL,NULL),(296,'SIP00241',0,'Atasha Faith','M.','Magpantay','','0000-00-00',NULL,NULL,NULL,NULL),(297,'SIP00241',0,'Akisha Faith','M.','Magpantay','','0000-00-00',NULL,NULL,NULL,NULL),(298,'SIP00240',0,'Abegail','S.','de Rosario','','0000-00-00',NULL,NULL,NULL,NULL),(299,'SIP00240',0,'Raymond','S.','de Rosario','','0000-00-00',NULL,NULL,NULL,NULL),(300,'SIP00240',0,'Vanessa','S.','de Rosario','','0000-00-00',NULL,NULL,NULL,NULL),(301,'SIP00248',0,'Sofia Cassandra','G.','Pelagio','','0000-00-00',NULL,NULL,NULL,NULL),(302,'16-131',0,'Cedrick','M.','Almonte','','0000-00-00',NULL,NULL,NULL,NULL),(303,'SIP00251',0,'Aldaine Kay','A.','Supanga','','0000-00-00',NULL,NULL,NULL,NULL),(304,'16-121',0,'Angel Amia','C.','Amor','','0000-00-00',NULL,NULL,NULL,NULL),(305,'SIP00260',0,'Janella Antonia','B.','Credo','','0000-00-00',NULL,NULL,NULL,NULL),(306,'SIP00268',0,'Stella Noreen','B.','Base','','0000-00-00',NULL,NULL,NULL,NULL),(307,'SIP00269',0,'Chris Angelo','O.','Rivero','','0000-00-00',NULL,NULL,NULL,NULL),(308,'SIP00269',0,'Prex Viktor','O.','Rivero','','0000-00-00',NULL,NULL,NULL,NULL),(309,'SIP00269',0,'Maria Sophia','O.','Rivero','','0000-00-00',NULL,NULL,NULL,NULL),(310,'SIP00270',0,'Charles Dave','J.','Paral','','0000-00-00',NULL,NULL,NULL,NULL),(311,'17-159',0,'Teshrine Jameel','F.','Pramis','','0000-00-00',NULL,NULL,NULL,NULL),(312,'SIP00277',0,'Izzy','B.','Delloro','','0000-00-00',NULL,NULL,NULL,NULL),(313,'SIP00277',0,'Nicolle','B.','Delloro','','0000-00-00',NULL,NULL,NULL,NULL),(314,'SIP00277',0,'Reelux','B.','Delloro','','0000-00-00',NULL,NULL,NULL,NULL),(315,'SIP00278',0,'Dan Isaac','C.','Almario','','0000-00-00',NULL,NULL,NULL,NULL),(316,'SIP00276',0,'Angel Anne','C.','Fiesta','','0000-00-00',NULL,NULL,NULL,NULL),(317,'SIP00276',0,'Angel Terrence','F.','Fiesta','','0000-00-00',NULL,NULL,NULL,NULL),(318,'17-143',0,'Ozmic','A.','de Dios','','0000-00-00',NULL,NULL,NULL,NULL),(319,'17-157',0,'Levie Dave','Dio','Galicia','','0000-00-00',NULL,NULL,NULL,NULL),(320,'18-184',0,'Jose Raphael','R.','Natividad','','0000-00-00',NULL,NULL,NULL,NULL),(321,'18-184',0,'Ramona Jade','R.','Natividad','','0000-00-00',NULL,NULL,NULL,NULL),(339,'1',0,'OLGA','M.','CASULLA','','0000-00-00','','','',''),(340,'1',0,'SANDRA','M.','CASULLA','','0000-00-00','','','',''),(341,'1',0,'SARAH JEAN','M.','CASULLA','','0000-00-00','','','',''),(342,'1',0,'KYLA','M.','CASULLA','','0000-00-00','','','',''),(343,'1',1,'ORLANDO','ECO','CASULLA','','0000-00-00','GOVT. EMPLOYEE','CBSUA-SIPOCOT','ZONE 5 IMPIG SIPOCOT CAMARINES SUR','9194497162'),(344,'95-037',1,'Douglas Angel','Abilay','Aragon',NULL,NULL,'Assistant Professor III','CBSUA-Sipocot','Zone 5-Impig Sipocot Camarines Sur','450-6108'),(345,'09-063',1,'ZEUS','MEDALLA','LOSITAÑO',NULL,NULL,'GOVT. EMPLOYEE','CBSUA-SIPOCOT','IMPIG SIPOCOT CAM SUR','544506108'),(346,'13-073',1,'SONIA','MONOY','CASULLA',NULL,NULL,'Government Employee','CBSUA-Sipocot','Impig Sipocot Camarines Sur','450-6108'),(347,'SIP00205',1,'Rogelio','Llego','Villa',NULL,NULL,'0','Social Security System','Naga City','0'),(348,'88-018',1,'MARILOU','MARILOU','UVAS',NULL,NULL,'Housewife','None','Zone 5 Impig Sipocot Cam. Sur','None'),(349,'84-012',1,'VILMA','CREDO','LOSITAÑO',NULL,NULL,'Administrative Aide V','CBSUA-sIPOCOT','Zone 5 Impig Sipocot Camarines Sur','450-6108'),(350,'94-024',1,'MARIA MINERVA','DELA PEÃ‘A','ARAGON',NULL,NULL,'Government Employee','CBSUA-SIPOCOT','IMPIG SIPOCOT CAMARINES SUR','054-450610'),(351,'94-033',1,'RENATO','MONTAS','MATAMOROSA',NULL,NULL,'Electrical Engineer','Energy Development Corporation','Sorsogon','0'),(352,'84-011',1,'ERLINDA','BERJA','ALMONTE',NULL,NULL,'Assistant Professor I','CBSUA-Sipocot','Zone 5 Impig Sipocot Camarines Sur','450-6108'),(353,'94-027',1,'0','0','0',NULL,NULL,'0','0','0','0'),(354,'12-071',1,'ALEXANDER','REPATA','BERAÑA',NULL,NULL,'Carpenter','0','0','0'),(355,'94-032',1,'Jay','Peñaflor','Gonzales',NULL,NULL,'Branch Manager','Willy and Sons Cooperation','San Juan Sipocot Camarines Sur','4506102'),(356,'94-026',1,'SANTOS','AZUELA','BONITO',NULL,NULL,'Administrative Aide III','CBSUA-Sipocot','Impig Sipocot Camarines Sur','450-6108'),(357,'94-028',1,'GERARDO','GUIRUELA','EBORDA',NULL,NULL,'Assistant Professor I','CBSUA-Sipocot','Zone 5 Impig Sipocot Camarines Sur','450-6108'),(358,'96-041',1,'TERESA','CONDAT','COMOTA',NULL,NULL,'None','None','None','None'),(359,'94-023',1,'MARGIE','ARCEGA','CASPE',NULL,NULL,'None','None','None','None'),(360,'99-053',1,'ANA MARIA','ALMARIO','BONITO',NULL,NULL,'Assistant Professor III','CBSUA-Sipocot','Zone 5 Impig Sipocot Camarines Sur','450-6108'),(361,'09-061',1,'ERIBERTO','ARONDAING','BRON',NULL,NULL,'Fitter Mechanic','0','0','0'),(362,'95-034',1,'FLORITA','BIMBENUTO','BORJAL',NULL,NULL,'None','None','None','None'),(363,'13-078',1,'ROSSANA','FELICILDA','ESMABE',NULL,NULL,'RIC Worker','Department of Agriculture','Libmanan Camarines Sur','9072367284'),(364,'06-060',1,'ROMMEL','DE DIOS','LLAGAS',NULL,NULL,'Nursing Aide','Naga Healthcare Diagnostic Center','Naga City','4726690'),(365,'06-059',1,'None','None','None',NULL,NULL,'None','None','None','None'),(366,'97-051',1,'ME;OA','RUBIO','MILLENA',NULL,NULL,'Housewife','None','None','None'),(367,'SIP00018',1,'ELIZABETH','VASQUEZ','NERA',NULL,NULL,'Housewife','None','None','None'),(368,'SIP00011',1,'ROLANDO','ESTALILLA','RONQUILLO',NULL,NULL,'Missionary Work - El SHADDAI-Ministry','0','0','9471510469'),(369,'13-075',1,'FLORDELISA','MADRONIO','FLORES',NULL,NULL,'Housewife','None','None','None'),(370,'09-062',1,'ZANDRO','ABERGOS','SAMARISTA',NULL,NULL,'Administrative Aide IV','CBSUA-Sipocot','Impig Sipocot Camarines Sur','450-6108'),(371,'13-074',1,'MECHILL','CASILES','SAMARISTA',NULL,NULL,'Administrative Aide IV','CBSUA-Sipocot','Impig Sipocot Camarines Sur','450-6108'),(372,'95-040',1,'EDNA','BAUTISTA','TIBI',NULL,NULL,'Housewife','None','None','None'),(373,'13-077',1,'MYLENE','PADUA','VILLAFUERTE',NULL,NULL,'Housewife','None','None','None'),(374,'13-076',1,'None','None','None',NULL,NULL,'None','None','None','None'),(375,'84-013',1,'RICO','DASAL','ALMONTE',NULL,NULL,'Assistant Professor I','CBSUA-Sipocot','Zone 5 Impig Sipocot Camarines Sur','450-6108'),(376,'SIP00027',1,'RENATO','GARCIA','ABENDANIO',NULL,NULL,'Farmer','None','None','None'),(377,'95-035',1,'MAR EMMAN','MONTALBO','ABERGOS',NULL,NULL,'Senior Courier','DHL Worldwide Express','United Arab Emirates','00971505184197/09187'),(378,'94-025',1,'ROQUE','GANDOL','ARTIAGA',NULL,NULL,'Policeman','Philippine National Police','Libmanan Camarines Sur','4512070'),(379,'97-042',1,'ROBERTO','VALENCIA','ABLAO',NULL,NULL,'Instructor II','CBSUA-Sipocot','Zone 5 Impig Sipocot Camarines Sur','450-6108'),(380,'97-046',1,'MELODYU','DOMINGUEZ','AGUIRRE',NULL,NULL,'0','0','0','0'),(381,'95-039',1,'EMELDA','MANDASOC','ABLAO',NULL,NULL,'Instructor III','CBSUA-Sipocot','Zone 5 Impig Sipocot Camarines Sur','450-6108'),(382,'93-021',1,'ABEGAEL','MERCADO','ALMASCO',NULL,NULL,'None','None','None','None'),(383,'SIP00070',1,'DANILO','ADAN','ALEMANIA',NULL,NULL,'Assistant Professor III','CBSUA-Sipocot','Zone 5 Impig Sipocot Camarines Sur','450-6108'),(384,'SIP00086',1,'GRACE','CORPUS','ALEMANIA',NULL,NULL,'Assitant Professor III','CBSUA-Sipocot','Zone 5 Impig Sipocot Camarines Sur','450-6108'),(385,'SIP00076',1,'JOSEFINA','RENOVALLES','DESPABILADERAS',NULL,NULL,'Housewife','None','None','None'),(386,'11-065',1,'MYLA','CALAYO','FERNANDEZ',NULL,NULL,'Secondary School Teacher','Bolo Norte High School','Bolo Norte Sipocot Camarines Sur','None'),(387,'95-036',1,'MARILYN','PETALLO','CANDELARIA',NULL,NULL,'Housewife','None','None','None'),(388,'98-052',1,'CINDERELLA','DAWAL','CASTUERA',NULL,NULL,'Sari-Sari Store Owner','Cinderella Store','Zone 5 Impig Sipocot Camarines Sur','None'),(389,'SIP00055',1,'IRENEO','SAN MARTIN','DELOS SANTOS SR.',NULL,NULL,'Administrative Officer II','CBSUA-Sipocot','Zone 5 Impig Sipocot',''),(390,'81-008',1,'BONIFACIO (Deceased)','NOPIA','PAVERICIO',NULL,NULL,'0','0','0','0'),(391,'85-017',1,'JOCELYN','LASCANO','ZABALA',NULL,NULL,'Housewife','None','None','0'),(392,'95-038',1,'LOPE','CUETO','EJE',NULL,NULL,'Farmer','None','None','None'),(393,'09-064',1,'None','None','None',NULL,NULL,'None','None','None','None'),(394,'SIP00031',1,'TITO','GAMAO','EBUENGA',NULL,NULL,'Forester II','Department of Environment & Natural Resources','Rawis Legapi City','480-9825'),(395,'SIP00028',1,'GIL','NIAR','JUEGO',NULL,NULL,'None','None','None','None'),(396,'SIP00104',1,'CHRISTINE LOVELLA SHANE','PERILLO','REBUSTILLO',NULL,NULL,'Teacher III','Vigaan Elementary School','Vigaan Sipocot Camarines Sur','None'),(397,'84-014',1,'ISAIAS','TEJADA','PIANSAY',NULL,NULL,'None','None','None','None'),(398,'97-044',1,'RONALDO','ADAN','NIEVA',NULL,NULL,'Teaching','Sipocot National High School','Tara Sipocot Camarines Sur','None'),(399,'85-016',1,'ELOYD','SABARIA','METRAN',NULL,NULL,'Teacher','Sipocot National High School','Tara Sipocot Camarines Sur','None'),(400,'97-050',1,'EDNA','BELMONTE','RONQUILLO',NULL,NULL,'Housekeeping','None','None','None'),(401,'97-049',1,'MYRNA','SANCHEZ','NAVARROZA',NULL,NULL,'Instructor II','CBSUA-Sipocot','Zone 5 Impig Sipocot Camarines Sur','450-6108'),(402,'97-047',1,'JOBERT','ADORNADO','PEREZ',NULL,NULL,'OFW','Precision Plastic Product LTD.','Dubai U.A.E.','None'),(403,'05-055',1,'None','None','None',NULL,NULL,'None','None','None','Noine'),(404,'97-043',1,'MARTE','SAN LORENZO','NAVARRO',NULL,NULL,'Information Tech. Staff & OIC Engineering Dept.','Bombo Radyo Philippines','2406 Nobel Corner Edison St. Makati City','8430116-22 Local 132'),(405,'94-030',1,'JOSEPH','RELLOIRA','NAVARROZA',NULL,NULL,'Instructor II','CBSUA-Sipocot','Zone 6 Impig Sipocot Camarines Sur','450-6108'),(406,'05-057',1,'ERWIN','VASQUEZ','PAMADA',NULL,NULL,'Driver I','Ragay National Agricultural Fisheries School','Liboro Ragay Camarines Sur','None'),(407,'12-067',1,'0','0','0',NULL,NULL,'0','0','0','0'),(408,'94-031',1,'JEFFREY','RANCES','PRAMIS',NULL,NULL,'Teacher','Analisa Olivan- Blancaflor/Lyceo de Pasacao','Sta. Rosa Pasacao Camarines Sur','None'),(409,'05-058',1,'LORNA','MARAVILLA','BERTUMEN',NULL,NULL,'Housewife','None','None','None'),(410,'SIP00211',1,'NOE','TAÑON','SORIAO',NULL,NULL,'None','None','None','None'),(411,'12-068',1,'CERILA','ALMAREZ','CRUZAT',NULL,NULL,'Assistant Dean','University of Nueva Caceres','5-Hernandez Ave. Naga City','8116100'),(412,'SIP00032',1,'NESTOR','RIVERO','RELLORA',NULL,NULL,'Retired - Government Employee','0','0','0'),(413,'SIP00279',1,'SANTOS','BAÑEZ','PEÑA',NULL,NULL,'Assistant Professor I','CBSUA-Sipocot','Zone 5 Impig Sipocot Camarines Sur','450-6108'),(414,'12-070',1,'BENJAMEN','ROBLAS','REAPOR',NULL,NULL,'Government Employee (BCET-I)','City Government of Naga','J. Miranda Avenue Naga City','8111965'),(415,'SIP00074',1,'0','0','0',NULL,NULL,'0','0','0','0'),(416,'05-056',1,'ALLEN','DELA CRUZ','TAPAR',NULL,NULL,'Employee','Blaze Motortech Corporation','Meycauayan City Bulacan','None'),(417,'12-069',1,'GABRIEL','STA CLARA','RESSURRECCION',NULL,NULL,'Project Coordinator','Maxwell Heavy Equipment Corporation','Sucat Parañaque City','63+(2)809-6064'),(418,'11-066',1,'ALLAN','DOLLENTE','TAUPA',NULL,NULL,'Electrician','Camarines Sur Institute of Fisheries & Marine Sciences','Sta Rosa del Norte Pasacao Camarines Sur','513-9148'),(419,'12-072',1,'None','None','None',NULL,NULL,'None','None','None','None'),(420,'94-029',1,'CRISELDA','SEBUC','SAYAT',NULL,NULL,'None','None','None','None'),(421,'93-022',1,'ELSA','ECO','SANCHEZ',NULL,NULL,'Secondary School Teacher','Villazar High School','Villazar Sipocot Camarines Sur','None'),(422,'91-019',1,'JOANABELLE','ABACHE','MATOCIÑOS',NULL,NULL,'Assistant Professor IV','CBSUA-Sipocot','Zone 5 Impig Sipocot Camarines Sur','450-6108'),(423,'SIP00126',1,'RACHEL','SEPTIMO','DE OSIO',NULL,NULL,'Registar III','CBSUA-Sipocot','Zone 5 Impig Sipocot Camarines Sur','450-6108'),(424,'15-137',1,'ROBERTO','PANORIGAN','DELOS SANTOS',NULL,NULL,'OFW','Tony Roma Restaurant','Madrid Spain','None'),(425,'SIP00037',1,'None','None','None',NULL,NULL,'None','None','None','None'),(426,'SIP00115',1,'None','None','None',NULL,NULL,'None','None','None','None'),(427,'SIP00122',1,'SANDY','TAUPA','CUYA',NULL,NULL,'Welder','Taz Trans Corp.','Alabang Metro Manila','None'),(428,'SIP00090',1,'None','None','None',NULL,NULL,'None','None','None','None'),(429,'SIP00123',1,'JEFFREY','ABIOG','MACALINTAL',NULL,NULL,'Sales Representative','Metro Drug Inc.','Manalac Avenue Bicutan Taguig City','8027575'),(430,'SIP00107',1,'None','None','None',NULL,NULL,'None','None','None','None'),(431,'15-138',1,'None','None','None',NULL,NULL,'None','None','None','None'),(432,'15-151',1,'None','None','None',NULL,NULL,'None','None','None','None'),(433,'SIP00110',1,'None','None','None',NULL,NULL,'None','None','None','None'),(434,'15-123',1,'0','0','0',NULL,NULL,'0','0','0','0'),(435,'15-148',1,'None','None','None',NULL,NULL,'None','None','None','None'),(436,'SIP00121',1,'None','None','None',NULL,NULL,'None','None','None','None'),(437,'SIP00120',1,'None','None','None',NULL,NULL,'None','None','None','None'),(438,'SIP00257',1,'None','None','None',NULL,NULL,'None','None','None','None'),(439,'15-080',1,'SOLIDAD','QUINE','ACLAN',NULL,NULL,'Housewife','None','None','None'),(440,'15-081',1,'CHEERY','LEDESMA','BORAGAY',NULL,NULL,'Housewife','None','None','None'),(441,'15-083',1,'None','None','None',NULL,NULL,'None','None','None','None'),(442,'15-129',1,'ELLEN GRACE','BONI','ROBAS',NULL,NULL,'Housewife','None','None','None'),(443,'15-150',1,'None','None','None',NULL,NULL,'None','None','None','None'),(444,'15-133',1,'0','0','0',NULL,NULL,'0','0','0','0'),(445,'SIP00108',1,'KRISTY','LONGABELA','PORTUGAL',NULL,NULL,'Buy & sell (self-employed)','None','None','None'),(446,'91-020',1,'ARNULFO','RIVERO','NOCOS',NULL,NULL,'None','None','None','None'),(447,'SIP00043',1,'None','None','None',NULL,NULL,'None','None','None','None'),(448,'SIP00041',1,'None','None','None',NULL,NULL,'None','None','None','None'),(449,'SIP00128',1,'EDGAR SR.','DAMASA','BALONZO',NULL,NULL,'Farmer/Businessman','None','None','None'),(450,'SIP00042',1,'None','None','None',NULL,NULL,'None','None','None','None'),(451,'SIP00054',1,'None','None','None',NULL,NULL,'None','None','None','None'),(452,'SIP00020',1,'None','None','None',NULL,NULL,'None','None','None','None'),(453,'SIP00023',1,'SAMUEL','ISRAEL','MAGDAONG',NULL,NULL,'Safety Officer','Finmat International Resources','Pasig City','None'),(454,'15-095',1,'None','None','None',NULL,NULL,'None','None','None','None'),(455,'15-155',1,'NENITA','UVAS','OYA',NULL,NULL,'OFW','0','0','0'),(456,'SIP00097',1,'None','None','None',NULL,NULL,'None','None','None','None'),(457,'15-143',1,'CHERRY','BONGAY','CRUZ',NULL,NULL,'Public Elementary Teacher','DEPED','Lupi Camarines Sur','None'),(458,'SIP00132',1,'LEONOR','GALLORA','ARCE',NULL,NULL,'Housewife','None','None','None'),(459,'15-085',1,'EDWIN','ABEJERO','ESMERALDA',NULL,NULL,'Government Employee','Provincial Capitol','Cadlan Pili Camarines Sur','None'),(460,'15-101',1,'BILLY','TAN','ESCOLANO',NULL,NULL,'Pharmacy Assistant','Bicolandia Drug Corporation','#7 Mercury Ave. Bagumbayan Libi Quezon City','None'),(461,'SIP00015',1,'None','None','None',NULL,NULL,'None','None','None','None'),(462,'15-108',1,'None','None','None',NULL,NULL,'None','None','None','None'),(463,'15-082',1,'MARIVEL','URSUA','MONTALBAN',NULL,NULL,'None','None','None','None'),(464,'SIP00052',1,'EDGAR JR.','ILAGAN','BALONZO',NULL,NULL,'Data Machine Operator II','Supreme Court RTC 63 Calabangan','Calabangan Camarines Sur','None'),(465,'SIP00077',1,'ANTONIO JR.','CABALTERA','SILVA',NULL,NULL,'Self-Employed','None','None','None'),(466,'15-086',1,'ADELFA','OLLAGANGI','ABOGADO',NULL,NULL,'Housewife','None','None','None'),(467,'15-084',1,'None','None','None',NULL,NULL,'None','None','None','None'),(468,'15-114',1,'GREGORIO','BANIEL','SEVILLA JR.',NULL,NULL,'OFW','0','0','0'),(469,'SIP00048',1,'CRIS PHILIP','NAVARROZA','MACALINTAL',NULL,NULL,'Policeman','0','0','0'),(470,'15-094',1,'LIEZEL','BERENGUILA','BUENDIA',NULL,NULL,'Teacher','Sipocot National High School','Tara Sipocot Camarines Sur','None'),(471,'15-159',1,'Malvie','Borja','Mendoza',NULL,NULL,'Housewife','None','None','None'),(472,'SIP00134',1,'a','a','a',NULL,NULL,'a','a','a','a'),(473,'SIP00135',1,'0','0','0',NULL,NULL,'0','0','0','0'),(474,'SIP00136',1,'None','None','None',NULL,NULL,'None','None','None','None'),(475,'SIP00137',1,'None','None','None',NULL,NULL,'None','None','None','None'),(476,'SIP00138',1,'None','None','None',NULL,NULL,'None','None','None','None'),(477,'15-140',1,'Jerick John','Ferrer','Paitan',NULL,NULL,'Philippine Navy Marines','Armed Forces of the Phils. (Phil. Marine Corps)','35th Marine Company Marine Batallion Landing Team 5','None'),(478,'SIP00140',1,'Florecil','Prado','Genova',NULL,NULL,'Housewife','None','None','None'),(479,'15-109',1,'None','None','None',NULL,NULL,'None','None','None','None'),(480,'SIP00190',1,'Ceferino','Balahgue','Maglaya',NULL,NULL,'OFW','0','Dona Quatar','O'),(481,'SIP00143',1,'None','None','None',NULL,NULL,'None','None','None','None'),(482,'15-160',1,'None','None','None',NULL,NULL,'None','None','None','None'),(483,'15-116',1,'ARIEL','TANDOG','SILVERIO',NULL,NULL,'Guest Attendant','Victoria Court Company','No. 2 Cuneta Avenue Pasay City Manila','02-851-4619'),(484,'SIP00146',1,'None','None','None',NULL,NULL,'None','None','None','None'),(485,'SIP00147',1,'None','None','None',NULL,NULL,'None','None','None','None'),(486,'SIP00148',1,'None','None','None',NULL,NULL,'None','None','None','None'),(487,'15-154',1,'None','None','None',NULL,NULL,'None','None','None','None'),(488,'14-079',1,'MARCIAL','REVISTUAL','NEGRETE',NULL,NULL,'Driver','None','None','None'),(489,'SIP00151',1,'None','None','None',NULL,NULL,'None','None','None','None'),(490,'15-139',1,'ESTELLA','CASILI','DESPI',NULL,NULL,'Self-Employed','None','None','9203554077'),(491,'SIP00153',1,'a','a','a',NULL,NULL,'a','a','a','a'),(492,'15-120',1,'0','0','0',NULL,NULL,'0','0','0','0'),(493,'SIP00155',1,'0','0','0',NULL,NULL,'0','0','0','0'),(494,'15-103',1,'None','None','None',NULL,NULL,'None','None','None','None'),(495,'SIP00157',1,'a','a','a',NULL,NULL,'a','a','a','a'),(496,'15-098',1,'None','None','None',NULL,NULL,'None','None','None','None'),(497,'15-091',1,'NELIE','VASQUEZ','BALLANO',NULL,NULL,'Housewife','None','None','None'),(498,'SIP00160',1,'q','a','a',NULL,NULL,'a','a','a','a'),(499,'15-087',1,'GARRY','STO. DOMINGO','ADRIANO',NULL,NULL,'Lineman','Voltcom Company','Doncaster UK','None'),(500,'SIP00162',1,'None','None','None',NULL,NULL,'None','None','None','None'),(501,'SIP00163',1,'a','a','a',NULL,NULL,'a','a','a','a'),(502,'SIP00164',1,'None','None','None',NULL,NULL,'None','None','None','None'),(503,'SIP00165',1,'a','a','a',NULL,NULL,'a','a','a','a'),(504,'15-117',1,'None','None','None',NULL,NULL,'None','None','None','None'),(505,'SIP00167',1,'a','a','a',NULL,NULL,'a','a','a','a'),(506,'SIP00129',1,'None','None','None',NULL,NULL,'None','None','None','None'),(507,'SIP00173',1,'WILFREDO JR.','PACHECO','CARIOS',NULL,NULL,'Engineering Assistant','P.E.O','Pili Camarines Sur','None'),(508,'SIP00175',1,'0','0','0',NULL,NULL,'0','0','0','0'),(509,'SIP00183',1,'0','0','0',NULL,NULL,'0','0','0','0'),(510,'15-122',1,'SALOME','BELANO','VICTORINO',NULL,NULL,'HOUSEWIFE','0','SAN PEDRO CABUSAO CAMARINE SUR','0'),(511,'15-111',1,'None','None','None',NULL,NULL,'None','None','None','None'),(512,'15-119',1,'FE','SERVIDAD','TOLEDO',NULL,NULL,'None','None','None','None'),(513,'SIP00176',1,'None','None','None',NULL,NULL,'None','None','None','None'),(514,'SIP00177',1,'None','None','None',NULL,NULL,'None','None','None','None'),(515,'SIP00179',1,'None','None','None',NULL,NULL,'None','None','None','None'),(516,'SIP00181',1,'NORILENE','BUEN','ASOR',NULL,NULL,'Teacher I','Sipocot National High School','Tara Sipocot Camarines Sur','None'),(517,'SIP00180',1,'None','None','None',NULL,NULL,'None','None','None','None'),(518,'SIP00182',1,'None','None','None',NULL,NULL,'None','None','None','None'),(519,'SIP00184',1,'None','None','None',NULL,NULL,'None','None','None','None'),(520,'SIP00185',1,'MARIENEL','OCAMPO','NAVARSERO',NULL,NULL,'Professor','Polytechnic University of the Philippines','Ragay Campus','None'),(521,'15-178',1,'JANE','CORONADO','CANDELARIA',NULL,NULL,'NONE','NONE','NONE','NONE'),(522,'SIP00201',1,'None','None','None',NULL,NULL,'None','None','None','None'),(523,'SIP00186',1,'JOSE','ALEGRIA','ACLAN',NULL,NULL,'Adm. Aide','CBSUA-Sipocot','Impig Sipocot Cam. Sur','450-6108'),(524,'SIP00193',1,'None','None','None',NULL,NULL,'None','None','None','None'),(525,'SIP00174',1,'None','None','None',NULL,NULL,'None','None','None','None'),(526,'SIP00191',1,'MARK CHRISTIAN','SALAGUBANG','CORTEZANO',NULL,NULL,'SELF-EMPLOYED/TECHNICIAN','None','None','None'),(527,'SIP00198',1,'NONE','NONE','NONE',NULL,NULL,'NONE','NONE','NONE','NONE'),(528,'15-165',1,'NONE','NONE','NONE',NULL,NULL,'NONE','NONE','NONE','NONE'),(529,'SIP00200',1,'NONE','NONE','NONE',NULL,NULL,'NONE','NONE','NONE','NONE'),(530,'SIP00203',1,'NONE','NONE','NONE',NULL,NULL,'NONE','NONE','NONE','NONE'),(531,'SIP00204',1,'NONE','NONE','NONE',NULL,NULL,'NONE','NONE','NONE','NONE'),(532,'SIP00197',1,'ARIANE','VERDADERO','ZALDUA',NULL,NULL,'Teacher','DEPED Camarines Sur','San Jose Camarines Siur','None'),(533,'SIP00206',1,'None','None','None',NULL,NULL,'None','None','None','None'),(534,'SIP00207',1,'None','None','None',NULL,NULL,'None','None','None','None'),(535,'SIP00210',1,'JANELLE','BONGAT','CREDO',NULL,NULL,'Teacher I','Manangle High School','Manangle Sipocot Camarines Sur','None'),(536,'SIP00209',1,'ROSALINDA','SAVANGCO','ALTEZA',NULL,NULL,'Senior Bookkeeper','Department of Education Division of Cam. Sur','San Jose Pili Camarines Sur','477-5272'),(537,'15-179',1,'None','None','None',NULL,NULL,'None','None','None','None'),(538,'SIP00213',1,'None','None','None',NULL,NULL,'None','None','None','None'),(539,'15-185',1,'None','None','None',NULL,NULL,'None','None','None','None'),(540,'SIP00221',1,'None','None','None',NULL,NULL,'None','None','None','None'),(541,'SIP00215',1,'None','None','None',NULL,NULL,'None','None','None','None'),(542,'SIP00225',1,'None','None','None',NULL,NULL,'None','None','None','None'),(543,'15-188',1,'','','',NULL,NULL,'','','',''),(544,'15-190',1,'None','None','None',NULL,NULL,'None','None','None','None'),(545,'SIP00220',1,'0','0','0',NULL,NULL,'0','0','0','0'),(546,'SIP00224',1,'None','None','None',NULL,NULL,'None','None','None','None'),(547,'SIP00223',1,'None','None','None',NULL,NULL,'None','None','None','None'),(548,'SIP00214',1,'None','None','None',NULL,NULL,'None','None','None','None'),(549,'SIP00232',1,'GENEVIE','OPEÑA','BLAZA',NULL,NULL,'None','None','None','None'),(550,'SIP00212',1,'None','None','None',NULL,NULL,'None','None','None','None'),(551,'15-183',1,'None','None','None',NULL,NULL,'None','None','None','Noene'),(552,'15-186',1,'0','0','0',NULL,NULL,'0','0','0','0'),(553,'17-157',1,'0','0','0',NULL,NULL,'0','0','0','0'),(554,'SIP00230',1,'None','None','None',NULL,NULL,'None','None','None','None'),(555,'16-191',1,'MINERVA','HONRADA','RIONDANGA',NULL,NULL,'Housewife','None','None','None'),(556,'16-192',1,'None','None','None',NULL,NULL,'None','None','None','None'),(557,'SIP00235',1,'0','0','0',NULL,NULL,'0','0','0','0'),(558,'SIP00236',1,'None','None','None',NULL,NULL,'None','None','None','None'),(559,'SIP00239',1,'NONE','NONE','NONE',NULL,NULL,'NONE','NONE','NONE','NONE'),(560,'16-198',1,'NONE','NONE','NONE',NULL,NULL,'NONE','NONE','NONE','NONE'),(561,'SIP00241',1,'NOLI','TERRIBLE','MAGPANTAY',NULL,NULL,'Industrial Electrician','0','0','0'),(562,'SIP00240',1,'BAYANI (Deceased)','FLORA','DE ROSARIO',NULL,NULL,'None','None','None','None'),(563,'SIP00243',1,'None','None','None',NULL,NULL,'None','None','None','None'),(564,'SIP00244',1,'None','None','None',NULL,NULL,'None','None','None','None'),(565,'16-128',1,'NONE','NONE','NONE',NULL,NULL,'NONE','NONE','NONE','NONE'),(566,'SIP00248',1,'WILLIAM JR.','BORJA','PELAGIO',NULL,NULL,'Security Guard','JARR Security Agency','Diversion Road Naga City','None'),(567,'SIP00246',1,'NONE','NONE','NONE',NULL,NULL,'NONE','NONE','NONE','NONE'),(568,'16-131',1,'RICKY','VILLARAZA','ALMONTE',NULL,NULL,'Farmer','None','None','None'),(569,'SIP00253',1,'NONE','NONE','NONE',NULL,NULL,'NONE','NONE','NONE','NONE'),(570,'SIP00251',1,'NONE','NONE','NONE',NULL,NULL,'NONE','NONE','NONE','NONE'),(571,'16-199',1,'NONE','NONE','NONE',NULL,NULL,'NONE','NONE','NONE','NONE'),(572,'16-127',1,'NONE','NONE','NONE',NULL,NULL,'NONE','NONE','NONE','NONE'),(573,'16-252',1,'NONE','NONE','NONE',NULL,NULL,'NONE','NONE','NONE','NONE'),(574,'SIP00255',1,'NONE','NONE','NONE',NULL,NULL,'NONE','NONE','NONE','NONE'),(575,'16-121',1,'JEBERT','BALBACAL','AMOR',NULL,NULL,'NONE','NONE','NONE','NONE'),(576,'SIP00259',1,'NONE','NONE','NONE',NULL,NULL,'NONE','NONE','NONE','NONE'),(577,'16-125',1,'NONE','NONE','NONE',NULL,NULL,'NONE','NONE','NONE','NONE'),(578,'SIP00264',1,'NONE','NONE','NONE',NULL,NULL,'NONE','NONE','NONE','NONE'),(579,'SIP00260',1,'ARTURO JR.','RASONABLE','CREDO',NULL,NULL,'Teaching','CBSUA-Sipocot','Sipocot Camarines Sur','881-6681'),(580,'SIP00261',1,'JERRY','DEL ROSARIO','CANAVE JR.',NULL,NULL,'Teacher','Department of Education','O','O'),(581,'SIP00263',1,'NONE','NONE','NONE',NULL,NULL,'NONE','NONE','NONE','NONE'),(582,'SIP00265',1,'0','0','0',NULL,NULL,'0','0','0','0'),(583,'SIP00267',1,'NONE','NONE','NONE',NULL,NULL,'NONE','NONE','NONE','NONE'),(584,'SIP00268',1,'PATRICK NICHO','ABERGOS','BASE',NULL,NULL,'Businessman','Kubo Republic','Coloy-Coloy Impig Sipocot Camarines Sur','None'),(585,'SIP00269',1,'CRISOSTOMO','SOBREPENA','RIVERO',NULL,NULL,'GOVERNMENT EMPLOYEE','PROVINCIAL GOVERNMENT OF CAMARINES SUR','CADLAN PILI CAMARINES SUR','NONE'),(586,'SIP00272',1,'NONE','NONE','NONE',NULL,NULL,'NONE','NONE','NONE','NONE'),(587,'16-142',1,'NONE','NONE','NONE',NULL,NULL,'NONE','NONE','NONE','NONE'),(588,'SIP00270',1,'MESIE JEAN','JAVIER','PARAL',NULL,NULL,'Teacher I','San Vicente High School','San Vicente Sipocot Camarines Sur','None'),(589,'16-140',1,'NONE','NONE','NONE',NULL,NULL,'NONE','NONE','NONE','NONE'),(590,'16-139',1,'NONE','NONE','NONE',NULL,NULL,'NONE','NONE','NONE','NONE'),(591,'17-159',1,'MONERA','ROARING','FERRER',NULL,NULL,'TEACHER','CENTRAL BICOL STATE UNIVERSITY OF AGRICULTURE','SIPOCOT CAMARINES SUR','880-6681'),(592,'SIP00277',1,'ROMMEL','LONTOK','DELLORO',NULL,NULL,'0','0','0','0'),(593,'SIP00278',1,'LENIE','CANARIA','ALMARIO',NULL,NULL,'NONE','NONE','NONE','NONE'),(594,'SIP00276',1,'FLORITA','BEMBINUTO','BORJAL',NULL,NULL,'NONE','NONE','NONE','NONE'),(595,'17-143',1,'JOEMAR','RICO','DE DIOS',NULL,NULL,'OFW','AZMEEL CONTRACTING COMPANY','KINGDOM OF SAUDI ARABIA','NONE'),(596,'17-158',1,'NONE','NONE','NONE',NULL,NULL,'NONE','NONE','NONE','NONE'),(597,'18-184',1,'JOSE MARIA','MIGULE','NATIVIDAD',NULL,NULL,'Government Employees','0','0','0'),(598,'SIP00286',1,'0','0','0',NULL,NULL,'0','0','0','0'),(599,'17-165',1,'NONE','NONE','NONE',NULL,NULL,'NONE','NONE','NONE','NONE'),(600,'SIP00287',1,'NONE','NONE','NONE',NULL,NULL,'NONE','NONE','NONE','NONE'),(601,'18-197',1,'NONE','NONE','NONE',NULL,NULL,'NONE','NONE','NONE','NONE'),(602,'SIP00289',1,'0','0','0',NULL,NULL,'0','0','0','0'),(603,'SIP00290',1,'NONE','NONE','NONE',NULL,NULL,'NONE','NONE','NONE','NONE'),(604,'SIP00293',1,'NONE','NONE','NONE',NULL,NULL,'NONE','NONE','NONE','NONE'),(605,'SIP00292',1,'NONE','NONE','NONE',NULL,NULL,'NONE','NONE','NONE','NONE'),(606,'17-155',1,'NONE','NONE','NONE',NULL,NULL,'NONE','NONE','NONE','NONE'),(607,'17-147',1,'NONE','NONE','NONE',NULL,NULL,'NONE','NONE','NONE','NONE'),(608,'SIP00291',1,'0','0','0',NULL,NULL,'0','0','0','0'),(609,'17-145',1,'0','0','0',NULL,NULL,'0','0','0','0'),(610,'SIP00297',1,'0','0','0',NULL,NULL,'0','0','0','0'),(611,'SIP00294',1,'0','0','0',NULL,NULL,'0','0','0','0'),(612,'SIP00299',1,'0','0','0',NULL,NULL,'0','0','0','0'),(613,'SIP00300',1,'0','0','0',NULL,NULL,'0','0','0','0'),(614,'SIP00301',1,'0','0','0',NULL,NULL,'0','0','0','0'),(615,'SIP00304',1,'0','0','0',NULL,NULL,'0','0','0','0'),(616,'17-162',1,'0','0','0',NULL,NULL,'0','0','0','0'),(617,'16-193',1,'JUVY MAE','ESMABE','JOVILLANO',NULL,NULL,'HOUSEWIFE','0','0','0'),(618,'17-167',1,'0','0','0',NULL,NULL,'0','0','0','0'),(619,'SIP00308',1,'0','0','0',NULL,NULL,'0','0','0','0'),(620,'17-163',1,'0','0','0',NULL,NULL,'0','0','0','0'),(621,'18-169',1,'0','0','0',NULL,NULL,'0','0','0','0'),(622,'SIP00316',1,'JEAN','GUIWAN','ORIBIANA',NULL,NULL,'HOUSEWIFE','0','0','0'),(623,'SIP00314',1,'0','0','0',NULL,NULL,'0','0','0','0'),(624,'SIP00312',1,'0','0','0',NULL,NULL,'0','0','0','0'),(625,'SIP00310',1,'0','0','0',NULL,NULL,'0','0','0','0'),(626,'17-166',1,'0','0','0',NULL,NULL,'0','0','0','0'),(627,'18-172',1,'0','0','N/A',NULL,NULL,'0','0','0','0'),(628,'18-168',1,'ARIEL','MAMANSAG','ALMASCO',NULL,NULL,'TEACHER','CBSUA-SIPOCOT','IMPIG SIPOCOT CAMARINES SUR','881-6681'),(629,'SIP00320',1,'0','0','0',NULL,NULL,'0','0','0','0'),(630,'15-113',1,'NORILIE','SANCHEZ','CARINGA',NULL,NULL,'HOUSEWIFE','0','0','0'),(631,'18-170',1,'0','0','0',NULL,NULL,'0','0','0','0'),(632,'SIP00322',1,'0','0','0',NULL,NULL,'0','0','0','0'),(633,'18-171',1,'0','0','0',NULL,NULL,'0','0','0','0'),(634,'18-180',1,'0','0','0',NULL,NULL,'0','0','0','0'),(635,'18-176',1,'0','0','0',NULL,NULL,'0','0','0','0'),(636,'18-178',1,'0','0','0',NULL,NULL,'0','0','0','0'),(637,'18-179',1,'0','0','0',NULL,NULL,'0','0','0','0'),(638,'SIP00332',1,'0','0','0',NULL,NULL,'0','0','0','0'),(639,'SIP00324',1,'0','0','0',NULL,NULL,'0','0','0','0'),(640,'SIP00336',1,'0','0','0',NULL,NULL,'0','0','0','0'),(641,'SIP00325',1,'0','0','0',NULL,NULL,'0','0','0','0'),(642,'18-174',1,'0','0','0',NULL,NULL,'0','0','0','0'),(643,'SIP00334',1,'0','0','0',NULL,NULL,'0','0','0','0'),(644,'18-173',1,'0','0','0',NULL,NULL,'0','0','0','0'),(645,'18-177',1,'0','0','0',NULL,NULL,'0','0','0','0'),(646,'18-181',1,'0','0','0',NULL,NULL,'0','0','0','0'),(647,'309',1,'','','','','0000-00-00','0','0','0','0'),(648,'18-196',1,'0','0','0',NULL,NULL,'0','0','0','0'),(649,'SIP00339',1,'0','0','0',NULL,NULL,'0','0','0','0'),(650,'SIP00340',1,'0','0','0',NULL,NULL,'0','0','0','0'),(651,'SIP00341',1,'0','0','0',NULL,NULL,'0','0','0','0'),(652,'SIP00345',1,'0','0','0',NULL,NULL,'0','0','0','0'),(653,'SIP00343',1,'0','0','0',NULL,NULL,'0','0','0','0'),(654,'SIP00344',1,'RODEL','BARCENILLA','GARCIA',NULL,NULL,'SECURITY GUARD','XOXO SUPERMART','SIPOCOT CAMARINES SUR','0'),(655,'SIP00342',1,'0','0','0',NULL,NULL,'0','0','0','0'),(656,'SIP00347',1,'0','0','0',NULL,NULL,'0','0','0','0'),(657,'SIP00348',1,'0','0','0',NULL,NULL,'0','0','0','0'),(658,'SIP00346',1,'0','0','0',NULL,NULL,'0','0','0','0'),(659,'SIP00349',1,'0','0','0',NULL,NULL,'0','0','0','0'),(660,'SIP00350',1,'0','0','0',NULL,NULL,'0','0','0','0'),(661,'SIP00351',1,'0','0','0',NULL,NULL,'0','0','0','0'),(662,'18-193',1,'0','0','0',NULL,NULL,'0','0','0','0'),(663,'18-192',1,'0','0','0',NULL,NULL,'0','0','0','0'),(664,'18-191',1,'0','0','0',NULL,NULL,'0','0','0','0'),(665,'18-195',1,'0','0','0',NULL,NULL,'0','0','0','0'),(666,'18-194',1,'0','0','0',NULL,NULL,'0','0','0','0'),(667,'SIP00357',1,'0','0','0',NULL,NULL,'0','0','0','0'),(668,'18-198',1,'0','0','0',NULL,NULL,'0','0','0','0'),(669,'SIP00360',1,'0','0','0',NULL,NULL,'0','0','0','0'),(670,'SIP00362',1,'0','0','0',NULL,NULL,'0','0','0','0'),(671,'SIP00361',1,'0','0','0',NULL,NULL,'0','0','0','0'),(672,'SIP00363',1,'0','0','0',NULL,NULL,'0','0','0','0'),(673,'SIP00364',1,'0','0','0',NULL,NULL,'0','0','0','0'),(674,'SIP20-066',1,NULL,NULL,NULL,NULL,NULL,NULL,NULL,NULL,NULL),(675,'SIP20-067',1,NULL,NULL,NULL,NULL,NULL,NULL,NULL,NULL,NULL),(676,'SIP20-068',1,NULL,NULL,NULL,NULL,NULL,NULL,NULL,NULL,NULL),(677,'SIP20-069',1,NULL,NULL,NULL,NULL,NULL,NULL,NULL,NULL,NULL),(678,'SIP20-070',1,NULL,NULL,NULL,NULL,NULL,NULL,NULL,NULL,NULL),(679,'SIP20-071',1,NULL,NULL,NULL,NULL,NULL,NULL,NULL,NULL,NULL),(680,'PAS0001',1,NULL,NULL,NULL,NULL,NULL,NULL,NULL,NULL,NULL),(682,'2',1,NULL,NULL,NULL,NULL,NULL,NULL,NULL,NULL,NULL),(683,'3',1,NULL,NULL,NULL,NULL,NULL,NULL,NULL,NULL,NULL),(684,'4',1,NULL,NULL,NULL,NULL,NULL,NULL,NULL,NULL,NULL),(685,'5',1,NULL,NULL,NULL,NULL,NULL,NULL,NULL,NULL,NULL),(686,'6',1,NULL,NULL,NULL,NULL,NULL,NULL,NULL,NULL,NULL),(687,'SIP20-072',1,NULL,NULL,NULL,NULL,NULL,NULL,NULL,NULL,NULL),(688,'SIP20-073',1,NULL,NULL,NULL,NULL,NULL,NULL,NULL,NULL,NULL),(854,'1',2,'GLECERIA','DELFIN','CALAYO','','0000-00-00','','','',''),(855,'95-037',2,'Minerva','Magallon','Fulgencio',NULL,NULL,NULL,NULL,NULL,NULL),(856,'09-063',2,'ANGELINA','MOJICA','VARIAS',NULL,NULL,NULL,NULL,NULL,NULL),(857,'13-073',2,'Caridad','Paces','Eco',NULL,NULL,NULL,NULL,NULL,NULL),(858,'SIP00205',2,'Flora','Currioso','Aure',NULL,NULL,NULL,NULL,NULL,NULL),(859,'88-018',2,'TERESITA','CALISURA','BERNARDINO',NULL,NULL,NULL,NULL,NULL,NULL),(860,'84-012',2,'CLEOFE','MIRANDA','MEDALLA',NULL,NULL,NULL,NULL,NULL,NULL),(861,'94-024',2,'MAGDALINA','SAN VICENTE','ABILAY',NULL,NULL,NULL,NULL,NULL,NULL),(862,'94-033',2,'JULIETA','CONTANTE','VASQUEZ',NULL,NULL,NULL,NULL,NULL,NULL),(863,'84-011',2,'GENARA','NUDO','DASAL',NULL,NULL,NULL,NULL,NULL,NULL),(864,'94-027',2,'0','0','0',NULL,NULL,NULL,NULL,NULL,NULL),(865,'12-071',2,'EUFRECINA','ACLAN','HERNANDEZ',NULL,NULL,NULL,NULL,NULL,NULL),(866,'94-032',2,'Leonila','Realubit','Correa',NULL,NULL,NULL,NULL,NULL,NULL),(867,'94-026',2,'MARINA','BODOLLO','BERGUELA',NULL,NULL,NULL,NULL,NULL,NULL),(868,'94-028',2,'MILAGROS','SERNAL','VARGAS',NULL,NULL,NULL,NULL,NULL,NULL),(869,'96-041',2,'ANA CORITA','SINE','HERRAS',NULL,NULL,NULL,NULL,NULL,NULL),(870,'94-023',2,'EDNA','SALVADOR','SAN JUAN',NULL,NULL,NULL,NULL,NULL,NULL),(871,'99-053',2,'ESTELITA','AZUELA','BONITO',NULL,NULL,NULL,NULL,NULL,NULL),(872,'09-061',2,'DIGNA','PEDROSA','ROLDAN',NULL,NULL,NULL,NULL,NULL,NULL),(873,'95-034',2,'ANGELES','CALLUENG','CALIGUIRAN',NULL,NULL,NULL,NULL,NULL,NULL),(874,'13-078',2,'ABUNDIA','BONDAD','VIBAR',NULL,NULL,NULL,NULL,NULL,NULL),(875,'06-060',2,'SOLEDAD','FRONDA','MORADA',NULL,NULL,NULL,NULL,NULL,NULL),(876,'06-059',2,'MARTHA','BORROMEO','MALLARI',NULL,NULL,NULL,NULL,NULL,NULL),(877,'97-051',2,'EUSEBIA','MONDRAGON','MILLENA',NULL,NULL,NULL,NULL,NULL,NULL),(878,'SIP00018',2,'LUCIA','DIZON','ESTRADA',NULL,NULL,NULL,NULL,NULL,NULL),(879,'SIP00011',2,'ILUMINADA','SANTOS','CALINA',NULL,NULL,NULL,NULL,NULL,NULL),(880,'13-075',2,'LORENZA (Deceased)','SAN MARTIN','DELOS SANTOS',NULL,NULL,NULL,NULL,NULL,NULL),(881,'09-062',2,'ASTERIA','SARMIENTO','DE DIOS',NULL,NULL,NULL,NULL,NULL,NULL),(882,'13-074',2,'MARINA','MACALALAD','ABERGOS',NULL,NULL,NULL,NULL,NULL,NULL),(883,'95-040',2,'MAGDALENA','LARCENA','MAGISTRADO',NULL,NULL,NULL,NULL,NULL,NULL),(884,'13-077',2,'EVA','BONTO','BRILA',NULL,NULL,NULL,NULL,NULL,NULL),(885,'13-076',2,'IMELDA','IGLESIA','NAPA',NULL,NULL,NULL,NULL,NULL,NULL),(886,'84-013',2,'LUISA (Deceased)','FEDERIZON','PEÑAVERDE',NULL,NULL,NULL,NULL,NULL,NULL),(887,'SIP00027',2,'ANGELINA','BRADECINA','CAPIO',NULL,NULL,NULL,NULL,NULL,NULL),(888,'95-035',2,'ARACELI','PANGANIBAN','ALDAY',NULL,NULL,NULL,NULL,NULL,NULL),(889,'94-025',2,'MAURA','BAÑARES','BALISTOY',NULL,NULL,NULL,NULL,NULL,NULL),(890,'97-042',2,'ROSITA','PAJALLA','CREO',NULL,NULL,NULL,NULL,NULL,NULL),(891,'97-046',2,'VALERIA','RAEL','FENIS',NULL,NULL,NULL,NULL,NULL,NULL),(892,'95-039',2,'0','0','0',NULL,NULL,NULL,NULL,NULL,NULL),(893,'93-021',2,'MACARIA','0','MAMANSAG',NULL,NULL,NULL,NULL,NULL,NULL),(894,'SIP00070',2,'VISITACION (Deceased)','AVILA','ALARCON',NULL,NULL,NULL,NULL,NULL,NULL),(895,'SIP00086',2,'REMEDIOS','GUZMAN','ADAN',NULL,NULL,NULL,NULL,NULL,NULL),(896,'SIP00076',2,'PURITA','DOMO','DETERA',NULL,NULL,NULL,NULL,NULL,NULL),(897,'11-065',2,'CELICIA','MARTELIAN','SOLOMON',NULL,NULL,NULL,NULL,NULL,NULL),(898,'95-036',2,'LEONIDA','MUSA','MOLLENO',NULL,NULL,NULL,NULL,NULL,NULL),(899,'98-052',2,'HELEN','VILLANUEVA','MIRABUENO',NULL,NULL,NULL,NULL,NULL,NULL),(900,'SIP00055',2,'GAUDENCIA','GONZALES','ABACHE',NULL,NULL,NULL,NULL,NULL,NULL),(901,'81-008',2,'EUSEBIA','PASCUA','MAGADIA',NULL,NULL,NULL,NULL,NULL,NULL),(902,'85-017',2,'NENITA (Deceased)','RAPI','NIEVES',NULL,NULL,NULL,NULL,NULL,NULL),(903,'95-038',2,'LETECIA','BODOY','ROLDAN',NULL,NULL,NULL,NULL,NULL,NULL),(904,'09-064',2,'LUZ','CASTRO','CABANTOG',NULL,NULL,NULL,NULL,NULL,NULL),(905,'SIP00031',2,'LINA','RIVAREZ','ECALNIR',NULL,NULL,NULL,NULL,NULL,NULL),(906,'SIP00028',2,'JANUARIA (Deceased)','BALISNOMO','ESHALUCE',NULL,NULL,NULL,NULL,NULL,NULL),(907,'SIP00104',2,'ANITA (Deceased)','DELA CRUZ','LEE',NULL,NULL,NULL,NULL,NULL,NULL),(908,'84-014',2,'PERFECTA','MIRABEL','LLANERA',NULL,NULL,NULL,NULL,NULL,NULL),(909,'97-044',2,'NELLY','ARAÑA','BERMEJO',NULL,NULL,NULL,NULL,NULL,NULL),(910,'85-016',2,'SOCORRO','ANGELES','CALLOS',NULL,NULL,NULL,NULL,NULL,NULL),(911,'97-050',2,'SALVACION','BUENO','MEDJO',NULL,NULL,NULL,NULL,NULL,NULL),(912,'97-049',2,'GLORIA','RELLORA','NAVARROZA',NULL,NULL,NULL,NULL,NULL,NULL),(913,'97-047',2,'LOLITA','ESCOVER','MOJICA',NULL,NULL,NULL,NULL,NULL,NULL),(914,'05-055',2,'MYRNA','NIDEA','NOLEAL',NULL,NULL,NULL,NULL,NULL,NULL),(915,'97-043',2,'CORAZON','BELEN','BESMONTE',NULL,NULL,NULL,NULL,NULL,NULL),(916,'94-030',2,'JUANA','TAWAGON','DELFIN',NULL,NULL,NULL,NULL,NULL,NULL),(917,'05-057',2,'INOCENCIA','CAÑAVERAL','MULLEDA',NULL,NULL,NULL,NULL,NULL,NULL),(918,'12-067',2,'LERMA','FRANCIA','PURISIMA',NULL,NULL,NULL,NULL,NULL,NULL),(919,'94-031',2,'NELIA','MORATALLA','ROARING',NULL,NULL,NULL,NULL,NULL,NULL),(920,'05-058',2,'MILA','ORIZA','LOQUILLANO',NULL,NULL,NULL,NULL,NULL,NULL),(921,'SIP00211',2,'ENRICA','CAÑADA','SALCEDO',NULL,NULL,NULL,NULL,NULL,NULL),(922,'12-068',2,'JOSEPHINE (Deceased)','FUENZALIDA','ECO',NULL,NULL,NULL,NULL,NULL,NULL),(923,'SIP00032',2,'ISABEL','IBARRIENTOS','GAITE',NULL,NULL,NULL,NULL,NULL,NULL),(924,'SIP00279',2,'CLARA','VILLARANDA','SEPTIMO',NULL,NULL,NULL,NULL,NULL,NULL),(925,'12-070',2,'TERESITA','ZABALA','PONAYO',NULL,NULL,NULL,NULL,NULL,NULL),(926,'SIP00074',2,'SOCORRO','BONAOBRA','BONGAO',NULL,NULL,NULL,NULL,NULL,NULL),(927,'05-056',2,'MINERVA (Deceased)','MAGALLON','FULGENCIO',NULL,NULL,NULL,NULL,NULL,NULL),(928,'12-069',2,'LEONOR','CAMINGAL','CASTAÑEDA',NULL,NULL,NULL,NULL,NULL,NULL),(929,'11-066',2,'CRISTETA','ECHALUCE','BALANE',NULL,NULL,NULL,NULL,NULL,NULL),(930,'12-072',2,'JANE','COLARINA','BICHARA',NULL,NULL,NULL,NULL,NULL,NULL),(931,'94-029',2,'MILAGROS','CAMATO','CASITAS',NULL,NULL,NULL,NULL,NULL,NULL),(932,'93-022',2,'ADELAIDA','MANCER','OBLIGAR',NULL,NULL,NULL,NULL,NULL,NULL),(933,'91-019',2,'MAXIMA','FLORES','SAN MARTIN',NULL,NULL,NULL,NULL,NULL,NULL),(934,'SIP00126',2,'DOROTEA','CORONA','BAÑEZ',NULL,NULL,NULL,NULL,NULL,NULL),(935,'15-137',2,'LETICIA','CASTRO','MIDEM',NULL,NULL,NULL,NULL,NULL,NULL),(936,'SIP00037',2,'LIBRADA','OLARTE','PEREJA',NULL,NULL,NULL,NULL,NULL,NULL),(937,'SIP00115',2,'AZENITA','VILLACATER','BARAWEL',NULL,NULL,NULL,NULL,NULL,NULL),(938,'SIP00122',2,'HERMINIA','RET','URI',NULL,NULL,NULL,NULL,NULL,NULL),(939,'SIP00090',2,'BENILDA','CALLOS','BONDAD',NULL,NULL,NULL,NULL,NULL,NULL),(940,'SIP00123',2,'GRACE','ALARCON','CORPUS',NULL,NULL,NULL,NULL,NULL,NULL),(941,'SIP00107',2,'ADELA (Deceased)','BONGAT','CAÑON',NULL,NULL,NULL,NULL,NULL,NULL),(942,'15-138',2,'SEVERA','DOLUTAN','CAISIP',NULL,NULL,NULL,NULL,NULL,NULL),(943,'15-151',2,'ROSARIO','AVILA','ANDES',NULL,NULL,NULL,NULL,NULL,NULL),(944,'SIP00110',2,'MARIFE','ACO','MORCOSO',NULL,NULL,NULL,NULL,NULL,NULL),(945,'15-123',2,'0','0','0',NULL,NULL,NULL,NULL,NULL,NULL),(946,'15-148',2,'SUSAN','ABERGOS','DIEZA',NULL,NULL,NULL,NULL,NULL,NULL),(947,'SIP00121',2,'LILIOSA','BASE','SANTIAGO',NULL,NULL,NULL,NULL,NULL,NULL),(948,'SIP00120',2,'LUZMINDA','DADO','PORNILLOS',NULL,NULL,NULL,NULL,NULL,NULL),(949,'SIP00257',2,'LEAH','MALVAR','PEYRA',NULL,NULL,NULL,NULL,NULL,NULL),(950,'15-080',2,'JUSTA','CLAVERIA','ACLAN',NULL,NULL,NULL,NULL,NULL,NULL),(951,'15-081',2,'TERESITA','ATENCIA','BORAGAY',NULL,NULL,NULL,NULL,NULL,NULL),(952,'15-083',2,'MARIA','HULAR','HISTA',NULL,NULL,NULL,NULL,NULL,NULL),(953,'15-129',2,'TERESITA','PADO','AVIZOLA',NULL,NULL,NULL,NULL,NULL,NULL),(954,'15-150',2,'LETICIA','CELAJE','QUINIANO',NULL,NULL,NULL,NULL,NULL,NULL),(955,'15-133',2,'ABE','CARPIO','BARRUN',NULL,NULL,NULL,NULL,NULL,NULL),(956,'SIP00108',2,'0','0','Deceased',NULL,NULL,NULL,NULL,NULL,NULL),(957,'91-020',2,'SOFRONIA','MORANDA','NOLEAL',NULL,NULL,NULL,NULL,NULL,NULL),(958,'SIP00043',2,'CARMELITA','ALFANTE','ABAÑ0',NULL,NULL,NULL,NULL,NULL,NULL),(959,'SIP00041',2,'PAZ','CORNEJO','MARASIGAN',NULL,NULL,NULL,NULL,NULL,NULL),(960,'SIP00128',2,'CORNELIA','RIONDA','MANALO',NULL,NULL,NULL,NULL,NULL,NULL),(961,'SIP00042',2,'ERLINDA','GALLOS','GADO',NULL,NULL,NULL,NULL,NULL,NULL),(962,'SIP00054',2,'AMALIA','SITO','VILLAREAL',NULL,NULL,NULL,NULL,NULL,NULL),(963,'SIP00020',2,'MINDA','MIRANDA','GALGAL',NULL,NULL,NULL,NULL,NULL,NULL),(964,'SIP00023',2,'DULCE','MARFILLA','CURIOSO',NULL,NULL,NULL,NULL,NULL,NULL),(965,'15-095',2,'LUZ','SAN MARTIN','DELOS SANTOS',NULL,NULL,NULL,NULL,NULL,NULL),(966,'15-155',2,'ARCELI','GONZALES','OYA',NULL,NULL,NULL,NULL,NULL,NULL),(967,'SIP00097',2,'ARSENIA','BONAOBRA','BURCE',NULL,NULL,NULL,NULL,NULL,NULL),(968,'15-143',2,'CRISTETA','ECHALUCE','BALANE',NULL,NULL,NULL,NULL,NULL,NULL),(969,'SIP00132',2,'ANA','ILAN','ODI',NULL,NULL,NULL,NULL,NULL,NULL),(970,'15-085',2,'SOLEDAD','FRONDA','MORADA',NULL,NULL,NULL,NULL,NULL,NULL),(971,'15-101',2,'LILIOSA','BASE','SANTIAGO',NULL,NULL,NULL,NULL,NULL,NULL),(972,'SIP00015',2,'JOSEFINA','ESCOVER','MOJICA',NULL,NULL,NULL,NULL,NULL,NULL),(973,'15-108',2,'ROSIE','DALLAG','REYES',NULL,NULL,NULL,NULL,NULL,NULL),(974,'15-082',2,'ELENA','MANCILLA','ECO',NULL,NULL,NULL,NULL,NULL,NULL),(975,'SIP00052',2,'MELISSA','PENDOR','HOMO',NULL,NULL,NULL,NULL,NULL,NULL),(976,'SIP00077',2,'ELIZABETH','RODRIGUEZ','PANTALLA',NULL,NULL,NULL,NULL,NULL,NULL),(977,'15-086',2,'SIMPLICIA','GABO','CALAYO',NULL,NULL,NULL,NULL,NULL,NULL),(978,'15-084',2,'MARLY','QUERUBEN','AMPONGAN',NULL,NULL,NULL,NULL,NULL,NULL),(979,'15-114',2,'LUZVIMINDA','TACOGUE','CASTRICIONES',NULL,NULL,NULL,NULL,NULL,NULL),(980,'SIP00048',2,'ELSA','PORMOCILLE','MIRABALLES',NULL,NULL,NULL,NULL,NULL,NULL),(981,'15-094',2,'ELSA','NAVARROZA','CAMAING',NULL,NULL,NULL,NULL,NULL,NULL),(982,'15-159',2,'0','0','(Deceased)',NULL,NULL,NULL,NULL,NULL,NULL),(983,'SIP00134',2,'a','a','a',NULL,NULL,NULL,NULL,NULL,NULL),(984,'SIP00135',2,'0','a0','Deceased',NULL,NULL,NULL,NULL,NULL,NULL),(985,'SIP00136',2,'NENITA','BALEN','ALAY',NULL,NULL,NULL,NULL,NULL,NULL),(986,'SIP00137',2,'Estrella','Dominguez','Baloloy',NULL,NULL,NULL,NULL,NULL,NULL),(987,'SIP00138',2,'Melinda','Villanueva','Velasco',NULL,NULL,NULL,NULL,NULL,NULL),(988,'15-140',2,'Leoncia','Marquez','Villano',NULL,NULL,NULL,NULL,NULL,NULL),(989,'SIP00140',2,'Ludivina','Camigla','Operio',NULL,NULL,NULL,NULL,NULL,NULL),(990,'15-109',2,'Daisy','Pel','Umali',NULL,NULL,NULL,NULL,NULL,NULL),(991,'SIP00190',2,'Natividad','Bonto','Boragay',NULL,NULL,NULL,NULL,NULL,NULL),(992,'SIP00143',2,'Joanabelle','ABACHE','MATOCIÑOS',NULL,NULL,NULL,NULL,NULL,NULL),(993,'15-160',2,'SONIA','CANDELARIA','SAPE',NULL,NULL,NULL,NULL,NULL,NULL),(994,'15-116',2,'JOSEFINA','JERESANO','RENOVALLES',NULL,NULL,NULL,NULL,NULL,NULL),(995,'SIP00146',2,'HONORINA','PREBITERO','CANDELARIA',NULL,NULL,NULL,NULL,NULL,NULL),(996,'SIP00147',2,'NANCY','NASOL','BELGA',NULL,NULL,NULL,NULL,NULL,NULL),(997,'SIP00148',2,'JOCELYN','ZAMORA','LORENA',NULL,NULL,NULL,NULL,NULL,NULL),(998,'15-154',2,'MARISSA','CORAL','MERENCIANO',NULL,NULL,NULL,NULL,NULL,NULL),(999,'14-079',2,'REMEDIOS','BONGALOS','TABUZO',NULL,NULL,NULL,NULL,NULL,NULL),(1000,'SIP00151',2,'RACHEL','SEPTIMO','DE OSIO',NULL,NULL,NULL,NULL,NULL,NULL),(1001,'15-139',2,'FRANCES','VALENCIANO','DEL ROSARIO',NULL,NULL,NULL,NULL,NULL,NULL),(1002,'SIP00153',2,'a','a','a',NULL,NULL,NULL,NULL,NULL,NULL),(1003,'15-120',2,'LUZ','GUAN','ANTONIO',NULL,NULL,NULL,NULL,NULL,NULL),(1004,'SIP00155',2,'BEVERLY','DURANTE','TARIMAN',NULL,NULL,NULL,NULL,NULL,NULL),(1005,'15-103',2,'CELSA','POLINTANG','CALDERON',NULL,NULL,NULL,NULL,NULL,NULL),(1006,'SIP00157',2,'a','a','a',NULL,NULL,NULL,NULL,NULL,NULL),(1007,'15-098',2,'GLORIA','GLEAVO','MIRATE',NULL,NULL,NULL,NULL,NULL,NULL),(1008,'15-091',2,'0','0','0',NULL,NULL,NULL,NULL,NULL,NULL),(1009,'SIP00160',2,'a','a','a',NULL,NULL,NULL,NULL,NULL,NULL),(1010,'15-087',2,'LUZVIMINDA','SABELLINA','CUENCA',NULL,NULL,NULL,NULL,NULL,NULL),(1011,'SIP00162',2,'LORNA','CORDEZ','GARCIA',NULL,NULL,NULL,NULL,NULL,NULL),(1012,'SIP00163',2,'a','a','a',NULL,NULL,NULL,NULL,NULL,NULL),(1013,'SIP00164',2,'MA. EXPEDITA','BALISTOY','BRAGAIS',NULL,NULL,NULL,NULL,NULL,NULL),(1014,'SIP00165',2,'a','a','a',NULL,NULL,NULL,NULL,NULL,NULL),(1015,'15-117',2,'MARILOU','CANDELARIA','TAYA',NULL,NULL,NULL,NULL,NULL,NULL),(1016,'SIP00167',2,'a','a','a',NULL,NULL,NULL,NULL,NULL,NULL),(1017,'SIP00129',2,'Mariles','Gajero','Celso',NULL,NULL,NULL,NULL,NULL,NULL),(1018,'SIP00173',2,'VENERANDA','BALOLOY','CORDIAL',NULL,NULL,NULL,NULL,NULL,NULL),(1019,'SIP00175',2,'DOLORES','CUSTODIO','NAVARROZA',NULL,NULL,NULL,NULL,NULL,NULL),(1020,'SIP00183',2,'REGINA','AGOMAA','LIMON',NULL,NULL,NULL,NULL,NULL,NULL),(1021,'15-122',2,'FELICITAS','BARCETA','VICTORINO',NULL,NULL,NULL,NULL,NULL,NULL),(1022,'15-111',2,'NENA','TALAY','RUZ',NULL,NULL,NULL,NULL,NULL,NULL),(1023,'15-119',2,'PRESCILA','DILANCO','SAMAR',NULL,NULL,NULL,NULL,NULL,NULL),(1024,'SIP00176',2,'ASTER','LOVENDINO','QUINTANO',NULL,NULL,NULL,NULL,NULL,NULL),(1025,'SIP00177',2,'RACHEL','RUBIANES','JIMENEZ',NULL,NULL,NULL,NULL,NULL,NULL),(1026,'SIP00179',2,'ARSENIA','VARIAS','MOJICA',NULL,NULL,NULL,NULL,NULL,NULL),(1027,'SIP00181',2,'ARCILIE','MANALO','DE LEON',NULL,NULL,NULL,NULL,NULL,NULL),(1028,'SIP00180',2,'REMELYN','GUERRA','DORADO',NULL,NULL,NULL,NULL,NULL,NULL),(1029,'SIP00182',2,'GILDA','GENIO','DECANO',NULL,NULL,NULL,NULL,NULL,NULL),(1030,'SIP00184',2,'REBECCA','TOROCHA','PEREZ',NULL,NULL,NULL,NULL,NULL,NULL),(1031,'SIP00185',2,'EDITHA','IBAÑEZ','VELASCO',NULL,NULL,NULL,NULL,NULL,NULL),(1032,'15-178',2,'SOLIDAD','NABORA','CANDELARIA',NULL,NULL,NULL,NULL,NULL,NULL),(1033,'SIP00201',2,'TERESITA','MENDOZA (+)','PANGANIBAN',NULL,NULL,NULL,NULL,NULL,NULL),(1034,'SIP00186',2,'ESTELITA','0','CENA',NULL,NULL,NULL,NULL,NULL,NULL),(1035,'SIP00193',2,'ELISA','ALEJO','GENOVA',NULL,NULL,NULL,NULL,NULL,NULL),(1036,'SIP00174',2,'THELMA','CERVANTES','FUERTE',NULL,NULL,NULL,NULL,NULL,NULL),(1037,'SIP00191',2,'ABE','CARPIO','BARRUN',NULL,NULL,NULL,NULL,NULL,NULL),(1038,'SIP00198',2,'ROSITA','NEDEA','NAPERI',NULL,NULL,NULL,NULL,NULL,NULL),(1039,'15-165',2,'ERLINDA','DIESTRO','LABRADOR',NULL,NULL,NULL,NULL,NULL,NULL),(1040,'SIP00200',2,'LETICIA','MANTES','MAGANTE',NULL,NULL,NULL,NULL,NULL,NULL),(1041,'SIP00203',2,'ROSALINA','MALTE','ESIO',NULL,NULL,NULL,NULL,NULL,NULL),(1042,'SIP00204',2,'MABEL','ELIGUYO','BALONZO',NULL,NULL,NULL,NULL,NULL,NULL),(1043,'SIP00197',2,'MARCELA','BAY','GARCIA',NULL,NULL,NULL,NULL,NULL,NULL),(1044,'SIP00206',2,'GUADALUPE','VILLANOBO','VELARDE',NULL,NULL,NULL,NULL,NULL,NULL),(1045,'SIP00207',2,'LUZVIMINDA','SAVELINA','CUENCA',NULL,NULL,NULL,NULL,NULL,NULL),(1046,'SIP00210',2,'EMMA','BAÑAGA','RASONABLE',NULL,NULL,NULL,NULL,NULL,NULL),(1047,'SIP00209',2,'PURA (+)','COLARINA','AMPONGAN',NULL,NULL,NULL,NULL,NULL,NULL),(1048,'15-179',2,'JULIETA','NOCOS','GENERAL',NULL,NULL,NULL,NULL,NULL,NULL),(1049,'SIP00213',2,'AURORA','REYES','MARMOL (+)',NULL,NULL,NULL,NULL,NULL,NULL),(1050,'15-185',2,'EVELYN','SARSOZO','VELASQUEZ',NULL,NULL,NULL,NULL,NULL,NULL),(1051,'SIP00221',2,'ELISA','YAGUEL','AGUILAR',NULL,NULL,NULL,NULL,NULL,NULL),(1052,'SIP00215',2,'JELITA','BELARO','BONAVENTE',NULL,NULL,NULL,NULL,NULL,NULL),(1053,'SIP00225',2,'SUSAN','ZALDUA','VIVAS',NULL,NULL,NULL,NULL,NULL,NULL),(1054,'15-188',2,'ESPIE','SALEN','LAMADRID',NULL,NULL,NULL,NULL,NULL,NULL),(1055,'15-190',2,'NORMA','CLACIO','ALOC',NULL,NULL,NULL,NULL,NULL,NULL),(1056,'SIP00220',2,'LEONILA','DELOS SANTOS','LEOBIT',NULL,NULL,NULL,NULL,NULL,NULL),(1057,'SIP00224',2,'HILA','CUADRA','EBUENGA',NULL,NULL,NULL,NULL,NULL,NULL),(1058,'SIP00223',2,'LUZ','SUMPAY','MAPURI',NULL,NULL,NULL,NULL,NULL,NULL),(1059,'SIP00214',2,'ELIZABETH','PEÑAS','PALO',NULL,NULL,NULL,NULL,NULL,NULL),(1060,'SIP00232',2,'MARGIE','ARCEGA','CASPE',NULL,NULL,NULL,NULL,NULL,NULL),(1061,'SIP00212',2,'NELIA','PALAO','RUBIO',NULL,NULL,NULL,NULL,NULL,NULL),(1062,'15-183',2,'MARCELINA','VILLAR','FRANCISCO',NULL,NULL,NULL,NULL,NULL,NULL),(1063,'15-186',2,'LAGRIMAS','BARRAMEDA','BALIZA',NULL,NULL,NULL,NULL,NULL,NULL),(1064,'17-157',2,'ANNALIZA','VILLALOBOS','RODERNO',NULL,NULL,NULL,NULL,NULL,NULL),(1065,'SIP00230',2,'DANETTE','BONGON','CELESTE',NULL,NULL,NULL,NULL,NULL,NULL),(1066,'16-191',2,'CORONA','NEPAS','PEÑAREDONDO',NULL,NULL,NULL,NULL,NULL,NULL),(1067,'16-192',2,'EUGENIA','STO DOMINGO','SERNAL',NULL,NULL,NULL,NULL,NULL,NULL),(1068,'SIP00235',2,'0','0','0',NULL,NULL,NULL,NULL,NULL,NULL),(1069,'SIP00236',2,'MA. EVELYN','CONDINO','REIL',NULL,NULL,NULL,NULL,NULL,NULL),(1070,'SIP00239',2,'MERLINDA','CANDELARIA','CALIMLIM',NULL,NULL,NULL,NULL,NULL,NULL),(1071,'16-198',2,'JESABEL','LUNA','ARINGO',NULL,NULL,NULL,NULL,NULL,NULL),(1072,'SIP00241',2,'FE','LABRADOR','NESORTADO',NULL,NULL,NULL,NULL,NULL,NULL),(1073,'SIP00240',2,'BEATRIZ','RENTA','BALID',NULL,NULL,NULL,NULL,NULL,NULL),(1074,'SIP00243',2,'ANGELITA','ABIAS','OCAMPO',NULL,NULL,NULL,NULL,NULL,NULL),(1075,'SIP00244',2,'VICENTA','DIONES','LAGUA',NULL,NULL,NULL,NULL,NULL,NULL),(1076,'16-128',2,'JEANY','DANCALAN','SAMONTE',NULL,NULL,NULL,NULL,NULL,NULL),(1077,'SIP00248',2,'YOLANDA','OBEJAS','COLORES',NULL,NULL,NULL,NULL,NULL,NULL),(1078,'SIP00246',2,'WILMA','HORARIO','ESTILLANA',NULL,NULL,NULL,NULL,NULL,NULL),(1079,'16-131',2,'IMELDA','BUSTAMANTE','LOZANO',NULL,NULL,NULL,NULL,NULL,NULL),(1080,'SIP00253',2,'ELSIE','BARAHAN','SORABIA',NULL,NULL,NULL,NULL,NULL,NULL),(1081,'SIP00251',2,'MELINDA','AGUILAR','ARTUZ',NULL,NULL,NULL,NULL,NULL,NULL),(1082,'16-199',2,'BEATRIZ','CALDITO','MARTINEZ',NULL,NULL,NULL,NULL,NULL,NULL),(1083,'16-127',2,'EULENIA','SAN PABLO','DEFEO',NULL,NULL,NULL,NULL,NULL,NULL),(1084,'16-252',2,'DINA','JEREMIAS','DELA CRUZ',NULL,NULL,NULL,NULL,NULL,NULL),(1085,'SIP00255',2,'VIOLETA','PIDOC','DELA TOREE',NULL,NULL,NULL,NULL,NULL,NULL),(1086,'16-121',2,'MARY JEAN','BROJAS','CANUELO',NULL,NULL,NULL,NULL,NULL,NULL),(1087,'SIP00259',2,'MELINDA','VILLANUEVA','VELASCO',NULL,NULL,NULL,NULL,NULL,NULL),(1088,'16-125',2,'SONIA','CALAYO','MONOY',NULL,NULL,NULL,NULL,NULL,NULL),(1089,'SIP00264',2,'JOSEPHINE','MARAVILLA','LAAD',NULL,NULL,NULL,NULL,NULL,NULL),(1090,'SIP00260',2,'ALBINA','TAGUM','CORPORAL',NULL,NULL,NULL,NULL,NULL,NULL),(1091,'SIP00261',2,'AIDA','MUSA','MARQUEZ',NULL,NULL,NULL,NULL,NULL,NULL),(1092,'SIP00263',2,'JOSEFINA (Deceased)','TURLA','RABANG',NULL,NULL,NULL,NULL,NULL,NULL),(1093,'SIP00265',2,'0','0','0',NULL,NULL,NULL,NULL,NULL,NULL),(1094,'SIP00267',2,'JOCELYN','LUZENTALES','ZABALA',NULL,NULL,NULL,NULL,NULL,NULL),(1095,'SIP00268',2,'CHANDA','ILAO','DULLAS',NULL,NULL,NULL,NULL,NULL,NULL),(1096,'SIP00269',2,'VIRGINIA','ESTORIAS','RAMOS',NULL,NULL,NULL,NULL,NULL,NULL),(1097,'SIP00272',2,'FE EMILIE','NONE','VICTORI',NULL,NULL,NULL,NULL,NULL,NULL),(1098,'16-142',2,'CATHERINE','GARCIA','BARRA',NULL,NULL,NULL,NULL,NULL,NULL),(1099,'SIP00270',2,'AUREA','ABE','CASTILLO',NULL,NULL,NULL,NULL,NULL,NULL),(1100,'16-140',2,'ELVIRA','BUSTAMANTE','LOZANO',NULL,NULL,NULL,NULL,NULL,NULL),(1101,'16-139',2,'LIELA LEONOR','CASTILLO','MIDEM',NULL,NULL,NULL,NULL,NULL,NULL),(1102,'17-159',2,'ESTRELLA','SILVA','RANCES',NULL,NULL,NULL,NULL,NULL,NULL),(1103,'SIP00277',2,'YOLANDA','VALDEZ','CABANGAN',NULL,NULL,NULL,NULL,NULL,NULL),(1104,'SIP00278',2,'JOSEPHINE','DEL CASTILLO','BACLAO',NULL,NULL,NULL,NULL,NULL,NULL),(1105,'SIP00276',2,'ROXANE','CALLADA','FIESTA',NULL,NULL,NULL,NULL,NULL,NULL),(1106,'17-143',2,'EDNA','PAANO','ARANDIA',NULL,NULL,NULL,NULL,NULL,NULL),(1107,'17-158',2,'NENITA','BORDA','CAMANG',NULL,NULL,NULL,NULL,NULL,NULL),(1108,'18-184',2,'MARIVIC','BONGAO','SEDANTO',NULL,NULL,NULL,NULL,NULL,NULL),(1109,'SIP00286',2,'MARLYN','HERMOGENO','BUGAGAO',NULL,NULL,NULL,NULL,NULL,NULL),(1110,'17-165',2,'MA. LEONORA','0','PUATU',NULL,NULL,NULL,NULL,NULL,NULL),(1111,'SIP00287',2,'ARLENE','ADUVISO','BOQUIO',NULL,NULL,NULL,NULL,NULL,NULL),(1112,'18-197',2,'SARAH','REAZON','FERNANDEZ',NULL,NULL,NULL,NULL,NULL,NULL),(1113,'SIP00289',2,'CORAZON','ESPIRITU','MATOCDO',NULL,NULL,NULL,NULL,NULL,NULL),(1114,'SIP00290',2,'CATHERINE','AGUILLON','DELA CRUZ',NULL,NULL,NULL,NULL,NULL,NULL),(1115,'SIP00293',2,'ANA','CHALICHARINO','MOLINA',NULL,NULL,NULL,NULL,NULL,NULL),(1116,'SIP00292',2,'MYRA','MONTAÑEZ','ADAN',NULL,NULL,NULL,NULL,NULL,NULL),(1117,'17-155',2,'MELINDA','ARTUZ','SUPANGA',NULL,NULL,NULL,NULL,NULL,NULL),(1118,'17-147',2,'EMELIA','ASIS','ABUS',NULL,NULL,NULL,NULL,NULL,NULL),(1119,'SIP00291',2,'0','0','0',NULL,NULL,NULL,NULL,NULL,NULL),(1120,'17-145',2,'0','0','0',NULL,NULL,NULL,NULL,NULL,NULL),(1121,'SIP00297',2,'0','0','0',NULL,NULL,NULL,NULL,NULL,NULL),(1122,'SIP00294',2,'0','0','0',NULL,NULL,NULL,NULL,NULL,NULL),(1123,'SIP00299',2,'0','0','0',NULL,NULL,NULL,NULL,NULL,NULL),(1124,'SIP00300',2,'0','0','0',NULL,NULL,NULL,NULL,NULL,NULL),(1125,'SIP00301',2,'0','0','0',NULL,NULL,NULL,NULL,NULL,NULL),(1126,'SIP00304',2,'BUENCONCEJO','BEBIS','MARTINEZ',NULL,NULL,NULL,NULL,NULL,NULL),(1127,'17-162',2,'GERTRUDES','PISTON','LONTAC',NULL,NULL,NULL,NULL,NULL,NULL),(1128,'16-193',2,'FELICITAS','MACEDA','MARASIGAN',NULL,NULL,NULL,NULL,NULL,NULL),(1129,'17-167',2,'0','0','0',NULL,NULL,NULL,NULL,NULL,NULL),(1130,'SIP00308',2,'0','0','0',NULL,NULL,NULL,NULL,NULL,NULL),(1131,'17-163',2,'JOSEFA','DELA CRUZ','ALVAREZ',NULL,NULL,NULL,NULL,NULL,NULL),(1132,'18-169',2,'ROSSANA','FELICILDA','ESMABE',NULL,NULL,NULL,NULL,NULL,NULL),(1133,'SIP00316',2,'MILA','DIAZ','ORIBIANA',NULL,NULL,NULL,NULL,NULL,NULL),(1134,'SIP00314',2,'YOLANDA','RODRIGUEZ','BANTA',NULL,NULL,NULL,NULL,NULL,NULL),(1135,'SIP00312',2,'ESTELA','DANABAR','ILO',NULL,NULL,NULL,NULL,NULL,NULL),(1136,'SIP00310',2,'ANITA','LEGASPI','GUIWAN',NULL,NULL,NULL,NULL,NULL,NULL),(1137,'17-166',2,'GIRLIE','BALASTA','BAÑES',NULL,NULL,NULL,NULL,NULL,NULL),(1138,'18-172',2,'ADELFA','ABERGOS','MALLAPRE',NULL,NULL,NULL,NULL,NULL,NULL),(1139,'18-168',2,'TALITA MAGDALENA','PALO','BRON',NULL,NULL,NULL,NULL,NULL,NULL),(1140,'SIP00320',2,'MAGDALENA','TORDILLA','NAVAL',NULL,NULL,NULL,NULL,NULL,NULL),(1141,'15-113',2,'0','0','0',NULL,NULL,NULL,NULL,NULL,NULL),(1142,'18-170',2,'0','0','0',NULL,NULL,NULL,NULL,NULL,NULL),(1143,'SIP00322',2,'ALMA','0','FRONDOZO',NULL,NULL,NULL,NULL,NULL,NULL),(1144,'18-171',2,'MARY ANN','SARCON','AZUELA',NULL,NULL,NULL,NULL,NULL,NULL),(1145,'18-180',2,'LUMEN','PENAREDONDO','REONDANGA',NULL,NULL,NULL,NULL,NULL,NULL),(1146,'18-176',2,'SALVACION','NUYLAN','GALICIA',NULL,NULL,NULL,NULL,NULL,NULL),(1147,'18-178',2,'DOLORES','MANCILLA','BRONIA',NULL,NULL,NULL,NULL,NULL,NULL),(1148,'18-179',2,'GINA','MONTERO','GUIRUELA',NULL,NULL,NULL,NULL,NULL,NULL),(1149,'SIP00332',2,'MELINDA','BELARO','BONAVENTE',NULL,NULL,NULL,NULL,NULL,NULL),(1150,'SIP00324',2,'0','0','0',NULL,NULL,NULL,NULL,NULL,NULL),(1151,'SIP00336',2,'JOCELYN','ZABALA','EVANGELIO',NULL,NULL,NULL,NULL,NULL,NULL),(1152,'SIP00325',2,'FRANCIA','MARASIGAN','GUADES',NULL,NULL,NULL,NULL,NULL,NULL),(1153,'18-174',2,'EMMA','BEA','BERMAL',NULL,NULL,NULL,NULL,NULL,NULL),(1154,'SIP00334',2,'0','0','0',NULL,NULL,NULL,NULL,NULL,NULL),(1155,'18-173',2,'HELEN ROSE','GARCIA','MAGTARAYO',NULL,NULL,NULL,NULL,NULL,NULL),(1156,'18-177',2,'GINA','BIBON','CAYETANO',NULL,NULL,NULL,NULL,NULL,NULL),(1157,'18-181',2,'IMELDA','APOLONIO','MALABANA',NULL,NULL,NULL,NULL,NULL,NULL),(1158,'309',2,'MARILOU','SAMONTIZA','DESUYO','',NULL,NULL,NULL,NULL,NULL),(1159,'18-196',2,'MERCILITA','VARIAS','CREDO',NULL,NULL,NULL,NULL,NULL,NULL),(1160,'SIP00339',2,'0','0','0',NULL,NULL,NULL,NULL,NULL,NULL),(1161,'SIP00340',2,'0','0','0',NULL,NULL,NULL,NULL,NULL,NULL),(1162,'SIP00341',2,'HONEYBIE','DUQUE','CABASE',NULL,NULL,NULL,NULL,NULL,NULL),(1163,'SIP00345',2,'LOURDES','VALLADOLID','TUIBUEN',NULL,NULL,NULL,NULL,NULL,NULL),(1164,'SIP00343',2,'GENEDINA','ORILA','SAN ANDRES',NULL,NULL,NULL,NULL,NULL,NULL),(1165,'SIP00344',2,'JESUSA','RODRIGUEZ','PANTALLA',NULL,NULL,NULL,NULL,NULL,NULL),(1166,'SIP00342',2,'0','0','0',NULL,NULL,NULL,NULL,NULL,NULL),(1167,'SIP00347',2,'0','0','0',NULL,NULL,NULL,NULL,NULL,NULL),(1168,'SIP00348',2,'0','0','0',NULL,NULL,NULL,NULL,NULL,NULL),(1169,'SIP00346',2,'0','0','0',NULL,NULL,NULL,NULL,NULL,NULL),(1170,'SIP00349',2,'0','0','0',NULL,NULL,NULL,NULL,NULL,NULL),(1171,'SIP00350',2,'0','0','0',NULL,NULL,NULL,NULL,NULL,NULL),(1172,'SIP00351',2,'0','0','0',NULL,NULL,NULL,NULL,NULL,NULL),(1173,'18-193',2,'0','0','0',NULL,NULL,NULL,NULL,NULL,NULL),(1174,'18-192',2,'0','0','0',NULL,NULL,NULL,NULL,NULL,NULL),(1175,'18-191',2,'0','0','0',NULL,NULL,NULL,NULL,NULL,NULL),(1176,'18-195',2,'0','0','0',NULL,NULL,NULL,NULL,NULL,NULL),(1177,'18-194',2,'0','0','0',NULL,NULL,NULL,NULL,NULL,NULL),(1178,'SIP00357',2,'0','0','0',NULL,NULL,NULL,NULL,NULL,NULL),(1179,'18-198',2,'0','0','0',NULL,NULL,NULL,NULL,NULL,NULL),(1180,'SIP00360',2,'0','0','0',NULL,NULL,NULL,NULL,NULL,NULL),(1181,'SIP00362',2,'0','0','0',NULL,NULL,NULL,NULL,NULL,NULL),(1182,'SIP00361',2,'0','0','0',NULL,NULL,NULL,NULL,NULL,NULL),(1183,'SIP00363',2,'0','0','0',NULL,NULL,NULL,NULL,NULL,NULL),(1184,'SIP00364',2,'0','0','0',NULL,NULL,NULL,NULL,NULL,NULL),(1185,'SIP20-066',2,NULL,NULL,NULL,NULL,NULL,NULL,NULL,NULL,NULL),(1186,'SIP20-067',2,NULL,NULL,NULL,NULL,NULL,NULL,NULL,NULL,NULL),(1187,'SIP20-068',2,NULL,NULL,NULL,NULL,NULL,NULL,NULL,NULL,NULL),(1188,'SIP20-069',2,NULL,NULL,NULL,NULL,NULL,NULL,NULL,NULL,NULL),(1189,'SIP20-070',2,NULL,NULL,NULL,NULL,NULL,NULL,NULL,NULL,NULL),(1190,'SIP20-071',2,NULL,NULL,NULL,NULL,NULL,NULL,NULL,NULL,NULL),(1191,'PAS0001',2,NULL,NULL,NULL,NULL,NULL,NULL,NULL,NULL,NULL),(1192,'SIP20-072',2,NULL,NULL,NULL,NULL,NULL,NULL,NULL,NULL,NULL),(1193,'SIP20-073',2,NULL,NULL,NULL,NULL,NULL,NULL,NULL,NULL,NULL),(1365,'1',3,'GONZALO','ROS','MONOY','','0000-00-00','','','',''),(1366,'95-037',3,'Crispin','Zuñiga','Dela Peña',NULL,NULL,NULL,NULL,NULL,NULL),(1367,'09-063',3,'JORGE','GONZAGA','CREDO',NULL,NULL,NULL,NULL,NULL,NULL),(1368,'13-073',3,'Placido','Bonaagua','Casulla',NULL,NULL,NULL,NULL,NULL,NULL),(1369,'SIP00205',3,'Faustino','Salamatin','Aure',NULL,NULL,NULL,NULL,NULL,NULL),(1370,'88-018',3,'JAY','ZUELA','LABRADOR',NULL,NULL,NULL,NULL,NULL,NULL),(1371,'84-012',3,'JUPITER','MATA','LOSITAÑO',NULL,NULL,NULL,NULL,NULL,NULL),(1372,'94-024',3,'ANGEL','ALANIS','ARAGON',NULL,NULL,NULL,NULL,NULL,NULL),(1373,'94-033',3,'ERNESTO','ALANO','PAMADA',NULL,NULL,NULL,NULL,NULL,NULL),(1374,'84-011',3,'RODRIGO SR.','GALON','ALMONTE',NULL,NULL,NULL,NULL,NULL,NULL),(1375,'94-027',3,'0','0','0',NULL,NULL,NULL,NULL,NULL,NULL),(1376,'12-071',3,'EDUARDO','ALEGRIA','RIONDA',NULL,NULL,NULL,NULL,NULL,NULL),(1377,'94-032',3,'Antonio','Rivero','Abante',NULL,NULL,NULL,NULL,NULL,NULL),(1378,'94-026',3,'POLICARPO','CAPOBREHAK','ALMARIO',NULL,NULL,NULL,NULL,NULL,NULL),(1379,'94-028',3,'MIGUEL','NIEVA','NAZ',NULL,NULL,NULL,NULL,NULL,NULL),(1380,'96-041',3,'PEDRO','BARRAMIDA','BALIZA',NULL,NULL,NULL,NULL,NULL,NULL),(1381,'94-023',3,'DANTE','OCTA','BALANE',NULL,NULL,NULL,NULL,NULL,NULL),(1382,'99-053',3,'PELAGIO','CORBITO','BONITO',NULL,NULL,NULL,NULL,NULL,NULL),(1383,'09-061',3,'REYNALDO','VILLARAZA','CORTEZANO',NULL,NULL,NULL,NULL,NULL,NULL),(1384,'95-034',3,'LEONARDO','CAUREL','FIESTA',NULL,NULL,NULL,NULL,NULL,NULL),(1385,'13-078',3,'LEON','NAVARROZA','JOVILLANO',NULL,NULL,NULL,NULL,NULL,NULL),(1386,'06-060',3,'JOSE','CIELO','BOGATE',NULL,NULL,NULL,NULL,NULL,NULL),(1387,'06-059',3,'RICHELIE (Deceased)','SAN ANDRES','MIDEM',NULL,NULL,NULL,NULL,NULL,NULL),(1388,'97-051',3,'LOPE','PEREZ','MILLENA',NULL,NULL,NULL,NULL,NULL,NULL),(1389,'SIP00018',3,'FIDEL','DELA TORRE','NERA',NULL,NULL,NULL,NULL,NULL,NULL),(1390,'SIP00011',3,'BENJAMIN','CANANAMAN','SALEN',NULL,NULL,NULL,NULL,NULL,NULL),(1391,'13-075',3,'HERIBERTO','GERONIMO','RIVERA',NULL,NULL,NULL,NULL,NULL,NULL),(1392,'09-062',3,'ABRAHAM (Deceased)','ADRIANO','CASILES',NULL,NULL,NULL,NULL,NULL,NULL),(1393,'13-074',3,'RAUL','VILLALUZ','SAMARISTA',NULL,NULL,NULL,NULL,NULL,NULL),(1394,'95-040',3,'PRISCO','EPRES','TIBI',NULL,NULL,NULL,NULL,NULL,NULL),(1395,'13-077',3,'FRANCISCO','LAÑADA','VILLAFUERTE',NULL,NULL,NULL,NULL,NULL,NULL),(1396,'13-076',3,'FRANCISCO (Deceased)','LAÑADA','VILLAFUERTE',NULL,NULL,NULL,NULL,NULL,NULL),(1397,'84-013',3,'PABLO (Deceased)','PADUA','BERJA',NULL,NULL,NULL,NULL,NULL,NULL),(1398,'SIP00027',3,'JUAN','COBILLA','ALUZAN',NULL,NULL,NULL,NULL,NULL,NULL),(1399,'95-035',3,'ELIGIO','BASILLA','BARBOSA',NULL,NULL,NULL,NULL,NULL,NULL),(1400,'94-025',3,'TELESFORO','BRIZUELA','BRAGAIS',NULL,NULL,NULL,NULL,NULL,NULL),(1401,'97-042',3,'CRISTINO','GONZALES','MANDASOC',NULL,NULL,NULL,NULL,NULL,NULL),(1402,'97-046',3,'RAFAEL','BRIONES','AGUIRRE',NULL,NULL,NULL,NULL,NULL,NULL),(1403,'95-039',3,'0','0','0',NULL,NULL,NULL,NULL,NULL,NULL),(1404,'93-021',3,'TRANQUILINO','MORENO','ALMASCO',NULL,NULL,NULL,NULL,NULL,NULL),(1405,'SIP00070',3,'AUGUSTO Sr. (Deceased)','PLANTADO','CORPUS',NULL,NULL,NULL,NULL,NULL,NULL),(1406,'SIP00086',3,'LUCIO (Deceased)','NOVENO','ALEMANIA',NULL,NULL,NULL,NULL,NULL,NULL),(1407,'SIP00076',3,'ANTONIO','ELLIO','DESPABILADERAS',NULL,NULL,NULL,NULL,NULL,NULL),(1408,'11-065',3,'CESAR SR. (Deceased)','CAMPOS','CAMBA',NULL,NULL,NULL,NULL,NULL,NULL),(1409,'95-036',3,'CARLOS SR.','PAGLINAWAN','CANDELARIA',NULL,NULL,NULL,NULL,NULL,NULL),(1410,'98-052',3,'RICARDO','MAPAGDALITA','CASTUERA',NULL,NULL,NULL,NULL,NULL,NULL),(1411,'SIP00055',3,'ROSALINO','AMARANTO','MATOCIÑOS',NULL,NULL,NULL,NULL,NULL,NULL),(1412,'81-008',3,'VENANCIO','CORDERO','ESCALA',NULL,NULL,NULL,NULL,NULL,NULL),(1413,'85-017',3,'CLODUALDO (Deceased)','ALDAY','EVANGELIO',NULL,NULL,NULL,NULL,NULL,NULL),(1414,'95-038',3,'EDGARDO','ALFONSO','ACO',NULL,NULL,NULL,NULL,NULL,NULL),(1415,'09-064',3,'RUBEN','PALADIN','GABON',NULL,NULL,NULL,NULL,NULL,NULL),(1416,'SIP00031',3,'GREGORIO','LICO','ECALNIR (Deceased)',NULL,NULL,NULL,NULL,NULL,NULL),(1417,'SIP00028',3,'CEFERINO (Deceased)','BALICOCO','BALANE',NULL,NULL,NULL,NULL,NULL,NULL),(1418,'SIP00104',3,'SANTIAGO (Deceased)','PATAL','KASILAG',NULL,NULL,NULL,NULL,NULL,NULL),(1419,'84-014',3,'FELIX (Deceased)','AGORA','BERMJEO',NULL,NULL,NULL,NULL,NULL,NULL),(1420,'97-044',3,'APOLONIO','ABANTE','LOBIS',NULL,NULL,NULL,NULL,NULL,NULL),(1421,'85-016',3,'ANANIAS','ARMERO','BONDAD',NULL,NULL,NULL,NULL,NULL,NULL),(1422,'97-050',3,'ABRAHAM','CARREON','RONQUILLO',NULL,NULL,NULL,NULL,NULL,NULL),(1423,'97-049',3,'VALERIANO','BUARAO','NAVARROZA',NULL,NULL,NULL,NULL,NULL,NULL),(1424,'97-047',3,'MARCELO','ROM','COSA',NULL,NULL,NULL,NULL,NULL,NULL),(1425,'05-055',3,'SALVADOR (Deceased)','PANTALLA','NATE',NULL,NULL,NULL,NULL,NULL,NULL),(1426,'97-043',3,'GERARDO (Deceased)','MACENA','LLEVA',NULL,NULL,NULL,NULL,NULL,NULL),(1427,'94-030',3,'ALBERTO (Deceased)','BERNARDINO','SANCHEZ',NULL,NULL,NULL,NULL,NULL,NULL),(1428,'05-057',3,'VICENTE','SAN LORENZO','CHICA',NULL,NULL,NULL,NULL,NULL,NULL),(1429,'12-067',3,'SOTERO','BERGANTIN','PORNILLOS',NULL,NULL,NULL,NULL,NULL,NULL),(1430,'94-031',3,'HERMITO (Deceased)','SALVA','FERRER',NULL,NULL,NULL,NULL,NULL,NULL),(1431,'05-058',3,'VICENTE','ELIS','SAGARIO',NULL,NULL,NULL,NULL,NULL,NULL),(1432,'SIP00211',3,'FRANCISCO','PANGA','SALCEDO',NULL,NULL,NULL,NULL,NULL,NULL),(1433,'12-068',3,'ERIBERTO','BARRAMEDA','SANCHEZ',NULL,NULL,NULL,NULL,NULL,NULL),(1434,'SIP00032',3,'SALUSTIANO SR. (Deceased)','MERILLES','ABASOLA',NULL,NULL,NULL,NULL,NULL,NULL),(1435,'SIP00279',3,'ALFREDO','ALABA','DE OSIO',NULL,NULL,NULL,NULL,NULL,NULL),(1436,'12-070',3,'RODOLFO','LOPEZ','MAÑAGO',NULL,NULL,NULL,NULL,NULL,NULL),(1437,'SIP00074',3,'QUINTIN','RAMIREZ','SEDANTO',NULL,NULL,NULL,NULL,NULL,NULL),(1438,'05-056',3,'CRISPIN (Deceased)','ZUÑIGA','DELA PEÑA',NULL,NULL,NULL,NULL,NULL,NULL),(1439,'12-069',3,'JOSE (Deceased)','TAVERA','TOTAÑA',NULL,NULL,NULL,NULL,NULL,NULL),(1440,'11-066',3,'GIL','NIAR','JUEGO',NULL,NULL,NULL,NULL,NULL,NULL),(1441,'12-072',3,'GAUDENCIO','SABULARSE','TAGUM',NULL,NULL,NULL,NULL,NULL,NULL),(1442,'94-029',3,'ALBERTO','GARCIA','MACINAS',NULL,NULL,NULL,NULL,NULL,NULL),(1443,'93-022',3,'JOSE','MARIÑAS','MIRANDILLA',NULL,NULL,NULL,NULL,NULL,NULL),(1444,'91-019',3,'GONZALO','FRANCISCO','DELOS SANTOS',NULL,NULL,NULL,NULL,NULL,NULL),(1445,'SIP00126',3,'BIENVENIDO','VERDIFLOR','PEÑA',NULL,NULL,NULL,NULL,NULL,NULL),(1446,'15-137',3,'ARTURO','TORRECAMPO','GUERRERO',NULL,NULL,NULL,NULL,NULL,NULL),(1447,'SIP00037',3,'0','0','(Deceased)',NULL,NULL,NULL,NULL,NULL,NULL),(1448,'SIP00115',3,'RICARDO SR.','MACEDA','VALENZUELA',NULL,NULL,NULL,NULL,NULL,NULL),(1449,'SIP00122',3,'ADRIANO','VARGAS','URI',NULL,NULL,NULL,NULL,NULL,NULL),(1450,'SIP00090',3,'ELOYD','SABARIA','METRAN',NULL,NULL,NULL,NULL,NULL,NULL),(1451,'SIP00123',3,'DANILO','ADAN','ALEMANIA',NULL,NULL,NULL,NULL,NULL,NULL),(1452,'SIP00107',3,'JESUS (Deceased)','SALVA','BERCASIO',NULL,NULL,NULL,NULL,NULL,NULL),(1453,'15-138',3,'MARIANO','DELK MUNDO','DIOKNO',NULL,NULL,NULL,NULL,NULL,NULL),(1454,'15-151',3,'JENIFREDO','MALACA','MIRANDILLA',NULL,NULL,NULL,NULL,NULL,NULL),(1455,'SIP00110',3,'NICANOR SR.','0','GALANG',NULL,NULL,NULL,NULL,NULL,NULL),(1456,'15-123',3,'0','0','0',NULL,NULL,NULL,NULL,NULL,NULL),(1457,'15-148',3,'CEZAR','DALUSONG','MACHADO SR.',NULL,NULL,NULL,NULL,NULL,NULL),(1458,'SIP00121',3,'PERPETO','BUENA','AGOR',NULL,NULL,NULL,NULL,NULL,NULL),(1459,'SIP00120',3,'MANUEL','BERGANTIN','PORNILLOS',NULL,NULL,NULL,NULL,NULL,NULL),(1460,'SIP00257',3,'PUBLIO SR.','BADONG','PEYRA',NULL,NULL,NULL,NULL,NULL,NULL),(1461,'15-080',3,'PAULINO','MANALO','ACLAN',NULL,NULL,NULL,NULL,NULL,NULL),(1462,'15-081',3,'0','0','0',NULL,NULL,NULL,NULL,NULL,NULL),(1463,'15-083',3,'ANTONIO','DEQUITO','HISTA',NULL,NULL,NULL,NULL,NULL,NULL),(1464,'15-129',3,'SERAFIN','BOBIS','BONGALOS',NULL,NULL,NULL,NULL,NULL,NULL),(1465,'15-150',3,'MANUEL','NEBRES','MAMANSAG',NULL,NULL,NULL,NULL,NULL,NULL),(1466,'15-133',3,'NESTOR SR.','0','CORDERO',NULL,NULL,NULL,NULL,NULL,NULL),(1467,'SIP00108',3,'0','0','Deceased',NULL,NULL,NULL,NULL,NULL,NULL),(1468,'91-020',3,'EPIFANIO SR.','LIRIO','MEDALLADA',NULL,NULL,NULL,NULL,NULL,NULL),(1469,'SIP00043',3,'ANTONIO','EXCIJA','ALCALA',NULL,NULL,NULL,NULL,NULL,NULL),(1470,'SIP00041',3,'TOMAS (Deceased)','NIDEA','NOLEAL',NULL,NULL,NULL,NULL,NULL,NULL),(1471,'SIP00128',3,'IGNACIO','ABACAN','ILAGAN',NULL,NULL,NULL,NULL,NULL,NULL),(1472,'SIP00042',3,'ALBERTO','LORILLA','MAGDAONG',NULL,NULL,NULL,NULL,NULL,NULL),(1473,'SIP00054',3,'MARCIAL','QUIÑONES','LUDANA',NULL,NULL,NULL,NULL,NULL,NULL),(1474,'SIP00020',3,'JERRY','CASALME','DOCTOR',NULL,NULL,NULL,NULL,NULL,NULL),(1475,'SIP00023',3,'DIEGO SR.','PEL','SALAMAT',NULL,NULL,NULL,NULL,NULL,NULL),(1476,'15-095',3,'NESTOR','CAPILI','BURI',NULL,NULL,NULL,NULL,NULL,NULL),(1477,'15-155',3,'PEDRO SR.','CECILIO','OYA',NULL,NULL,NULL,NULL,NULL,NULL),(1478,'SIP00097',3,'FLORENTINO','SENFUEGO','REYNALES',NULL,NULL,NULL,NULL,NULL,NULL),(1479,'15-143',3,'GIL','NIAR','JUEGO',NULL,NULL,NULL,NULL,NULL,NULL),(1480,'SIP00132',3,'ARTURO SR.','ESCALANTE','ARCE',NULL,NULL,NULL,NULL,NULL,NULL),(1481,'15-085',3,'JOSE (Deceased)','CIELO','BOGATE',NULL,NULL,NULL,NULL,NULL,NULL),(1482,'15-101',3,'PERPETO (Deceased)','BUENA','AGOR',NULL,NULL,NULL,NULL,NULL,NULL),(1483,'SIP00015',3,'ROLANDO','CATAPANG','GUCE',NULL,NULL,NULL,NULL,NULL,NULL),(1484,'15-108',3,'ABNER','NIEVA','NAZ',NULL,NULL,NULL,NULL,NULL,NULL),(1485,'15-082',3,'ELY','ZAPATERO','BATANGOSO',NULL,NULL,NULL,NULL,NULL,NULL),(1486,'SIP00052',3,'SONNY','REPECILO','MONGE',NULL,NULL,NULL,NULL,NULL,NULL),(1487,'SIP00077',3,'DIOSDADO','PALADAN','CORDERO',NULL,NULL,NULL,NULL,NULL,NULL),(1488,'15-086',3,'PETRONILO','MOJICO','ABOGADO',NULL,NULL,NULL,NULL,NULL,NULL),(1489,'15-084',3,'ERNESTO','GARDOQUE','VELASQUEZ',NULL,NULL,NULL,NULL,NULL,NULL),(1490,'15-114',3,'FELIZARDO','MARIANO','CASTRICIONES SR.',NULL,NULL,NULL,NULL,NULL,NULL),(1491,'SIP00048',3,'FORTUNATO','BASISTER','BILISTA',NULL,NULL,NULL,NULL,NULL,NULL),(1492,'15-094',3,'RICARDO','LUZENTALES','BUENDIA',NULL,NULL,NULL,NULL,NULL,NULL),(1493,'15-159',3,'0','0','(Deceased)',NULL,NULL,NULL,NULL,NULL,NULL),(1494,'SIP00134',3,'a','a','a',NULL,NULL,NULL,NULL,NULL,NULL),(1495,'SIP00135',3,'0','0','Deceased',NULL,NULL,NULL,NULL,NULL,NULL),(1496,'SIP00136',3,'MARIO','SUSANO','LLAME',NULL,NULL,NULL,NULL,NULL,NULL),(1497,'SIP00137',3,'0','0','(Deceased)',NULL,NULL,NULL,NULL,NULL,NULL),(1498,'SIP00138',3,'Zaldy','Borlaza','Jardinel',NULL,NULL,NULL,NULL,NULL,NULL),(1499,'15-140',3,'Angelo','Augusto','Floresca',NULL,NULL,NULL,NULL,NULL,NULL),(1500,'SIP00140',3,'Nicomedes','Salvador','San Juan',NULL,NULL,NULL,NULL,NULL,NULL),(1501,'15-109',3,'Basilio','Vidallon','Nolasco (Deceased)',NULL,NULL,NULL,NULL,NULL,NULL),(1502,'SIP00190',3,'Jesus','Bicalan','Bonavente',NULL,NULL,NULL,NULL,NULL,NULL),(1503,'SIP00143',3,'IRENEO','SAN MARTIN','DELOS SANTOS',NULL,NULL,NULL,NULL,NULL,NULL),(1504,'15-160',3,'CESAR','BELEN','SAPE',NULL,NULL,NULL,NULL,NULL,NULL),(1505,'15-116',3,'BERNARDO','DETERA','DESPABILADERAS',NULL,NULL,NULL,NULL,NULL,NULL),(1506,'SIP00146',3,'EDUARDO','DE MESA','TIMBAL',NULL,NULL,NULL,NULL,NULL,NULL),(1507,'SIP00147',3,'NOE','ABRASADO','CAR',NULL,NULL,NULL,NULL,NULL,NULL),(1508,'SIP00148',3,'ARMAN','FAROL','AQUINO',NULL,NULL,NULL,NULL,NULL,NULL),(1509,'15-154',3,'DANIEL','ABIAS','OCAMPO SR.',NULL,NULL,NULL,NULL,NULL,NULL),(1510,'14-079',3,'ERNESTO SR.','ENDAYA','LAGUARDIA',NULL,NULL,NULL,NULL,NULL,NULL),(1511,'SIP00151',3,'SANTOS','BAÑEZ','PEÑA',NULL,NULL,NULL,NULL,NULL,NULL),(1512,'15-139',3,'DARIO SR.','DELOS SANTOS','ESCALANTE',NULL,NULL,NULL,NULL,NULL,NULL),(1513,'SIP00153',3,'a','a','a',NULL,NULL,NULL,NULL,NULL,NULL),(1514,'15-120',3,'JOSE','RANGASAJO','TRANQUILINO',NULL,NULL,NULL,NULL,NULL,NULL),(1515,'SIP00155',3,'PEPITO','CALISURA','BRIONES',NULL,NULL,NULL,NULL,NULL,NULL),(1516,'15-103',3,'FELICIANO','CASTILLO','GABRIEL',NULL,NULL,NULL,NULL,NULL,NULL),(1517,'SIP00157',3,'a','a','a',NULL,NULL,NULL,NULL,NULL,NULL),(1518,'15-098',3,'ALFREDO','CATURCE','CORONADO',NULL,NULL,NULL,NULL,NULL,NULL),(1519,'15-091',3,'VICENTE','BERUELA','BALLANO',NULL,NULL,NULL,NULL,NULL,NULL),(1520,'SIP00160',3,'a','a','a',NULL,NULL,NULL,NULL,NULL,NULL),(1521,'15-087',3,'DANILO','VICTORINO','MARQUEZ',NULL,NULL,NULL,NULL,NULL,NULL),(1522,'SIP00162',3,'ODELON','CREO','REMOLLENA',NULL,NULL,NULL,NULL,NULL,NULL),(1523,'SIP00163',3,'a','a','a',NULL,NULL,NULL,NULL,NULL,NULL),(1524,'SIP00164',3,'ROQUE','GANDOL','ARTIAGA',NULL,NULL,NULL,NULL,NULL,NULL),(1525,'SIP00165',3,'a','a','a',NULL,NULL,NULL,NULL,NULL,NULL),(1526,'15-117',3,'VICENTE','LUNA','TAYA',NULL,NULL,NULL,NULL,NULL,NULL),(1527,'SIP00167',3,'a','a','a',NULL,NULL,NULL,NULL,NULL,NULL),(1528,'SIP00129',3,'Abraham','Ogmar','Calisura',NULL,NULL,NULL,NULL,NULL,NULL),(1529,'SIP00173',3,'FERNANDO JR.','OMOR','VELASCO',NULL,NULL,NULL,NULL,NULL,NULL),(1530,'SIP00175',3,'PEDRO','BORJA','TED JR.',NULL,NULL,NULL,NULL,NULL,NULL),(1531,'SIP00183',3,'BIENVENIDO','LIM','LIMON',NULL,NULL,NULL,NULL,NULL,NULL),(1532,'15-122',3,'ERENEO','BELANO','VICTORINO',NULL,NULL,NULL,NULL,NULL,NULL),(1533,'15-111',3,'ER','PENDOR','RUZ',NULL,NULL,NULL,NULL,NULL,NULL),(1534,'15-119',3,'JOSEFINO','VALIZA','TOLEDO',NULL,NULL,NULL,NULL,NULL,NULL),(1535,'SIP00176',3,'JOEL','LUMERIO','NOBLEZA',NULL,NULL,NULL,NULL,NULL,NULL),(1536,'SIP00177',3,'ROLLY','REÑON','CALATAY',NULL,NULL,NULL,NULL,NULL,NULL),(1537,'SIP00179',3,'LINO','BAES','GIRON',NULL,NULL,NULL,NULL,NULL,NULL),(1538,'SIP00181',3,'DENNIS','VILLAREAL','ALTAMARINO',NULL,NULL,NULL,NULL,NULL,NULL),(1539,'SIP00180',3,'RICARDO JR.','CANLAS','DE LEON',NULL,NULL,NULL,NULL,NULL,NULL),(1540,'SIP00182',3,'ERNESTO','BAÑAS','PAET',NULL,NULL,NULL,NULL,NULL,NULL),(1541,'SIP00184',3,'LAURIETO','ADAN','AUREUS',NULL,NULL,NULL,NULL,NULL,NULL),(1542,'SIP00185',3,'LUPO','RAZOR','VELASCO',NULL,NULL,NULL,NULL,NULL,NULL),(1543,'15-178',3,'SALVADOR','0','CANDELARIA',NULL,NULL,NULL,NULL,NULL,NULL),(1544,'SIP00201',3,'DOMINADOR JR.','PALADIN (+)','GABON',NULL,NULL,NULL,NULL,NULL,NULL),(1545,'SIP00186',3,'SIMEON','UMALI','CENA',NULL,NULL,NULL,NULL,NULL,NULL),(1546,'SIP00193',3,'ELADIO','MARCA','MATRIANO',NULL,NULL,NULL,NULL,NULL,NULL),(1547,'SIP00174',3,'RODEN','CASIN','FUERTE',NULL,NULL,NULL,NULL,NULL,NULL),(1548,'SIP00191',3,'NESTOR SR. (Deceased)','PALADIN','CORDERO',NULL,NULL,NULL,NULL,NULL,NULL),(1549,'SIP00198',3,'PROCOPIO','BALINDAN','QUIOBE',NULL,NULL,NULL,NULL,NULL,NULL),(1550,'15-165',3,'ROBERTO','MANARAS','BAUTISTA',NULL,NULL,NULL,NULL,NULL,NULL),(1551,'SIP00200',3,'BENJAMEN','RETARDO','PAREÑO',NULL,NULL,NULL,NULL,NULL,NULL),(1552,'SIP00203',3,'NATHANIEL','AGDAN','BANDOJO',NULL,NULL,NULL,NULL,NULL,NULL),(1553,'SIP00204',3,'HERMELITO','CRUSILLO','CRISTO',NULL,NULL,NULL,NULL,NULL,NULL),(1554,'SIP00197',3,'LEOPOLDO','GIANAN','ZALDUA',NULL,NULL,NULL,NULL,NULL,NULL),(1555,'SIP00206',3,'EDILBERTO','MAGISTRADO','ZARATAR',NULL,NULL,NULL,NULL,NULL,NULL),(1556,'SIP00207',3,'DANILO','VICTORINO','MARQUEZ',NULL,NULL,NULL,NULL,NULL,NULL),(1557,'SIP00210',3,'ARTURO SR.','NACIANCERO','CREDO',NULL,NULL,NULL,NULL,NULL,NULL),(1558,'SIP00209',3,'RODOLFO','MACAUYAM','ALTEZA',NULL,NULL,NULL,NULL,NULL,NULL),(1559,'15-179',3,'ROGELIO','PALLANGAYAN','PANCIPANE',NULL,NULL,NULL,NULL,NULL,NULL),(1560,'SIP00213',3,'NARCISO','UNTALAN','GUTIERREZ',NULL,NULL,NULL,NULL,NULL,NULL),(1561,'15-185',3,'REYNALDO','PATRIARCA','PEÑANO',NULL,NULL,NULL,NULL,NULL,NULL),(1562,'SIP00221',3,'SIXTO JR.','SEPTIMO','AGUILAR',NULL,NULL,NULL,NULL,NULL,NULL),(1563,'SIP00215',3,'RAZZEL','BONAVENTE','CASAUL',NULL,NULL,NULL,NULL,NULL,NULL),(1564,'SIP00225',3,'GERARDO','BORROMEO','SERGIO',NULL,NULL,NULL,NULL,NULL,NULL),(1565,'15-188',3,'ALBERTO','FACTOR','BUENAGUA',NULL,NULL,NULL,NULL,NULL,NULL),(1566,'15-190',3,'ADRIANO','LAGATUZ','CALLEJA',NULL,NULL,NULL,NULL,NULL,NULL),(1567,'SIP00220',3,'RAMON','TATULLA','RIL',NULL,NULL,NULL,NULL,NULL,NULL),(1568,'SIP00224',3,'LUIS','BASE','EBUENGA',NULL,NULL,NULL,NULL,NULL,NULL),(1569,'SIP00223',3,'ROMUALDO','PIELAGO','CAMACHO',NULL,NULL,NULL,NULL,NULL,NULL),(1570,'SIP00214',3,'JOVITO','BUNJI','PALO JR.',NULL,NULL,NULL,NULL,NULL,NULL),(1571,'SIP00232',3,'FRANCISCO','SAN JUAN','BALANE',NULL,NULL,NULL,NULL,NULL,NULL),(1572,'SIP00212',3,'SANTOS','MONDRAGON','MILLENA',NULL,NULL,NULL,NULL,NULL,NULL),(1573,'15-183',3,'CESAR','HERNANDEZ','CASTAÑEDA',NULL,NULL,NULL,NULL,NULL,NULL),(1574,'15-186',3,'ROMEO','0','VALENCIA',NULL,NULL,NULL,NULL,NULL,NULL),(1575,'17-157',3,'JOEL','PERILLO','DIO',NULL,NULL,NULL,NULL,NULL,NULL),(1576,'SIP00230',3,'BERNARDO','CALICA','DASIMIL',NULL,NULL,NULL,NULL,NULL,NULL),(1577,'16-191',3,'ROGELIO','ROBLES','RIONDANGA',NULL,NULL,NULL,NULL,NULL,NULL),(1578,'16-192',3,'ROGELIO','GARCIA','JARDINEL',NULL,NULL,NULL,NULL,NULL,NULL),(1579,'SIP00235',3,'0','0','0',NULL,NULL,NULL,NULL,NULL,NULL),(1580,'SIP00236',3,'FLORENCIO','BALANZA','REIL',NULL,NULL,NULL,NULL,NULL,NULL),(1581,'SIP00239',3,'MANUEL','M','DE LEON',NULL,NULL,NULL,NULL,NULL,NULL),(1582,'16-198',3,'CHARLIE','AGNOT','ARINGO',NULL,NULL,NULL,NULL,NULL,NULL),(1583,'SIP00241',3,'CRESENCIANO','PASCUA','MAGADIA',NULL,NULL,NULL,NULL,NULL,NULL),(1584,'SIP00240',3,'RAYMUNDO','BAUTISTA','SENOSIN',NULL,NULL,NULL,NULL,NULL,NULL),(1585,'SIP00243',3,'ALBERT','RESPECTO','DE LEON',NULL,NULL,NULL,NULL,NULL,NULL),(1586,'SIP00244',3,'RIZALBERTO','DE VERA','CARILLO',NULL,NULL,NULL,NULL,NULL,NULL),(1587,'16-128',3,'DONATO','ESTILO','DELA VEGA',NULL,NULL,NULL,NULL,NULL,NULL),(1588,'SIP00248',3,'JESSIE','TALINGTING','GIANAN',NULL,NULL,NULL,NULL,NULL,NULL),(1589,'SIP00246',3,'JONATHAN','ELIS','UBALDE',NULL,NULL,NULL,NULL,NULL,NULL),(1590,'16-131',3,'LUISITO','HARDIN','MARANAN',NULL,NULL,NULL,NULL,NULL,NULL),(1591,'SIP00253',3,'BONIFACIO JR.','CUADRA','HERNANDO',NULL,NULL,NULL,NULL,NULL,NULL),(1592,'SIP00251',3,'DEMOCRITO','CABRERA','SUPANGA',NULL,NULL,NULL,NULL,NULL,NULL),(1593,'16-199',3,'MAMERTO','LLORCA','VILLANO',NULL,NULL,NULL,NULL,NULL,NULL),(1594,'16-127',3,'JAIME','LUNAR','BELLERE',NULL,NULL,NULL,NULL,NULL,NULL),(1595,'16-252',3,'ROSELLER SR.','TOMENIO','ECHIPARE',NULL,NULL,NULL,NULL,NULL,NULL),(1596,'SIP00255',3,'ANTONIO','VARIAS','BENDO',NULL,NULL,NULL,NULL,NULL,NULL),(1597,'16-121',3,'JOSELITO','CALAYO','CANUELO',NULL,NULL,NULL,NULL,NULL,NULL),(1598,'SIP00259',3,'ZALDY','BORLAZA','JARDINEL',NULL,NULL,NULL,NULL,NULL,NULL),(1599,'16-125',3,'ORLANDO','ECO','CASULLA',NULL,NULL,NULL,NULL,NULL,NULL),(1600,'SIP00264',3,'ARIEL','O','NEPOMUCENO',NULL,NULL,NULL,NULL,NULL,NULL),(1601,'SIP00260',3,'ANTERO (Deceased)','BONITE','BONGAT',NULL,NULL,NULL,NULL,NULL,NULL),(1602,'SIP00261',3,'BERNARDO','LOGANSON','MUJAR',NULL,NULL,NULL,NULL,NULL,NULL),(1603,'SIP00263',3,'DANILO','MARABELLA','DY',NULL,NULL,NULL,NULL,NULL,NULL),(1604,'SIP00265',3,'0','0','0',NULL,NULL,NULL,NULL,NULL,NULL),(1605,'SIP00267',3,'CARLOS','NIEVES','EVANGELIO',NULL,NULL,NULL,NULL,NULL,NULL),(1606,'SIP00268',3,'RONEL','FLORES','BARBOSA',NULL,NULL,NULL,NULL,NULL,NULL),(1607,'SIP00269',3,'MELCHOR','HICBAN','OCHOA',NULL,NULL,NULL,NULL,NULL,NULL),(1608,'SIP00272',3,'EDUARDO','CREDO','GOMEZ',NULL,NULL,NULL,NULL,NULL,NULL),(1609,'16-142',3,'NELSON','MALINAO','LIRIO',NULL,NULL,NULL,NULL,NULL,NULL),(1610,'SIP00270',3,'DANILO','CRUZAT','PARAL',NULL,NULL,NULL,NULL,NULL,NULL),(1611,'16-140',3,'EDGARDO','ANTONIO','BELMONTE',NULL,NULL,NULL,NULL,NULL,NULL),(1612,'16-139',3,'BENJAMIN','TAUGAN','CARCIDO',NULL,NULL,NULL,NULL,NULL,NULL),(1613,'17-159',3,'NONITO (Deceased)','AÑES','PRAMIS',NULL,NULL,NULL,NULL,NULL,NULL),(1614,'SIP00277',3,'CERILO','AGUILAR','BOLOCON',NULL,NULL,NULL,NULL,NULL,NULL),(1615,'SIP00278',3,'POLICARPO JR.','BERGUELA','ALMARIO',NULL,NULL,NULL,NULL,NULL,NULL),(1616,'SIP00276',3,'LEONEL','CALIGUIRAN','FIESTA',NULL,NULL,NULL,NULL,NULL,NULL),(1617,'17-143',3,'OSCAR','REODIQUE','ARANDIA',NULL,NULL,NULL,NULL,NULL,NULL),(1618,'17-158',3,'OLRANDO','DEVERA','CAMANG',NULL,NULL,NULL,NULL,NULL,NULL),(1619,'18-184',3,'ERNESTO (Deceased)','RIVERO','RELLORA',NULL,NULL,NULL,NULL,NULL,NULL),(1620,'SIP00286',3,'PABLO','CASILIHAN','BUGAGAO',NULL,NULL,NULL,NULL,NULL,NULL),(1621,'17-165',3,'ANDRES','DOLLENTE','MONTEMAYOR',NULL,NULL,NULL,NULL,NULL,NULL),(1622,'SIP00287',3,'NOE','MARAVILLA','RUARING',NULL,NULL,NULL,NULL,NULL,NULL),(1623,'18-197',3,'CLARENCE','RANIDO','ORIBIANA',NULL,NULL,NULL,NULL,NULL,NULL),(1624,'SIP00289',3,'ANTONIO (DECEASED)','HUIT','ESGUERRA',NULL,NULL,NULL,NULL,NULL,NULL),(1625,'SIP00290',3,'JOSE ZALDY','PLANCIA','PANGANIBAN',NULL,NULL,NULL,NULL,NULL,NULL),(1626,'SIP00293',3,'JESUS','MILLAR','MERCADER',NULL,NULL,NULL,NULL,NULL,NULL),(1627,'SIP00292',3,'NEIL','BUENA','AGOR',NULL,NULL,NULL,NULL,NULL,NULL),(1628,'17-155',3,'DEMOCRITO','CABRERA','SUPANGA',NULL,NULL,NULL,NULL,NULL,NULL),(1629,'17-147',3,'ESTELITO','ABRIL','MARASIGAN',NULL,NULL,NULL,NULL,NULL,NULL),(1630,'SIP00291',3,'0','0','0',NULL,NULL,NULL,NULL,NULL,NULL),(1631,'17-145',3,'0','0','0',NULL,NULL,NULL,NULL,NULL,NULL),(1632,'SIP00297',3,'0','0','0',NULL,NULL,NULL,NULL,NULL,NULL),(1633,'SIP00294',3,'0','0','0',NULL,NULL,NULL,NULL,NULL,NULL),(1634,'SIP00299',3,'0','0','0',NULL,NULL,NULL,NULL,NULL,NULL),(1635,'SIP00300',3,'0','0','0',NULL,NULL,NULL,NULL,NULL,NULL),(1636,'SIP00301',3,'0','0','0',NULL,NULL,NULL,NULL,NULL,NULL),(1637,'SIP00304',3,'ROMEO SR.','DECENA','FORMALEJO',NULL,NULL,NULL,NULL,NULL,NULL),(1638,'17-162',3,'EDGAR','LUMBES','GASPAR',NULL,NULL,NULL,NULL,NULL,NULL),(1639,'16-193',3,'PRECIOSO','CHAVEZ','SAN LORENZO',NULL,NULL,NULL,NULL,NULL,NULL),(1640,'17-167',3,'0','0','0',NULL,NULL,NULL,NULL,NULL,NULL),(1641,'SIP00308',3,'0','0','0',NULL,NULL,NULL,NULL,NULL,NULL),(1642,'17-163',3,'RODRIGO','NIÑO','COMIA',NULL,NULL,NULL,NULL,NULL,NULL),(1643,'18-169',3,'LEORO','VIVAR','JOVILLANO',NULL,NULL,NULL,NULL,NULL,NULL),(1644,'SIP00316',3,'MARIO','PATINGO','ORIBIANA',NULL,NULL,NULL,NULL,NULL,NULL),(1645,'SIP00314',3,'EDGARDO','ESQUILLO','PRAXIDES',NULL,NULL,NULL,NULL,NULL,NULL),(1646,'SIP00312',3,'SAMUEL','DACIAN','SALVADOR',NULL,NULL,NULL,NULL,NULL,NULL),(1647,'SIP00310',3,'WILFREDO','BAÑADERA','PLAR',NULL,NULL,NULL,NULL,NULL,NULL),(1648,'17-166',3,'ARIEL','MERABITE','RONCESVALLES',NULL,NULL,NULL,NULL,NULL,NULL),(1649,'18-172',3,'JOSUE','ALAMBRA','DON',NULL,NULL,NULL,NULL,NULL,NULL),(1650,'18-168',3,'AGAPITO','ALOG','MERCADO',NULL,NULL,NULL,NULL,NULL,NULL),(1651,'SIP00320',3,'VIRGILIO','ASA','VILLOTE',NULL,NULL,NULL,NULL,NULL,NULL),(1652,'15-113',3,'0','0','0',NULL,NULL,NULL,NULL,NULL,NULL),(1653,'18-170',3,'0','0','0',NULL,NULL,NULL,NULL,NULL,NULL),(1654,'SIP00322',3,'APOLINAR','SERNAL','MORILLO',NULL,NULL,NULL,NULL,NULL,NULL),(1655,'18-171',3,'AGATON','LOSA','URSUA',NULL,NULL,NULL,NULL,NULL,NULL),(1656,'18-180',3,'ISAGANI','ABAD','LINGAO',NULL,NULL,NULL,NULL,NULL,NULL),(1657,'18-176',3,'ABELARDO','VILLAFLOR','GALICIA',NULL,NULL,NULL,NULL,NULL,NULL),(1658,'18-178',3,'TEODORO','BALEN','ALAY',NULL,NULL,NULL,NULL,NULL,NULL),(1659,'18-179',3,'SALVADOR','VILLARAZA','GUIRUELA',NULL,NULL,NULL,NULL,NULL,NULL),(1660,'SIP00332',3,'MOISES','CANDELARIA','HUERTE',NULL,NULL,NULL,NULL,NULL,NULL),(1661,'SIP00324',3,'FRANCISCO','MEDIJO','RONQUILLO',NULL,NULL,NULL,NULL,NULL,NULL),(1662,'SIP00336',3,'CARLOS','NIEVES','EVAGELIO',NULL,NULL,NULL,NULL,NULL,NULL),(1663,'SIP00325',3,'AVELINO','MAPALAD','PARAL',NULL,NULL,NULL,NULL,NULL,NULL),(1664,'18-174',3,'RAMON','ARALES','MAÑARES',NULL,NULL,NULL,NULL,NULL,NULL),(1665,'SIP00334',3,'0','0','0',NULL,NULL,NULL,NULL,NULL,NULL),(1666,'18-173',3,'NORMAN SR.','ARAQUEL','BARNUEVO',NULL,NULL,NULL,NULL,NULL,NULL),(1667,'18-177',3,'DIOGRACIAS','MADRONA','CAYETANO',NULL,NULL,NULL,NULL,NULL,NULL),(1668,'18-181',3,'NONILON','PERLAS','MALABANA',NULL,NULL,NULL,NULL,NULL,NULL),(1669,'309',3,'WILFREDO','TATARO','CEZAR',NULL,NULL,NULL,NULL,NULL,NULL),(1670,'18-196',3,'ARNOLD','LATADE','LUÑO',NULL,NULL,NULL,NULL,NULL,NULL),(1671,'SIP00339',3,'0','0','0',NULL,NULL,NULL,NULL,NULL,NULL),(1672,'SIP00340',3,'0','0','0',NULL,NULL,NULL,NULL,NULL,NULL),(1673,'SIP00341',3,'SHERLOCK','HIDALGO','DIALINO',NULL,NULL,NULL,NULL,NULL,NULL),(1674,'SIP00345',3,'BERNARDO','DURAN','DOCOT',NULL,NULL,NULL,NULL,NULL,NULL),(1675,'SIP00343',3,'ALEX','ARIAS','LAGARDE',NULL,NULL,NULL,NULL,NULL,NULL),(1676,'SIP00344',3,'BENJAMIN','REANTORIO','BERIÑA',NULL,NULL,NULL,NULL,NULL,NULL),(1677,'SIP00342',3,'0','0','0',NULL,NULL,NULL,NULL,NULL,NULL),(1678,'SIP00347',3,'0','0','0',NULL,NULL,NULL,NULL,NULL,NULL),(1679,'SIP00348',3,'0','0','0',NULL,NULL,NULL,NULL,NULL,NULL),(1680,'SIP00346',3,'0','0','0',NULL,NULL,NULL,NULL,NULL,NULL),(1681,'SIP00349',3,'0','0','0',NULL,NULL,NULL,NULL,NULL,NULL),(1682,'SIP00350',3,'0','0','0',NULL,NULL,NULL,NULL,NULL,NULL),(1683,'SIP00351',3,'0','0','0',NULL,NULL,NULL,NULL,NULL,NULL),(1684,'18-193',3,'0','0','0',NULL,NULL,NULL,NULL,NULL,NULL),(1685,'18-192',3,'0','0','0',NULL,NULL,NULL,NULL,NULL,NULL),(1686,'18-191',3,'0','0','0',NULL,NULL,NULL,NULL,NULL,NULL),(1687,'18-195',3,'0','0','0',NULL,NULL,NULL,NULL,NULL,NULL),(1688,'18-194',3,'0','0','0',NULL,NULL,NULL,NULL,NULL,NULL),(1689,'SIP00357',3,'0','0','0',NULL,NULL,NULL,NULL,NULL,NULL),(1690,'18-198',3,'0','0','0',NULL,NULL,NULL,NULL,NULL,NULL),(1691,'SIP00360',3,'0','0','0',NULL,NULL,NULL,NULL,NULL,NULL),(1692,'SIP00362',3,'0','0','0',NULL,NULL,NULL,NULL,NULL,NULL),(1693,'SIP00361',3,'0','0','0',NULL,NULL,NULL,NULL,NULL,NULL),(1694,'SIP00363',3,'0','0','0',NULL,NULL,NULL,NULL,NULL,NULL),(1695,'SIP00364',3,'0','0','0',NULL,NULL,NULL,NULL,NULL,NULL),(1696,'SIP20-066',3,NULL,NULL,NULL,NULL,NULL,NULL,NULL,NULL,NULL),(1697,'SIP20-067',3,NULL,NULL,NULL,NULL,NULL,NULL,NULL,NULL,NULL),(1698,'SIP20-068',3,NULL,NULL,NULL,NULL,NULL,NULL,NULL,NULL,NULL),(1699,'SIP20-069',3,NULL,NULL,NULL,NULL,NULL,NULL,NULL,NULL,NULL),(1700,'SIP20-070',3,NULL,NULL,NULL,NULL,NULL,NULL,NULL,NULL,NULL),(1701,'SIP20-071',3,NULL,NULL,NULL,NULL,NULL,NULL,NULL,NULL,NULL),(1702,'PAS0001',3,NULL,NULL,NULL,NULL,NULL,NULL,NULL,NULL,NULL),(1703,'SIP20-072',3,NULL,NULL,NULL,NULL,NULL,NULL,NULL,NULL,NULL),(1704,'SIP20-073',3,NULL,NULL,NULL,NULL,NULL,NULL,NULL,NULL,NULL);

ALTER TABLE `tbl_employee_family_background` ENABLE KEYS;
UNLOCK TABLES;
COMMIT;

--
-- Data for table: tbl_employee_log
--
LOCK TABLES `tbl_employee_log` WRITE;
ALTER TABLE `tbl_employee_log` DISABLE KEYS;

INSERT INTO `tbl_employee_log` (`emp_id`,`action_id`,`date`) VALUES ('SIP0099',4,'2019-04-30'),('PAS0001',2,'2019-04-01'),('PAS0002',2,'2019-04-01'),('PAS0003',2,'2019-04-01'),('PAS0004',2,'2019-04-01'),('SIP0099',2,'2019-04-01'),('PAS0001',5,'2019-05-28'),('SIP0099',2,'2019-06-01'),('PAS0004',7,'2019-05-30'),('PAS0001',6,'2019-05-30'),('PAS0001',7,'2019-05-30'),('PAS0006',2,'2019-05-30'),('PAS0006',5,'2019-05-08'),('PAS0007',2,'2019-06-10'),('PAS0008',2,'2019-06-10'),('PAS0008',2,'2019-06-11'),('PAS0009',2,'2019-06-11'),('PAS0010',2,'2019-06-11'),('SIP0332',2,'2019-06-17'),('SIP0365',2,'2019-06-17'),('SIP0366',2,'2019-06-18'),('SIP19-3',2,'2019-06-19'),('SIP19-3',2,'2019-06-19'),('SIP19-3',2,'2019-06-19'),('SIP19-3',2,'2019-06-19'),('SIP19-3',2,'2019-06-19'),('SIP19-3',2,'2019-06-19'),('SIP19-3',2,'2019-06-19'),('SIP19-3',2,'2019-06-19'),('SIP19-3',2,'2019-06-19'),('SIP19-3',2,'2019-06-19'),('',5,'2019-06-19'),('SIP19-3',5,'2019-06-19'),('',5,'2019-06-20'),('',5,'2019-06-20'),('SIP19-3',5,'2019-06-20'),('SIP0036',5,'2019-06-22'),('SIP0036',5,'2019-06-26'),('SIP0036',5,'2019-06-26'),('04-054',5,'2019-07-10'),('04-054',5,'2019-07-10'),('04-054',5,'2019-07-10'),('04-054',5,'2019-07-10'),('04-054',5,'2019-07-10'),('04-054',5,'2019-07-10'),('04-054',5,'2019-07-10'),('04-054',5,'2019-07-10'),('04-054',5,'2019-07-10'),('04-054',5,'2019-07-10'),('04-054',5,'2019-07-10'),('04-054',5,'2019-07-10'),('04-054',5,'2019-07-10'),('04-054',5,'2019-07-10'),('',5,'0000-00-00'),('',5,'0000-00-00'),('',5,'0000-00-00'),('',5,'0000-00-00'),('',5,'0000-00-00'),('',5,'0000-00-00'),('',5,'0000-00-00'),('',5,'0000-00-00'),('',5,'0000-00-00'),('',5,'0000-00-00'),('',5,'0000-00-00'),('',5,'0000-00-00'),('',5,'0000-00-00'),('',5,'0000-00-00'),('',5,'0000-00-00'),('',5,'0000-00-00'),('',5,'0000-00-00'),('',5,'0000-00-00'),('',5,'0000-00-00'),('',5,'0000-00-00'),('',5,'0000-00-00'),('',5,'0000-00-00'),('',5,'0000-00-00'),('',5,'0000-00-00'),('',5,'0000-00-00'),('',5,'0000-00-00'),('',5,'0000-00-00'),('',5,'0000-00-00'),('',5,'0000-00-00'),('',5,'0000-00-00'),('',5,'0000-00-00'),('',5,'0000-00-00'),('',5,'0000-00-00'),('',5,'0000-00-00'),('',5,'0000-00-00'),('',5,'0000-00-00'),('',5,'0000-00-00'),('',5,'0000-00-00'),('',5,'0000-00-00'),('',5,'0000-00-00'),('',5,'0000-00-00'),('',5,'0000-00-00'),('',5,'0000-00-00'),('',5,'0000-00-00'),('',5,'0000-00-00'),('',5,'0000-00-00'),('',5,'0000-00-00'),('',5,'0000-00-00'),('',5,'0000-00-00'),('',5,'0000-00-00'),('',5,'0000-00-00'),('',5,'0000-00-00'),('',5,'0000-00-00'),('',5,'0000-00-00'),('',5,'0000-00-00'),('',5,'0000-00-00'),('',5,'0000-00-00'),('',5,'0000-00-00'),('',5,'0000-00-00'),('',5,'0000-00-00'),('',5,'0000-00-00'),('',5,'0000-00-00'),('',5,'0000-00-00'),('',5,'0000-00-00'),('',5,'0000-00-00'),('',5,'0000-00-00'),('',5,'0000-00-00'),('',5,'0000-00-00'),('',5,'0000-00-00'),('',5,'0000-00-00'),('',5,'0000-00-00'),('SIP20-0',2,'2020-01-21'),('SIP20-066',2,'2020-01-21'),('SIP20-067',2,'2020-01-22'),('SIP20-068',2,'2020-01-22'),('SIP20-065',2,'2020-01-30'),('',5,'0000-00-00'),('',5,'0000-00-00'),('',5,'0000-00-00'),('SIP20-066',2,'2020-02-06'),('',5,'0000-00-00'),('',5,'0000-00-00'),('04-054',5,'0000-00-00'),('SIP20-067',2,'2020-02-18'),('SIP20-068',2,'2020-02-19'),('SIP20-069',2,'2020-02-19'),('SIP20-070',2,'2020-02-19'),('SIP20-071',2,'2020-02-19'),('04-054',7,'2020-07-27'),('04-054',6,'2020-07-27'),('04-054',6,'2020-07-28'),('04-054',6,'2020-07-28'),('04-054',6,'2020-07-28'),('04-054',6,'2020-07-28'),('04-054',6,'2020-07-30'),('SIP20-072',2,'2020-08-04'),('SIP20-073',2,'2020-08-04'),('04-054',6,'2020-08-06');

ALTER TABLE `tbl_employee_log` ENABLE KEYS;
UNLOCK TABLES;
COMMIT;

--
-- Data for table: tbl_employee_other_info
--
LOCK TABLES `tbl_employee_other_info` WRITE;
ALTER TABLE `tbl_employee_other_info` DISABLE KEYS;

INSERT INTO `tbl_employee_other_info` (`no`,`employee_id`,`other_skill`,`other_recognition`,`other_organization`) VALUES (2,'309','Playing Guitar (Hotel California, No Woman No Cry);Singing;Dancing;Acting;Driving','a;b;c;d;e','q;w;e;rzx;qwe'),(7,'205','Gaming;Drawing;Dancing',NULL,'PSITE V'),(9,'1','asdfzxcvvz;zxcxzcccz','','');

ALTER TABLE `tbl_employee_other_info` ENABLE KEYS;
UNLOCK TABLES;
COMMIT;

--
-- Data for table: tbl_employee_references
--
LOCK TABLES `tbl_employee_references` WRITE;
ALTER TABLE `tbl_employee_references` DISABLE KEYS;

INSERT INTO `tbl_employee_references` (`no`,`employee_id`,`reference_name`,`reference_position`,`reference_address`,`reference_contact`) VALUES (1,'9','Engr. Edgardo B. Uvas','Campus Administrator','Impig, Sipocot, Camarines Sur','0'),(2,'9','','','',''),(3,'136','Marissa S. Ralota','','Bagacay, Libmanan, Cam. Sur',''),(4,'136','Erlinda Aycardo','','Bagacay, Libmanan, Cam. Sur',''),(5,'136','Ariel Fabricante','','Bagacay, Libmanan, Cam. Sur',''),(6,'137','Artemio Bataller, Jr. ','','Pili, Camarines Sur',''),(7,'137','Francia Baun','','Libmanan, Camarines Sur',''),(8,'139','Douglas Angel A. Aragon II','Dean, College of Teachers Educ','Zone 5, Impig, Sip. Cam. Sur',''),(9,'139','Imelda I. Balonzo','Retired Teacher','Malubago, Sipocot, Camarines Sur',''),(10,'149','Rommel Bulaong','Vice-Mayor','Libmanan, Camarines Sur',''),(11,'149','Jess Camara','Municipal Kagawad','Libmanan, Camarines Sur',''),(12,'149','Sonny Autor','Barangay Captain','',''),(13,'151','Dennis C. Gabon','Instructor I','CBSUA-Sipocot',''),(14,'152','Salvacion Tariman','','Bagumbayan, Libmanan, Cam. Sur','09193910003'),(15,'153','Dennis C. Gabon','Instructor I','CBSUA-Sipocot, Sipocot, Cam. Sur',''),(16,'153','Ma. Expedita B. Artiaga','Assistant Professor III','  -do-',''),(17,'155','Miguel Mike Sayat','','Zone 5, Impig, Sipocot, Camarines Sur',''),(18,'155','Rico D. Almonte','Campus Administrator','Zone 5, Impig, Sipocot, Camarines Sur',''),(19,'155','Luis O. Pereja, Jr. ','Barangay Captain','Zone 5, Impig, Sipocot, Camarines Sur',''),(20,'156','Quirino C. Bonita, Jr. ','','San Isidro, Sipocot, Cam. Sur',''),(21,'156','Victorina E. dela Cruz','','San Isidro, Sipocot, Cam. Sur',''),(22,'156','Romeo D. Leona','','San Isidro, Sipocot, Cam. Sur',''),(23,'158','Virginia S. Rey','','South Centro, Sipocot, Cam. Sur',''),(24,'158','Albert A. Joven','SPO3','Sta. Cruz, South Centro,Sipocot, Cam. Sur',''),(25,'159','Francisco N. Ronquillo','','Ragay, Camarines Sur',''),(26,'159','Douglas Angel A. Aragon II','Dean, College of Education','Impig, Sipocot, Camarines Sur',''),(27,'159','Mia N. Eborda','Assistant Professor III','South Centro, Sipocot, Camarines Sur',''),(28,'161','Catherine D. Lagata','','Bicol University','09198894366'),(29,'161','Shirley Maloles','','Bicol University','09216459813'),(30,'163','Marcial A. Avengoza','','Zone 5, Impig, Sip. Cam. Sur',''),(31,'163','Mery L. Navarro','Instructor II','',''),(32,'166','Lorena B. Frondozo','LGU','Libmanan, Camarines Sur',''),(33,'172','Rico D. Almonte','Campus Administrator','Zone 5, Impig, Sipocot, Cam. Sur','450-6108'),(34,'167','Dennis C. Gabon','Dean, College of Information T','Impig, Sipocot, Cam. Sur','09199912128'),(35,'173','Marlyn V. Marco','','Concepcion, Naga City',''),(36,'173','Ceasario L. Quirona','','Lupi, Camarines Sur',''),(37,'173','Dolores Q. Mapusao','','',''),(38,'174','Douglas Angel A. Aragon II','Dean, College of Education','Impig, Sipocot, Cam. Sur','09189576902'),(40,'176','Lanie D. Ebuenga','','San Juan Ave., Sipocot, Cam. Sur','09076803217'),(41,'178','Jennifer B. Castillo','','Naga City','73-9810'),(42,'178','Josephine B. Alba','','Naga City','09999956941'),(43,'179','Luningning I. Sanchez','','Tara, Sipocot, Camarines Sur',''),(44,'179','Tessie T. Resurreccion','Instructor I','',''),(45,'187','Catalina P. Rusiana','','Impig, Sipocot, Cam. Sur',''),(46,'187','Luis O. Pereja','Barangay Captain','',''),(47,'188','Hon. Rogenor R. Astor','Municipal Mayor','Sipocot, Camarines Sur','054-238-2043'),(48,'188','Hon. Elizabeth O. Abergos','Municipal Kagawad ','Sipocot, Camarines Sur','054-238-2044'),(49,'188','Dennis C. Gabon','','Sipocot, Camarines Sur',''),(50,'189','Rodelio C. Monoy','Managing Director','Santolan, Pasig City',''),(51,'189','Rodolfo P. Guevarra','PSO','Daet, Camarines Norte',''),(52,'192','Luis B. Esplago','','Haluban, Lupi, Cam. Sur',''),(53,'193','Dennis C. Gabon','Dean, College of Information T','Impig, Sipocot, Cam. Sur',''),(54,'193','Gilda J. Taupa','Instructor I','',''),(55,'194','Douglas Angel A. Aragon II','Dean, College of Education','Impig, Sipocot, Camarines Sur','0918576902'),(56,'194','Jose O. Arce','','Calagbangan. Sipocot, Cam. Sur','09282556219'),(57,'194','Manuel S. Patiam','','Impig, Sipocot, Camarines Sur','09183754784'),(58,'195','Edgard Ravago','','Calagbangan, Sipocot, Camarines Sur','09207780226'),(59,'197','Dennis C. Gabon','Instructor I','CBSUA-Sipocot',''),(60,'198','Atty. Ryan Jude D. Villar','','Iriga City','09159540905'),(61,'229','Douglas Angel A. Aragon II','Dean, College of Education','Impig, Sipocot, Camarines Sur',''),(62,'234','Renato G. Reyes','','Central Luzon State University',''),(64,'309','DENNIS C. GABON',NULL,'Impig, Sipocot, Camarines Sur','09112448552'),(68,'309','Mico Candelaria',NULL,'Sipocot, Cam. Sur','09460578488'),(69,'205','Dennis C. Gabon','Assistant Professor II','Sipocot, Camarines Sur','091099288372');

ALTER TABLE `tbl_employee_references` ENABLE KEYS;
UNLOCK TABLES;
COMMIT;

--
-- Data for table: tbl_employee_sched
--
LOCK TABLES `tbl_employee_sched` WRITE;
ALTER TABLE `tbl_employee_sched` DISABLE KEYS;

INSERT INTO `tbl_employee_sched` (`no`,`employee_id`,`date`,`sched_code`) VALUES (1,415,'2020-09-21 10:22:10','SCHED0001'),(2,416,'2020-09-24 10:38:24','SCHED0001'),(3,417,'2020-09-24 10:39:44','SCHED0001'),(4,418,'2020-09-24 10:40:23','SCHED0001'),(346,309,'2020-09-24 10:44:20','SCHED0002'),(347,309,'2020-09-24 10:44:20','SCHED0001'),(348,378,'2020-09-24 10:44:20','SCHED0001'),(349,377,'2020-09-24 10:44:20','SCHED0001'),(350,349,'2020-09-24 10:44:20','SCHED0001'),(351,348,'2020-09-24 10:44:20','SCHED0001'),(352,347,'2020-09-24 10:44:20','SCHED0001'),(353,346,'2020-09-24 10:44:20','SCHED0001'),(354,345,'2020-09-24 10:44:20','SCHED0001'),(355,344,'2020-09-24 10:44:20','SCHED0001'),(356,336,'2020-09-24 10:44:20','SCHED0001'),(357,335,'2020-09-24 10:44:20','SCHED0001'),(358,332,'2020-09-24 10:44:20','SCHED0001'),(359,333,'2020-09-24 10:44:20','SCHED0001'),(360,331,'2020-09-24 10:44:20','SCHED0001'),(361,329,'2020-09-24 10:44:20','SCHED0001'),(362,323,'2020-09-24 10:44:20','SCHED0001'),(363,322,'2020-09-24 10:44:20','SCHED0001'),(364,321,'2020-09-24 10:44:20','SCHED0001'),(365,319,'2020-09-24 10:44:20','SCHED0001'),(366,318,'2020-09-24 10:44:20','SCHED0001'),(367,320,'2020-09-24 10:44:20','SCHED0001'),(368,314,'2020-09-24 10:44:20','SCHED0001'),(369,316,'2020-09-24 10:44:20','SCHED0001'),(370,315,'2020-09-24 10:44:20','SCHED0001'),(371,317,'2020-09-24 10:44:20','SCHED0001'),(372,313,'2020-09-24 10:44:20','SCHED0001'),(373,312,'2020-09-24 10:44:20','SCHED0001'),(374,311,'2020-09-24 10:44:20','SCHED0001'),(375,302,'2020-09-24 10:44:20','SCHED0001'),(376,305,'2020-09-24 10:44:20','SCHED0001'),(377,300,'2020-09-24 10:44:20','SCHED0001'),(378,303,'2020-09-24 10:44:20','SCHED0001'),(379,301,'2020-09-24 10:44:20','SCHED0001'),(380,294,'2020-09-24 10:44:20','SCHED0001'),(381,291,'2020-09-24 10:44:20','SCHED0001'),(382,284,'2020-09-24 10:44:20','SCHED0001'),(383,285,'2020-09-24 10:44:20','SCHED0001'),(384,286,'2020-09-24 10:44:20','SCHED0001'),(385,287,'2020-09-24 10:44:20','SCHED0001'),(386,281,'2020-09-24 10:44:20','SCHED0001'),(387,277,'2020-09-24 10:44:20','SCHED0001'),(388,276,'2020-09-24 10:44:20','SCHED0001'),(389,275,'2020-09-24 10:44:20','SCHED0001'),(390,274,'2020-09-24 10:44:20','SCHED0001'),(391,272,'2020-09-24 10:44:20','SCHED0001'),(392,273,'2020-09-24 10:44:20','SCHED0001'),(393,266,'2020-09-24 10:44:20','SCHED0001'),(394,267,'2020-09-24 10:44:20','SCHED0001'),(395,270,'2020-09-24 10:44:20','SCHED0001'),(396,265,'2020-09-24 10:44:20','SCHED0001'),(397,264,'2020-09-24 10:44:20','SCHED0001'),(398,262,'2020-09-24 10:44:20','SCHED0001'),(399,260,'2020-09-24 10:44:20','SCHED0001'),(400,72,'2020-09-24 10:44:20','SCHED0001'),(401,255,'2020-09-24 10:44:20','SCHED0001'),(402,254,'2020-09-24 10:44:20','SCHED0001'),(403,256,'2020-09-24 10:44:20','SCHED0001'),(404,248,'2020-09-24 10:44:20','SCHED0001'),(405,250,'2020-09-24 10:44:20','SCHED0001'),(406,247,'2020-09-24 10:44:20','SCHED0001'),(407,246,'2020-09-24 10:44:20','SCHED0001'),(408,245,'2020-09-24 10:44:20','SCHED0001'),(409,244,'2020-09-24 10:44:20','SCHED0001'),(410,240,'2020-09-24 10:44:20','SCHED0001'),(411,243,'2020-09-24 10:44:20','SCHED0001'),(412,242,'2020-09-24 10:44:20','SCHED0001'),(413,241,'2020-09-24 10:44:20','SCHED0001'),(414,238,'2020-09-24 10:44:20','SCHED0001'),(415,97,'2020-09-24 10:44:20','SCHED0001'),(416,236,'2020-09-24 10:44:20','SCHED0001'),(417,231,'2020-09-24 10:44:20','SCHED0001'),(418,232,'2020-09-24 10:44:20','SCHED0001'),(419,228,'2020-09-24 10:44:20','SCHED0001'),(420,229,'2020-09-24 10:44:20','SCHED0001'),(421,226,'2020-09-24 10:44:20','SCHED0001'),(422,225,'2020-09-24 10:44:20','SCHED0001'),(423,223,'2020-09-24 10:44:20','SCHED0001'),(424,224,'2020-09-24 10:44:20','SCHED0001'),(425,221,'2020-09-24 10:44:20','SCHED0001'),(426,220,'2020-09-24 10:44:20','SCHED0001'),(427,219,'2020-09-24 10:44:20','SCHED0001'),(428,211,'2020-09-24 10:44:20','SCHED0001'),(429,216,'2020-09-24 10:44:20','SCHED0001'),(430,204,'2020-09-24 10:44:20','SCHED0001'),(431,208,'2020-09-24 10:44:20','SCHED0001'),(432,209,'2020-09-24 10:44:20','SCHED0001'),(433,202,'2020-09-24 10:44:20','SCHED0001'),(434,207,'2020-09-24 10:44:20','SCHED0001'),(435,203,'2020-09-24 10:44:20','SCHED0001'),(436,210,'2020-09-24 10:44:20','SCHED0001'),(437,200,'2020-09-24 10:44:20','SCHED0001'),(438,212,'2020-09-24 10:44:20','SCHED0001'),(439,69,'2020-09-24 10:44:20','SCHED0001'),(440,197,'2020-09-24 10:44:20','SCHED0001'),(441,198,'2020-09-24 10:44:20','SCHED0001'),(442,196,'2020-09-24 10:44:20','SCHED0001'),(443,195,'2020-09-24 10:44:20','SCHED0001'),(444,5,'2020-09-24 10:44:20','SCHED0001'),(445,193,'2020-09-24 10:44:20','SCHED0001'),(446,192,'2020-09-24 10:44:20','SCHED0001'),(447,183,'2020-09-24 10:44:20','SCHED0001'),(448,191,'2020-09-24 10:44:20','SCHED0001'),(449,189,'2020-09-24 10:44:20','SCHED0001'),(450,194,'2020-09-24 10:44:20','SCHED0001'),(451,186,'2020-09-24 10:44:20','SCHED0001'),(452,188,'2020-09-24 10:44:20','SCHED0001'),(453,139,'2020-09-24 10:44:20','SCHED0001'),(454,185,'2020-09-24 10:44:20','SCHED0001'),(455,181,'2020-09-24 10:44:20','SCHED0001'),(456,180,'2020-09-24 10:44:20','SCHED0001'),(457,168,'2020-09-24 10:44:20','SCHED0001'),(458,179,'2020-09-24 10:44:20','SCHED0001'),(459,177,'2020-09-24 10:44:20','SCHED0001'),(460,178,'2020-09-24 10:44:20','SCHED0001'),(461,176,'2020-09-24 10:44:20','SCHED0001'),(462,174,'2020-09-24 10:44:20','SCHED0001'),(463,173,'2020-09-24 10:44:20','SCHED0001'),(464,167,'2020-09-24 10:44:20','SCHED0001'),(465,187,'2020-09-24 10:44:20','SCHED0001'),(466,166,'2020-09-24 10:44:20','SCHED0001'),(467,164,'2020-09-24 10:44:20','SCHED0001'),(468,162,'2020-09-24 10:44:20','SCHED0001'),(469,161,'2020-09-24 10:44:20','SCHED0001'),(470,160,'2020-09-24 10:44:20','SCHED0001'),(471,159,'2020-09-24 10:44:20','SCHED0001'),(472,157,'2020-09-24 10:44:20','SCHED0001'),(473,154,'2020-09-24 10:44:20','SCHED0001'),(474,152,'2020-09-24 10:44:20','SCHED0001'),(475,150,'2020-09-24 10:44:20','SCHED0001'),(476,148,'2020-09-24 10:44:20','SCHED0001'),(477,145,'2020-09-24 10:44:20','SCHED0001'),(478,144,'2020-09-24 10:44:20','SCHED0001'),(479,143,'2020-09-24 10:44:20','SCHED0001'),(480,140,'2020-09-24 10:44:20','SCHED0001'),(481,137,'2020-09-24 10:44:20','SCHED0001'),(482,135,'2020-09-24 10:44:20','SCHED0001'),(483,134,'2020-09-24 10:44:20','SCHED0001'),(484,133,'2020-09-24 10:44:20','SCHED0001'),(485,132,'2020-09-24 10:44:20','SCHED0001'),(486,131,'2020-09-24 10:44:20','SCHED0001'),(487,117,'2020-09-24 10:44:20','SCHED0001'),(488,165,'2020-09-24 10:44:20','SCHED0001'),(489,108,'2020-09-24 10:44:20','SCHED0001'),(490,82,'2020-09-24 10:44:20','SCHED0001'),(491,88,'2020-09-24 10:44:20','SCHED0001'),(492,86,'2020-09-24 10:44:20','SCHED0001'),(493,95,'2020-09-24 10:44:20','SCHED0001'),(494,96,'2020-09-24 10:44:20','SCHED0001'),(495,85,'2020-09-24 10:44:20','SCHED0001'),(496,92,'2020-09-24 10:44:20','SCHED0001'),(497,104,'2020-09-24 10:44:20','SCHED0001'),(498,89,'2020-09-24 10:44:20','SCHED0001'),(499,55,'2020-09-24 10:44:20','SCHED0001'),(500,115,'2020-09-24 10:44:20','SCHED0001'),(501,87,'2020-09-24 10:44:20','SCHED0001'),(502,43,'2020-09-24 10:44:20','SCHED0001'),(503,124,'2020-09-24 10:44:20','SCHED0001'),(504,44,'2020-09-24 10:44:20','SCHED0001'),(505,74,'2020-09-24 10:44:20','SCHED0001'),(506,42,'2020-09-24 10:44:20','SCHED0001'),(507,48,'2020-09-24 10:44:20','SCHED0001'),(508,110,'2020-09-24 10:44:20','SCHED0001'),(509,123,'2020-09-24 10:44:20','SCHED0001'),(510,128,'2020-09-24 10:44:20','SCHED0001'),(511,106,'2020-09-24 10:44:20','SCHED0001'),(512,109,'2020-09-24 10:44:20','SCHED0001'),(513,107,'2020-09-24 10:44:20','SCHED0001'),(514,84,'2020-09-24 10:44:20','SCHED0001'),(515,71,'2020-09-24 10:44:20','SCHED0001'),(516,53,'2020-09-24 10:44:20','SCHED0001'),(517,54,'2020-09-24 10:44:20','SCHED0001'),(518,35,'2020-09-24 10:44:20','SCHED0001'),(519,112,'2020-09-24 10:44:20','SCHED0001'),(520,111,'2020-09-24 10:44:20','SCHED0001'),(521,26,'2020-09-24 10:44:20','SCHED0001'),(522,120,'2020-09-24 10:44:20','SCHED0001'),(523,27,'2020-09-24 10:44:20','SCHED0001'),(524,350,'2020-09-24 10:44:20','SCHED0001'),(525,19,'2020-09-24 10:44:20','SCHED0001'),(526,47,'2020-09-24 10:44:20','SCHED0001'),(527,25,'2020-09-24 10:44:20','SCHED0001'),(528,59,'2020-09-24 10:44:20','SCHED0001'),(529,60,'2020-09-24 10:44:20','SCHED0001'),(530,61,'2020-09-24 10:44:20','SCHED0001'),(531,39,'2020-09-24 10:44:20','SCHED0001'),(532,57,'2020-09-24 10:44:20','SCHED0001'),(533,63,'2020-09-24 10:44:20','SCHED0001'),(534,38,'2020-09-24 10:44:20','SCHED0001'),(535,17,'2020-09-24 10:44:20','SCHED0001'),(536,31,'2020-09-24 10:44:20','SCHED0001'),(537,40,'2020-09-24 10:44:20','SCHED0001'),(538,51,'2020-09-24 10:44:20','SCHED0001'),(539,2,'2020-09-24 10:44:20','SCHED0001'),(540,46,'2020-09-24 10:44:20','SCHED0001'),(541,36,'2020-09-24 10:44:20','SCHED0001'),(542,21,'2020-09-24 10:44:20','SCHED0001'),(543,9,'2020-09-24 10:44:20','SCHED0001'),(544,13,'2020-09-24 10:44:20','SCHED0001'),(545,67,'2020-09-24 10:44:20','SCHED0001'),(546,64,'2020-09-24 10:44:20','SCHED0001'),(547,79,'2020-09-24 10:44:20','SCHED0001'),(548,16,'2020-09-24 10:44:20','SCHED0001'),(549,11,'2020-09-24 10:44:20','SCHED0001'),(550,14,'2020-09-24 10:44:20','SCHED0001'),(551,37,'2020-09-24 10:44:20','SCHED0001'),(552,8,'2020-09-24 10:44:20','SCHED0001'),(553,18,'2020-09-24 10:44:20','SCHED0001'),(554,80,'2020-09-24 10:44:20','SCHED0001'),(555,41,'2020-09-24 10:44:20','SCHED0001'),(556,105,'2020-09-24 10:44:20','SCHED0001'),(557,81,'2020-09-24 10:44:20','SCHED0001'),(558,6,'2020-09-24 10:44:20','SCHED0001'),(559,50,'2020-09-24 10:44:20','SCHED0001'),(560,58,'2020-09-24 10:44:20','SCHED0001'),(561,56,'2020-09-24 10:44:20','SCHED0001'),(562,34,'2020-09-24 10:44:20','SCHED0001'),(563,7,'2020-09-24 10:44:20','SCHED0001'),(564,10,'2020-09-24 10:44:20','SCHED0001'),(565,49,'2020-09-24 10:44:20','SCHED0001'),(566,330,'2020-09-24 10:44:20','SCHED0001'),(567,263,'2020-09-24 10:44:20','SCHED0001'),(568,310,'2020-09-24 10:44:20','SCHED0001'),(569,327,'2020-09-24 10:44:20','SCHED0001'),(570,328,'2020-09-24 10:44:20','SCHED0001'),(571,324,'2020-09-24 10:44:20','SCHED0001'),(572,325,'2020-09-24 10:44:20','SCHED0001'),(573,326,'2020-09-24 10:44:20','SCHED0001'),(574,259,'2020-09-24 10:44:20','SCHED0001'),(575,308,'2020-09-24 10:44:20','SCHED0001'),(576,296,'2020-09-24 10:44:20','SCHED0001'),(577,299,'2020-09-24 10:44:20','SCHED0001'),(578,298,'2020-09-24 10:44:20','SCHED0001'),(579,307,'2020-09-24 10:44:20','SCHED0001'),(580,297,'2020-09-24 10:44:20','SCHED0001'),(581,304,'2020-09-24 10:44:20','SCHED0001'),(582,306,'2020-09-24 10:44:20','SCHED0001'),(583,289,'2020-09-24 10:44:20','SCHED0001'),(584,295,'2020-09-24 10:44:20','SCHED0001'),(585,293,'2020-09-24 10:44:20','SCHED0001'),(586,283,'2020-09-24 10:44:20','SCHED0001'),(587,290,'2020-09-24 10:44:20','SCHED0001'),(588,280,'2020-09-24 10:44:20','SCHED0001'),(589,288,'2020-09-24 10:44:20','SCHED0001'),(590,261,'2020-09-24 10:44:20','SCHED0001'),(591,282,'2020-09-24 10:44:20','SCHED0001'),(592,278,'2020-09-24 10:44:20','SCHED0001'),(593,253,'2020-09-24 10:44:20','SCHED0001'),(594,258,'2020-09-24 10:44:20','SCHED0001'),(595,215,'2020-09-24 10:44:20','SCHED0001'),(596,268,'2020-09-24 10:44:20','SCHED0001'),(597,269,'2020-09-24 10:44:20','SCHED0001'),(598,271,'2020-09-24 10:44:20','SCHED0001'),(599,257,'2020-09-24 10:44:20','SCHED0001'),(600,235,'2020-09-24 10:44:20','SCHED0001'),(601,233,'2020-09-24 10:44:20','SCHED0001'),(602,222,'2020-09-24 10:44:20','SCHED0001'),(603,279,'2020-09-24 10:44:20','SCHED0001'),(604,218,'2020-09-24 10:44:20','SCHED0001'),(605,217,'2020-09-24 10:44:20','SCHED0001'),(606,249,'2020-09-24 10:44:20','SCHED0001'),(607,251,'2020-09-24 10:44:20','SCHED0001'),(608,252,'2020-09-24 10:44:20','SCHED0001'),(609,230,'2020-09-24 10:44:20','SCHED0001'),(610,227,'2020-09-24 10:44:20','SCHED0001'),(611,234,'2020-09-24 10:44:20','SCHED0001'),(612,239,'2020-09-24 10:44:20','SCHED0001'),(613,237,'2020-09-24 10:44:20','SCHED0001'),(614,206,'2020-09-24 10:44:20','SCHED0001'),(615,214,'2020-09-24 10:44:20','SCHED0001'),(616,201,'2020-09-24 10:44:20','SCHED0001'),(617,213,'2020-09-24 10:44:20','SCHED0001'),(618,199,'2020-09-24 10:44:20','SCHED0001'),(619,182,'2020-09-24 10:44:20','SCHED0001'),(620,190,'2020-09-24 10:44:20','SCHED0001'),(621,141,'2020-09-24 10:44:20','SCHED0001'),(622,130,'2020-09-24 10:44:20','SCHED0001'),(623,114,'2020-09-24 10:44:20','SCHED0001'),(624,146,'2020-09-24 10:44:20','SCHED0001'),(625,91,'2020-09-24 10:44:20','SCHED0001'),(626,102,'2020-09-24 10:44:20','SCHED0001'),(627,94,'2020-09-24 10:44:20','SCHED0001'),(628,116,'2020-09-24 10:44:20','SCHED0001'),(629,136,'2020-09-24 10:44:20','SCHED0001'),(630,149,'2020-09-24 10:44:20','SCHED0001'),(631,90,'2020-09-24 10:44:20','SCHED0001'),(632,83,'2020-09-24 10:44:20','SCHED0001'),(633,103,'2020-09-24 10:44:20','SCHED0001'),(634,101,'2020-09-24 10:44:20','SCHED0001'),(635,93,'2020-09-24 10:44:20','SCHED0001'),(636,170,'2020-09-24 10:44:20','SCHED0001'),(637,151,'2020-09-24 10:44:20','SCHED0001'),(638,172,'2020-09-24 10:44:20','SCHED0001'),(639,163,'2020-09-24 10:44:20','SCHED0001'),(640,142,'2020-09-24 10:44:20','SCHED0001'),(641,127,'2020-09-24 10:44:20','SCHED0001'),(642,292,'2020-09-24 10:44:20','SCHED0001'),(643,171,'2020-09-24 10:44:20','SCHED0001'),(644,138,'2020-09-24 10:44:20','SCHED0001'),(645,121,'2020-09-24 10:44:20','SCHED0001'),(646,153,'2020-09-24 10:44:20','SCHED0001'),(647,119,'2020-09-24 10:44:20','SCHED0001'),(648,155,'2020-09-24 10:44:20','SCHED0001'),(649,113,'2020-09-24 10:44:20','SCHED0001'),(650,129,'2020-09-24 10:44:20','SCHED0001'),(651,156,'2020-09-24 10:44:20','SCHED0001'),(652,158,'2020-09-24 10:44:20','SCHED0001'),(653,125,'2020-09-24 10:44:20','SCHED0001'),(654,118,'2020-09-24 10:44:20','SCHED0001'),(655,126,'2020-09-24 10:44:20','SCHED0001'),(656,100,'2020-09-24 10:44:20','SCHED0001'),(657,122,'2020-09-24 10:44:20','SCHED0001'),(658,99,'2020-09-24 10:44:20','SCHED0001'),(659,98,'2020-09-24 10:44:20','SCHED0001'),(660,147,'2020-09-24 10:44:20','SCHED0001'),(661,22,'2020-09-24 10:44:20','SCHED0001'),(662,32,'2020-09-24 10:44:20','SCHED0001'),(663,33,'2020-09-24 10:44:20','SCHED0001'),(664,28,'2020-09-24 10:44:20','SCHED0001'),(665,30,'2020-09-24 10:44:20','SCHED0001'),(666,4,'2020-09-24 10:44:20','SCHED0001'),(667,78,'2020-09-24 10:44:20','SCHED0001'),(668,12,'2020-09-24 10:44:20','SCHED0001'),(669,73,'2020-09-24 10:44:20','SCHED0001'),(670,76,'2020-09-24 10:44:20','SCHED0001'),(671,70,'2020-09-24 10:44:20','SCHED0001'),(672,66,'2020-09-24 10:44:20','SCHED0001'),(673,77,'2020-09-24 10:44:20','SCHED0001'),(674,45,'2020-09-24 10:44:20','SCHED0001'),(675,52,'2020-09-24 10:44:20','SCHED0001'),(676,3,'2020-09-24 10:44:20','SCHED0001'),(677,29,'2020-09-24 10:44:20','SCHED0001'),(678,20,'2020-09-24 10:44:20','SCHED0001'),(679,23,'2020-09-24 10:44:20','SCHED0001'),(680,24,'2020-09-24 10:44:20','SCHED0001'),(681,68,'2020-09-24 10:44:20','SCHED0001'),(682,65,'2020-09-24 10:44:20','SCHED0001'),(683,75,'2020-09-24 10:44:20','SCHED0001'),(684,62,'2020-09-24 10:44:20','SCHED0001'),(685,1,'2020-09-24 10:44:20','SCHED0001'),(698,62,'2020-09-25 11:13:55','SCHED0002'),(702,205,'2020-09-25 15:06:03','SCHED0001'),(703,309,'2020-09-30 11:06:33','SCHED0001'),(704,309,'2020-09-30 11:06:42','SCHED0002'),(705,309,'2020-09-30 11:06:59','SCHED0001');

ALTER TABLE `tbl_employee_sched` ENABLE KEYS;
UNLOCK TABLES;
COMMIT;

--
-- Data for table: tbl_employee_status
--
LOCK TABLES `tbl_employee_status` WRITE;
ALTER TABLE `tbl_employee_status` DISABLE KEYS;

INSERT INTO `tbl_employee_status` (`no`,`employee_id`,`date_added`,`privilege`,`department_id`,`campus_id`,`active_status`,`date_start`,`date_end`,`position_id`,`etype_id`) VALUES (1,'309','2020-08-11 14:49:38',1,'1',4,0,'2018-07-04','2019-03-29',15,6),(3,'205','2020-08-22 01:01:01',1,'1',4,0,'0000-00-00','2020-09-25',158,7),(4,'378','2020-09-03 12:17:37',0,'1',4,1,'0000-00-00',NULL,NULL,NULL),(5,'377','2020-09-03 12:18:04',0,'1',4,1,'0000-00-00',NULL,NULL,NULL),(6,'349','2020-09-03 12:18:09',0,'1',4,1,'0000-00-00',NULL,20,2),(7,'348','2020-09-03 12:18:12',0,'1',4,1,'0000-00-00',NULL,45,7),(8,'347','2020-09-03 12:18:14',0,'1',4,1,'0000-00-00',NULL,12,1),(9,'346','2020-09-03 12:18:16',0,'1',4,1,'0000-00-00',NULL,19,1),(10,'345','2020-09-03 12:18:17',0,'1',4,1,'0000-00-00',NULL,1,5),(11,'344','2020-09-03 12:18:18',0,'1',4,1,'0000-00-00',NULL,NULL,5),(12,'336','2020-09-03 12:18:20',0,'1',4,1,'0000-00-00',NULL,28,7),(13,'335','2020-09-03 12:18:23',0,'1',4,1,'0000-00-00',NULL,NULL,0),(14,'332','2020-09-03 12:18:24',0,'1',4,1,'0000-00-00',NULL,NULL,0),(15,'333','2020-09-03 12:18:27',0,'1',4,1,'0000-00-00',NULL,NULL,0),(16,'331','2020-09-03 12:18:29',0,'1',4,1,'0000-00-00',NULL,NULL,0),(17,'329','2020-09-03 12:18:30',0,'1',4,1,'0000-00-00',NULL,NULL,5),(18,'323','2020-09-03 12:18:32',0,'1',4,1,'0000-00-00',NULL,NULL,6),(19,'322','2020-09-03 12:18:31',0,'1',4,1,'0000-00-00',NULL,NULL,6),(20,'321','2020-09-03 12:18:34',0,'1',4,1,'0000-00-00',NULL,NULL,0),(21,'319','2020-09-03 12:18:36',0,'1',4,1,'0000-00-00',NULL,NULL,0),(22,'318','2020-09-03 12:18:38',0,'1',4,1,'0000-00-00',NULL,NULL,0),(23,'320','2020-09-03 12:18:39',0,'1',4,1,'0000-00-00',NULL,NULL,0),(24,'314','2020-09-03 12:18:42',0,'1',4,1,'0000-00-00',NULL,NULL,0),(25,'316','2020-09-03 12:18:40',0,'1',4,1,'0000-00-00',NULL,NULL,0),(26,'315','2020-09-03 12:18:44',0,'1',4,1,'0000-00-00',NULL,NULL,0),(27,'317','2020-09-03 12:18:48',0,'1',4,1,'0000-00-00',NULL,NULL,5),(28,'313','2020-09-03 12:18:46',0,'1',4,1,'0000-00-00',NULL,NULL,0),(29,'312','2020-09-03 12:18:51',0,'1',4,1,'0000-00-00',NULL,NULL,0),(30,'311','2020-09-03 12:18:52',0,'1',4,1,'0000-00-00',NULL,NULL,0),(31,'302','2020-09-03 12:18:54',0,'1',4,1,'0000-00-00',NULL,NULL,0),(32,'305','2020-09-03 12:18:56',0,'1',4,1,'0000-00-00',NULL,NULL,5),(33,'300','2020-09-03 12:19:58',0,'1',4,1,'0000-00-00',NULL,NULL,5),(34,'303','2020-09-03 12:20:00',0,'1',4,1,'0000-00-00',NULL,NULL,0),(35,'301','2020-09-03 12:20:01',0,'1',4,1,'0000-00-00',NULL,NULL,0),(36,'294','2020-09-03 12:20:02',0,'1',4,1,'0000-00-00',NULL,NULL,0),(37,'291','2020-09-03 12:20:03',0,'1',4,1,'0000-00-00',NULL,NULL,0),(38,'284','2020-09-03 12:20:05',0,'1',4,1,'0000-00-00',NULL,NULL,0),(39,'285','2020-09-03 12:20:07',0,'1',4,1,'0000-00-00',NULL,NULL,0),(40,'286','2020-09-03 12:20:09',0,'1',4,1,'0000-00-00',NULL,NULL,0),(41,'287','2020-09-03 12:20:10',0,'1',4,1,'0000-00-00',NULL,NULL,0),(42,'281','2020-09-03 12:20:13',0,'1',4,1,'0000-00-00',NULL,NULL,0),(43,'277','2020-09-03 12:20:13',0,'1',4,1,'0000-00-00',NULL,NULL,0),(44,'276','2020-09-03 12:20:14',0,'1',4,1,'0000-00-00',NULL,NULL,0),(45,'275','2020-09-03 12:20:19',0,'1',4,1,'0000-00-00',NULL,NULL,0),(46,'274','2020-09-03 12:20:20',0,'1',4,1,'0000-00-00',NULL,NULL,0),(47,'272','2020-09-03 12:20:25',0,'1',4,1,'0000-00-00',NULL,NULL,0),(48,'273','2020-09-03 12:20:28',0,'1',4,1,'0000-00-00',NULL,NULL,0),(49,'266','2020-09-03 12:22:03',0,'1',4,1,'0000-00-00',NULL,NULL,0),(50,'267','2020-09-03 12:22:03',0,'1',4,1,'0000-00-00',NULL,NULL,0),(51,'270','2020-09-03 12:22:03',0,'1',4,1,'0000-00-00',NULL,NULL,0),(52,'265','2020-09-03 12:22:03',0,'1',4,1,'0000-00-00',NULL,NULL,0),(53,'264','2020-09-03 12:22:03',0,'1',4,1,'0000-00-00',NULL,NULL,0),(54,'262','2020-09-03 12:22:03',0,'1',4,1,'0000-00-00',NULL,NULL,0),(55,'260','2020-09-03 12:22:03',0,'1',4,1,'0000-00-00',NULL,NULL,0),(56,'72','2020-09-03 12:22:03',0,'1',4,1,'0000-00-00',NULL,NULL,0),(57,'255','2020-09-03 12:22:03',0,'1',4,1,'0000-00-00',NULL,NULL,0),(58,'254','2020-09-03 12:22:03',0,'1',4,1,'0000-00-00',NULL,NULL,0),(59,'256','2020-09-03 12:22:03',0,'1',4,1,'0000-00-00',NULL,NULL,0),(60,'248','2020-09-03 12:22:03',0,'1',4,1,'0000-00-00',NULL,NULL,0),(61,'250','2020-09-03 12:22:03',0,'1',4,1,'0000-00-00',NULL,NULL,0),(62,'247','2020-09-03 12:22:03',0,'1',4,1,'0000-00-00',NULL,NULL,0),(63,'246','2020-09-03 12:22:03',0,'1',4,1,'0000-00-00',NULL,NULL,0),(64,'245','2020-09-03 12:22:03',0,'1',4,1,'0000-00-00',NULL,7,1),(65,'244','2020-09-03 12:22:03',0,'1',4,1,'0000-00-00',NULL,NULL,0),(66,'240','2020-09-03 12:22:03',0,'1',4,1,'0000-00-00',NULL,NULL,0),(67,'243','2020-09-03 12:22:03',0,'1',4,1,'0000-00-00',NULL,NULL,0),(68,'242','2020-09-03 12:22:03',0,'1',4,1,'0000-00-00',NULL,NULL,0),(69,'241','2020-09-03 12:22:03',0,'1',4,1,'0000-00-00',NULL,NULL,0),(70,'238','2020-09-03 12:22:03',0,'1',4,1,'0000-00-00',NULL,NULL,0),(71,'97','2020-09-03 12:22:03',0,'1',4,1,'0000-00-00',NULL,NULL,0),(72,'236','2020-09-03 12:22:03',0,'1',4,1,'0000-00-00',NULL,NULL,0),(73,'231','2020-09-03 12:22:03',0,'1',4,1,'0000-00-00',NULL,NULL,0),(74,'232','2020-09-03 12:22:03',0,'1',4,1,'0000-00-00',NULL,NULL,0),(75,'228','2020-09-03 12:22:03',0,'1',4,1,'0000-00-00',NULL,NULL,0),(76,'229','2020-09-03 12:22:03',0,'1',4,0,'0000-00-00','2020-09-24',157,0),(77,'226','2020-09-03 12:22:03',0,'1',4,1,'0000-00-00',NULL,NULL,0),(78,'225','2020-09-03 12:22:03',0,'1',4,1,'0000-00-00',NULL,NULL,0),(79,'223','2020-09-03 12:22:03',0,'1',4,1,'0000-00-00',NULL,NULL,0),(80,'224','2020-09-03 12:22:03',0,'1',4,1,'0000-00-00',NULL,NULL,0),(81,'221','2020-09-03 12:22:03',0,'1',4,1,'0000-00-00',NULL,NULL,0),(82,'220','2020-09-03 12:22:03',0,'1',4,1,'0000-00-00',NULL,NULL,0),(83,'219','2020-09-03 12:22:03',0,'1',4,1,'0000-00-00',NULL,NULL,6),(84,'211','2020-09-03 12:22:03',0,'1',4,1,'0000-00-00',NULL,NULL,0),(85,'216','2020-09-03 12:22:03',0,'1',4,1,'0000-00-00',NULL,NULL,0),(86,'204','2020-09-03 12:22:03',0,'1',4,1,'0000-00-00',NULL,NULL,0),(87,'208','2020-09-03 12:22:03',0,'1',4,1,'0000-00-00',NULL,NULL,0),(88,'209','2020-09-03 12:22:03',0,'1',4,1,'0000-00-00',NULL,NULL,0),(89,'202','2020-09-03 12:22:03',0,'1',4,1,'0000-00-00',NULL,NULL,0),(90,'207','2020-09-03 12:22:03',0,'1',4,1,'0000-00-00',NULL,NULL,0),(91,'203','2020-09-03 12:22:03',0,'1',4,1,'0000-00-00',NULL,NULL,0),(92,'210','2020-09-03 12:22:03',0,'1',4,1,'0000-00-00',NULL,NULL,0),(93,'200','2020-09-03 12:22:03',0,'1',4,1,'0000-00-00',NULL,NULL,0),(94,'212','2020-09-03 12:22:03',0,'1',4,1,'0000-00-00',NULL,NULL,0),(95,'69','2020-09-03 12:22:03',0,'1',4,1,'0000-00-00',NULL,NULL,0),(96,'197','2020-09-03 12:22:03',0,'1',4,1,'0000-00-00',NULL,NULL,0),(97,'198','2020-09-03 12:22:03',0,'1',4,1,'0000-00-00',NULL,NULL,0),(98,'196','2020-09-03 12:22:03',0,'1',4,1,'0000-00-00',NULL,NULL,0),(99,'195','2020-09-03 12:22:03',0,'1',4,1,'0000-00-00',NULL,NULL,0),(100,'5','2020-09-03 12:22:03',0,'1',4,1,'0000-00-00',NULL,NULL,0),(101,'193','2020-09-03 12:22:03',0,'1',4,1,'0000-00-00',NULL,NULL,0),(102,'192','2020-09-03 12:22:03',0,'1',4,1,'0000-00-00',NULL,NULL,0),(103,'183','2020-09-03 12:22:03',0,'1',4,1,'0000-00-00',NULL,NULL,0),(104,'191','2020-09-03 12:22:03',0,'1',4,1,'0000-00-00',NULL,NULL,0),(105,'189','2020-09-03 12:22:03',0,'1',4,1,'0000-00-00',NULL,NULL,0),(106,'194','2020-09-03 12:22:03',0,'1',4,1,'0000-00-00',NULL,NULL,0),(107,'186','2020-09-03 12:22:03',0,'1',4,1,'0000-00-00',NULL,NULL,0),(108,'188','2020-09-03 12:22:03',0,'1',4,1,'0000-00-00',NULL,NULL,0),(109,'139','2020-09-03 12:22:03',0,'1',4,1,'0000-00-00',NULL,NULL,0),(110,'185','2020-09-03 12:22:03',0,'1',4,1,'0000-00-00',NULL,NULL,0),(111,'181','2020-09-03 12:22:03',0,'1',4,1,'0000-00-00',NULL,NULL,0),(112,'180','2020-09-03 12:22:03',0,'1',4,1,'0000-00-00',NULL,NULL,0),(113,'168','2020-09-03 12:22:03',0,'1',4,1,'0000-00-00',NULL,NULL,0),(114,'179','2020-09-03 12:22:03',0,'1',4,1,'0000-00-00',NULL,NULL,0),(115,'177','2020-09-03 12:22:03',0,'1',4,1,'0000-00-00',NULL,NULL,0),(116,'178','2020-09-03 12:22:03',0,'1',4,1,'0000-00-00',NULL,NULL,0),(117,'176','2020-09-03 12:22:03',0,'1',4,1,'0000-00-00',NULL,NULL,0),(118,'174','2020-09-03 12:22:03',0,'1',4,1,'0000-00-00',NULL,NULL,0),(119,'173','2020-09-03 12:22:03',0,'1',4,1,'0000-00-00',NULL,NULL,0),(120,'167','2020-09-03 12:22:03',0,'1',4,1,'0000-00-00',NULL,NULL,0),(121,'187','2020-09-03 12:22:03',0,'1',4,1,'0000-00-00',NULL,NULL,0),(122,'166','2020-09-03 12:22:03',0,'1',4,1,'0000-00-00',NULL,NULL,0),(123,'164','2020-09-03 12:22:03',0,'1',4,1,'0000-00-00',NULL,NULL,0),(124,'162','2020-09-03 12:22:03',0,'1',4,1,'0000-00-00',NULL,NULL,0),(125,'161','2020-09-03 12:22:03',0,'1',4,1,'0000-00-00',NULL,NULL,0),(126,'160','2020-09-03 12:22:03',0,'1',4,1,'0000-00-00',NULL,NULL,0),(127,'159','2020-09-03 12:22:03',0,'1',4,1,'0000-00-00',NULL,NULL,0),(128,'157','2020-09-03 12:22:03',0,'1',4,1,'0000-00-00',NULL,NULL,0),(129,'154','2020-09-03 12:22:03',0,'1',4,1,'0000-00-00',NULL,NULL,0),(130,'152','2020-09-03 12:22:03',0,'1',4,1,'0000-00-00',NULL,NULL,0),(131,'150','2020-09-03 12:22:03',0,'1',4,1,'0000-00-00',NULL,NULL,0),(132,'148','2020-09-03 12:22:03',0,'1',4,1,'0000-00-00',NULL,NULL,0),(133,'145','2020-09-03 12:22:03',0,'1',4,1,'0000-00-00',NULL,NULL,0),(134,'144','2020-09-03 12:22:03',0,'1',4,1,'0000-00-00',NULL,NULL,0),(135,'143','2020-09-03 12:22:03',0,'1',4,1,'0000-00-00',NULL,NULL,0),(136,'140','2020-09-03 12:22:03',0,'1',4,1,'0000-00-00',NULL,NULL,0),(137,'137','2020-09-03 12:22:03',0,'1',4,1,'0000-00-00',NULL,NULL,0),(138,'135','2020-09-03 12:22:03',0,'1',4,1,'0000-00-00',NULL,NULL,0),(139,'134','2020-09-03 12:22:03',0,'1',4,1,'0000-00-00',NULL,NULL,0),(140,'133','2020-09-03 12:22:03',0,'1',4,1,'0000-00-00',NULL,NULL,0),(141,'132','2020-09-03 12:22:03',0,'1',4,1,'0000-00-00',NULL,NULL,0),(142,'131','2020-09-03 12:22:03',0,'1',4,1,'0000-00-00',NULL,NULL,0),(143,'117','2020-09-03 12:22:03',0,'1',4,1,'0000-00-00',NULL,NULL,0),(144,'165','2020-09-03 12:22:03',0,'1',4,1,'0000-00-00',NULL,NULL,0),(145,'108','2020-09-03 12:22:03',0,'1',4,1,'0000-00-00',NULL,NULL,0),(146,'82','2020-09-03 12:22:03',0,'1',4,1,'0000-00-00',NULL,NULL,0),(147,'88','2020-09-03 12:22:03',0,'1',4,1,'0000-00-00',NULL,NULL,0),(148,'86','2020-09-03 12:22:03',0,'1',4,1,'0000-00-00',NULL,NULL,0),(149,'95','2020-09-03 12:22:03',0,'1',4,1,'0000-00-00',NULL,NULL,0),(150,'96','2020-09-03 12:22:03',0,'1',4,1,'0000-00-00',NULL,NULL,0),(151,'85','2020-09-03 12:22:03',0,'1',4,1,'0000-00-00',NULL,NULL,0),(152,'92','2020-09-03 12:22:03',0,'1',4,1,'0000-00-00',NULL,NULL,0),(153,'104','2020-09-03 12:22:03',0,'1',4,1,'0000-00-00',NULL,NULL,0),(154,'89','2020-09-03 12:22:03',0,'1',4,1,'0000-00-00',NULL,NULL,0),(155,'55','2020-09-03 12:22:03',0,'1',4,1,'0000-00-00',NULL,NULL,0),(156,'115','2020-09-03 12:22:03',0,'1',4,1,'0000-00-00',NULL,NULL,0),(157,'87','2020-09-03 12:22:03',0,'1',4,1,'0000-00-00',NULL,NULL,0),(158,'43','2020-09-03 12:22:03',0,'1',4,1,'0000-00-00',NULL,NULL,0),(159,'124','2020-09-03 12:22:03',0,'1',4,1,'0000-00-00',NULL,NULL,0),(160,'44','2020-09-03 12:22:03',0,'1',4,1,'0000-00-00',NULL,NULL,0),(161,'74','2020-09-03 12:22:03',0,'1',4,1,'0000-00-00',NULL,NULL,0),(162,'42','2020-09-03 12:22:03',0,'1',4,1,'0000-00-00',NULL,NULL,0),(163,'48','2020-09-03 12:22:03',0,'1',4,1,'0000-00-00',NULL,NULL,0),(164,'110','2020-09-03 12:22:03',0,'1',4,1,'0000-00-00',NULL,NULL,0),(165,'123','2020-09-03 12:22:03',0,'1',4,1,'0000-00-00',NULL,NULL,0),(166,'128','2020-09-03 12:22:03',0,'1',4,1,'0000-00-00',NULL,NULL,0),(167,'106','2020-09-03 12:22:03',0,'1',4,1,'0000-00-00',NULL,NULL,0),(168,'109','2020-09-03 12:22:03',0,'1',4,1,'0000-00-00',NULL,NULL,0),(169,'107','2020-09-03 12:22:03',0,'1',4,1,'0000-00-00',NULL,NULL,0),(170,'84','2020-09-03 12:22:03',0,'1',4,1,'0000-00-00',NULL,NULL,0),(171,'71','2020-09-03 12:22:03',0,'1',4,1,'0000-00-00',NULL,NULL,0),(172,'53','2020-09-03 12:22:03',0,'1',4,1,'0000-00-00',NULL,NULL,0),(173,'54','2020-09-03 12:22:03',0,'1',4,1,'0000-00-00',NULL,NULL,0),(174,'35','2020-09-03 12:22:03',0,'1',4,1,'0000-00-00',NULL,NULL,0),(175,'112','2020-09-03 12:22:03',0,'1',4,1,'0000-00-00',NULL,NULL,0),(176,'111','2020-09-03 12:22:03',0,'1',4,1,'0000-00-00',NULL,NULL,0),(177,'26','2020-09-03 12:22:03',0,'1',4,1,'0000-00-00',NULL,NULL,0),(178,'120','2020-09-03 12:22:03',0,'1',4,1,'0000-00-00',NULL,NULL,0),(179,'27','2020-09-03 12:22:03',0,'1',4,1,'0000-00-00',NULL,NULL,0),(180,'350','2020-09-03 12:22:03',0,'1',4,1,'0000-00-00',NULL,NULL,2),(181,'19','2020-09-03 12:22:03',0,'1',4,1,'0000-00-00',NULL,NULL,0),(182,'47','2020-09-03 12:22:03',0,'1',4,1,'0000-00-00',NULL,9,1),(183,'25','2020-09-03 12:22:03',0,'1',4,1,'0000-00-00',NULL,92,2),(184,'59','2020-09-03 12:22:03',0,'1',4,1,'0000-00-00',NULL,4,1),(185,'60','2020-09-03 12:22:03',0,'1',4,1,'0000-00-00',NULL,4,1),(186,'61','2020-09-03 12:22:03',0,'1',4,1,'0000-00-00',NULL,103,2),(187,'39','2020-09-03 12:22:03',0,'1',4,1,'0000-00-00',NULL,7,1),(188,'57','2020-09-03 12:22:03',0,'1',4,1,'0000-00-00',NULL,12,1),(189,'63','2020-09-03 12:22:03',0,'1',4,1,'0000-00-00',NULL,6,1),(190,'38','2020-09-03 12:22:03',0,'1',4,1,'0000-00-00',NULL,4,1),(191,'17','2020-09-03 12:22:03',0,'1',4,1,'0000-00-00',NULL,23,2),(192,'31','2020-09-03 12:22:03',0,'1',4,1,'0000-00-00',NULL,21,2),(193,'40','2020-09-03 12:22:03',0,'1',4,1,'0000-00-00',NULL,4,1),(194,'51','2020-09-03 12:22:03',0,'1',4,1,'0000-00-00',NULL,6,1),(195,'2','2020-09-03 12:22:03',0,'1',4,1,'0000-00-00',NULL,28,2),(196,'46','2020-09-03 12:22:03',0,'1',4,1,'0000-00-00',NULL,2,1),(197,'36','2020-09-03 12:22:03',0,'1',4,1,'0000-00-00',NULL,4,1),(198,'21','2020-09-03 12:22:03',0,'1',4,1,'0000-00-00',NULL,92,2),(199,'9','2020-09-03 12:22:03',0,'1',4,1,'0000-00-00',NULL,12,1),(200,'13','2020-09-03 12:22:03',0,'1',4,1,'0000-00-00',NULL,10,1),(201,'67','2020-09-03 12:22:03',0,'1',4,1,'0000-00-00',NULL,5,1),(202,'64','2020-09-03 12:22:03',0,'1',4,1,'0000-00-00',NULL,3,1),(203,'79','2020-09-03 12:22:03',0,'1',4,1,'0000-00-00',NULL,6,1),(204,'16','2020-09-03 12:22:03',0,'1',4,1,'0000-00-00',NULL,6,1),(205,'11','2020-09-03 12:22:03',0,'1',4,1,'0000-00-00',NULL,7,1),(206,'14','2020-09-03 12:22:03',0,'1',4,1,'0000-00-00',NULL,12,1),(207,'37','2020-09-03 12:22:03',0,'1',4,1,'0000-00-00',NULL,7,1),(208,'8','2020-09-03 12:22:03',0,'1',4,1,'0000-00-00',NULL,10,1),(209,'18','2020-09-03 12:22:03',0,'1',4,1,'0000-00-00',NULL,92,2),(210,'80','2020-09-03 12:22:03',0,'1',4,1,'0000-00-00',NULL,2,1),(211,'41','2020-09-03 12:22:03',0,'1',4,1,'0000-00-00',NULL,6,1),(212,'105','2020-09-03 12:22:03',0,'1',4,1,'0000-00-00',NULL,5,1),(213,'81','2020-09-03 12:22:03',0,'1',4,1,'0000-00-00',NULL,38,2),(214,'6','2020-09-03 12:22:03',0,'1',4,1,'0000-00-00',NULL,17,1),(215,'50','2020-09-03 12:22:03',0,'1',4,1,'0000-00-00',NULL,7,1),(216,'58','2020-09-03 12:22:03',0,'1',4,1,'0000-00-00',NULL,7,1),(217,'56','2020-09-03 12:22:03',0,'1',4,1,'0000-00-00',NULL,7,1),(218,'34','2020-09-03 12:22:03',0,'1',4,1,'0000-00-00',NULL,7,1),(219,'7','2020-09-03 12:22:03',0,'1',4,1,'0000-00-00',NULL,7,1),(220,'10','2020-09-03 12:22:03',0,'1',4,1,'0000-00-00',NULL,6,1),(221,'49','2020-09-03 12:22:03',0,'1',4,1,'0000-00-00',NULL,40,2),(222,'330','2020-09-03 12:22:03',0,'1',4,1,'0000-00-00',NULL,NULL,6),(223,'263','2020-09-03 12:22:03',0,'1',4,1,'0000-00-00',NULL,NULL,6),(224,'310','2020-09-03 12:22:03',0,'1',4,1,'0000-00-00',NULL,NULL,6),(225,'327','2020-09-03 12:22:03',0,'1',4,1,'0000-00-00',NULL,NULL,5),(226,'328','2020-09-03 12:22:03',0,'1',4,1,'0000-00-00',NULL,NULL,5),(227,'324','2020-09-03 12:22:03',0,'1',4,1,'0000-00-00',NULL,1,4),(228,'325','2020-09-03 12:22:03',0,'1',4,1,'0000-00-00',NULL,1,1),(229,'326','2020-09-03 12:22:03',0,'1',4,1,'0000-00-00',NULL,NULL,6),(230,'259','2020-09-03 12:22:03',0,'1',4,1,'0000-00-00',NULL,NULL,6),(231,'308','2020-09-03 12:22:03',0,'1',4,1,'0000-00-00',NULL,NULL,5),(232,'296','2020-09-03 12:22:03',0,'1',4,1,'0000-00-00',NULL,NULL,5),(233,'299','2020-09-03 12:22:03',0,'1',4,1,'0000-00-00',NULL,NULL,6),(234,'298','2020-09-03 12:22:03',0,'1',4,1,'0000-00-00',NULL,NULL,5),(235,'307','2020-09-03 12:22:03',0,'1',4,1,'0000-00-00',NULL,NULL,5),(236,'297','2020-09-03 12:22:03',0,'1',4,1,'0000-00-00',NULL,NULL,5),(237,'304','2020-09-03 12:22:03',0,'1',4,1,'0000-00-00',NULL,NULL,5),(238,'306','2020-09-03 12:22:03',0,'1',4,1,'0000-00-00',NULL,NULL,5),(239,'289','2020-09-03 12:22:03',0,'1',4,1,'0000-00-00',NULL,44,2),(240,'295','2020-09-03 12:22:03',0,'1',4,1,'0000-00-00',NULL,NULL,6),(241,'293','2020-09-03 12:22:03',0,'1',4,1,'0000-00-00',NULL,NULL,6),(242,'283','2020-09-03 12:22:03',0,'1',4,1,'0000-00-00',NULL,NULL,0),(243,'290','2020-09-03 12:22:03',0,'1',4,1,'0000-00-00',NULL,1,4),(244,'280','2020-09-03 12:22:03',0,'1',4,1,'0000-00-00',NULL,NULL,6),(245,'288','2020-09-03 12:22:03',0,'1',4,1,'0000-00-00',NULL,NULL,5),(246,'261','2020-09-03 12:22:03',0,'1',4,1,'0000-00-00',NULL,NULL,5),(247,'282','2020-09-03 12:22:03',0,'1',4,1,'0000-00-00',NULL,1,1),(248,'278','2020-09-03 12:22:03',0,'1',4,1,'0000-00-00',NULL,NULL,6),(249,'253','2020-09-03 12:22:03',0,'1',4,1,'0000-00-00',NULL,NULL,5),(250,'258','2020-09-03 12:22:03',0,'1',4,1,'0000-00-00',NULL,NULL,6),(251,'215','2020-09-03 12:22:03',0,'1',4,1,'0000-00-00',NULL,NULL,6),(252,'268','2020-09-03 12:22:03',0,'1',4,1,'0000-00-00',NULL,NULL,5),(253,'269','2020-09-03 12:22:03',0,'1',4,1,'0000-00-00',NULL,NULL,0),(254,'271','2020-09-03 12:22:03',0,'1',4,1,'0000-00-00',NULL,1,4),(255,'257','2020-09-03 12:22:03',0,'1',4,1,'0000-00-00',NULL,NULL,6),(256,'235','2020-09-03 12:22:03',0,'1',4,1,'0000-00-00',NULL,1,4),(257,'233','2020-09-03 12:22:03',0,'1',4,1,'0000-00-00',NULL,NULL,5),(258,'222','2020-09-03 12:22:03',0,'1',4,1,'0000-00-00',NULL,NULL,6),(259,'279','2020-09-03 12:22:03',0,'1',4,1,'0000-00-00',NULL,NULL,0),(260,'218','2020-09-03 12:22:03',0,'1',4,1,'0000-00-00',NULL,NULL,5),(261,'217','2020-09-03 12:22:03',0,'1',4,1,'0000-00-00',NULL,NULL,6),(262,'249','2020-09-03 12:22:03',0,'1',4,1,'0000-00-00',NULL,NULL,5),(263,'251','2020-09-03 12:22:03',0,'1',4,1,'0000-00-00',NULL,1,4),(264,'252','2020-09-03 12:22:03',0,'1',4,1,'0000-00-00',NULL,1,4),(265,'230','2020-09-03 12:22:03',0,'1',4,1,'0000-00-00',NULL,1,4),(266,'227','2020-09-03 12:22:03',0,'1',4,1,'0000-00-00',NULL,NULL,5),(267,'234','2020-09-03 12:22:03',0,'1',4,1,'0000-00-00',NULL,1,1),(268,'239','2020-09-03 12:22:03',0,'1',4,1,'0000-00-00',NULL,NULL,6),(269,'237','2020-09-03 12:22:03',0,'1',4,1,'0000-00-00',NULL,NULL,5),(270,'206','2020-09-03 12:22:03',0,'1',4,1,'0000-00-00',NULL,NULL,5),(271,'214','2020-09-03 12:22:03',0,'1',4,1,'0000-00-00',NULL,NULL,0),(272,'201','2020-09-03 12:22:03',0,'1',4,1,'0000-00-00',NULL,1,4),(273,'213','2020-09-03 12:22:03',0,'1',4,1,'0000-00-00',NULL,NULL,6),(274,'199','2020-09-03 12:22:03',0,'1',4,1,'0000-00-00',NULL,1,1),(275,'182','2020-09-03 12:22:03',0,'1',4,1,'0000-00-00',NULL,NULL,0),(276,'190','2020-09-03 12:22:03',0,'1',4,1,'0000-00-00',NULL,NULL,0),(277,'141','2020-09-03 12:22:03',0,'1',4,1,'0000-00-00',NULL,1,4),(278,'130','2020-09-03 12:22:03',0,'1',4,1,'0000-00-00',NULL,NULL,5),(279,'114','2020-09-03 12:22:03',0,'1',4,1,'0000-00-00',NULL,NULL,5),(280,'146','2020-09-03 12:22:03',0,'1',4,1,'0000-00-00',NULL,1,1),(281,'91','2020-09-03 12:22:03',0,'1',4,1,'0000-00-00',NULL,1,4),(282,'102','2020-09-03 12:22:03',0,'1',4,1,'0000-00-00',NULL,1,1),(283,'94','2020-09-03 12:22:03',0,'1',4,1,'2017-10-02',NULL,1,4),(284,'116','2020-09-03 12:22:03',0,'1',4,1,'0000-00-00',NULL,1,4),(285,'136','2020-09-03 12:22:03',0,'1',4,1,'0000-00-00',NULL,1,4),(286,'149','2020-09-03 12:22:03',0,'1',4,1,'0000-00-00',NULL,NULL,5),(287,'90','2020-09-03 12:22:03',0,'1',4,1,'0000-00-00',NULL,1,4),(288,'83','2020-09-03 12:22:03',0,'1',4,1,'0000-00-00',NULL,NULL,5),(289,'103','2020-09-03 12:22:03',0,'1',4,1,'0000-00-00',NULL,NULL,5),(290,'101','2020-09-03 12:22:03',0,'1',4,1,'0000-00-00',NULL,1,1),(291,'93','2020-09-03 12:22:03',0,'1',4,1,'0000-00-00',NULL,1,1),(292,'170','2020-09-03 12:22:03',0,'1',4,1,'0000-00-00',NULL,NULL,6),(293,'151','2020-09-03 12:22:03',0,'1',4,1,'0000-00-00',NULL,NULL,0),(294,'172','2020-09-03 12:22:03',0,'1',4,1,'0000-00-00',NULL,NULL,6),(295,'163','2020-09-03 12:22:03',0,'1',4,1,'0000-00-00',NULL,1,4),(296,'142','2020-09-03 12:22:03',0,'1',4,1,'0000-00-00',NULL,22,3),(297,'127','2020-09-03 12:22:03',0,'1',4,1,'0000-00-00',NULL,22,3),(298,'292','2020-09-03 12:22:03',0,'1',4,1,'0000-00-00',NULL,NULL,6),(299,'171','2020-09-03 12:22:03',0,'1',4,1,'0000-00-00',NULL,NULL,6),(300,'138','2020-09-03 12:22:03',0,'1',4,1,'0000-00-00',NULL,NULL,6),(301,'121','2020-09-03 12:22:03',0,'1',4,1,'0000-00-00',NULL,22,2),(302,'153','2020-09-03 12:22:03',0,'1',4,1,'0000-00-00',NULL,NULL,6),(303,'119','2020-09-03 12:22:03',0,'1',4,1,'0000-00-00',NULL,NULL,6),(304,'155','2020-09-03 12:22:03',0,'1',4,1,'0000-00-00',NULL,20,3),(305,'113','2020-09-03 12:22:03',0,'1',4,1,'0000-00-00',NULL,22,3),(306,'129','2020-09-03 12:22:03',0,'1',4,1,'0000-00-00',NULL,NULL,6),(307,'156','2020-09-03 12:22:03',0,'1',4,1,'0000-00-00',NULL,NULL,0),(308,'158','2020-09-03 12:22:03',0,'1',4,1,'0000-00-00',NULL,NULL,6),(309,'125','2020-09-03 12:22:03',0,'1',4,1,'0000-00-00',NULL,20,2),(310,'118','2020-09-03 12:22:03',0,'1',4,1,'0000-00-00',NULL,23,2),(311,'126','2020-09-03 12:22:03',0,'1',4,1,'0000-00-00',NULL,22,3),(312,'100','2020-09-03 12:22:03',0,'1',4,1,'0000-00-00',NULL,22,3),(313,'122','2020-09-03 12:22:03',0,'1',4,1,'0000-00-00',NULL,20,3),(314,'99','2020-09-03 12:22:03',0,'1',4,1,'0000-00-00',NULL,20,3),(315,'98','2020-09-03 12:22:03',0,'1',4,1,'0000-00-00',NULL,NULL,0),(316,'147','2020-09-03 12:22:03',0,'1',4,1,'0000-00-00',NULL,3,1),(317,'22','2020-09-03 12:22:03',0,'1',4,1,'0000-00-00',NULL,92,2),(318,'32','2020-09-03 12:22:03',0,'1',4,1,'0000-00-00',NULL,20,2),(319,'33','2020-09-03 12:22:03',0,'1',4,1,'0000-00-00',NULL,54,2),(320,'28','2020-09-03 12:22:03',0,'1',4,1,'0000-00-00',NULL,24,2),(321,'30','2020-09-03 12:22:03',0,'1',4,1,'0000-00-00',NULL,24,2),(322,'4','2020-09-03 12:22:03',0,'1',4,1,'0000-00-00',NULL,21,2),(323,'78','2020-09-03 12:22:03',0,'1',4,1,'0000-00-00',NULL,1,1),(324,'12','2020-09-03 12:22:03',0,'1',4,1,'0000-00-00',NULL,3,1),(325,'73','2020-09-03 12:22:03',0,'1',4,1,'0000-00-00',NULL,8,1),(326,'76','2020-09-03 12:22:03',0,'1',4,1,'0000-00-00',NULL,4,1),(327,'70','2020-09-03 12:22:03',0,'1',4,1,'0000-00-00',NULL,NULL,0),(328,'66','2020-09-03 12:22:03',0,'1',4,1,'0000-00-00',NULL,2,1),(329,'77','2020-09-03 12:22:03',0,'1',4,1,'0000-00-00',NULL,1,1),(330,'45','2020-09-03 12:22:03',0,'1',4,1,'0000-00-00',NULL,4,1),(331,'52','2020-09-03 12:22:03',0,'1',4,1,'0000-00-00',NULL,5,1),(332,'3','2020-09-03 12:22:03',0,'1',4,1,'0000-00-00',NULL,25,2),(333,'29','2020-09-03 12:22:03',0,'1',4,1,'0000-00-00',NULL,23,2),(334,'20','2020-09-03 12:22:03',0,'1',4,1,'0000-00-00',NULL,38,2),(335,'23','2020-09-03 12:22:03',0,'1',4,1,'0000-00-00',NULL,1,1),(336,'24','2020-09-03 12:22:03',0,'1',4,1,'0000-00-00',NULL,66,2),(337,'68','2020-09-03 12:22:03',0,'1',4,1,'0000-00-00',NULL,4,1),(338,'65','2020-09-03 12:22:03',0,'1',4,1,'0000-00-00',NULL,4,1),(339,'75','2020-09-03 12:22:03',0,'1',4,1,'0000-00-00',NULL,6,1),(340,'62','2020-09-03 12:22:03',0,'1',4,1,'0000-00-00',NULL,5,1),(341,'1','2020-09-03 12:22:03',1,'2',4,1,'2017-09-23',NULL,22,2),(350,'418','2020-09-24 10:40:23',0,'4',4,0,'2018-04-04','2020-09-24',158,NULL),(353,'205','2020-09-25 15:44:17',1,'4',4,1,'2020-09-16',NULL,1,1),(357,'309','2020-09-30 09:35:10',1,'9',4,1,'2019-04-01',NULL,158,7);

ALTER TABLE `tbl_employee_status` ENABLE KEYS;
UNLOCK TABLES;
COMMIT;

--
-- Data for table: tbl_employee_training_seminar
--
LOCK TABLES `tbl_employee_training_seminar` WRITE;
ALTER TABLE `tbl_employee_training_seminar` DISABLE KEYS;

INSERT INTO `tbl_employee_training_seminar` (`no`,`employee_id`,`training_title`,`training_from`,`training_to`,`training_hours`,`training_type`,`training_sponsor`) VALUES (2,'309','DECODE: Data Management, Compliance and Cybersecurity','2019-11-18',NULL,8,'Technical','PLDT'),(3,'309','7th Bicol Youth Congress in Information Technology','2016-12-07','2016-12-09',24,'Technical','Camarines Sur Polytechnic Colleges - Nabua'),(4,'309','Social Interaction with HIV/AIDS and Family Planning','2020-01-01','2020-02-01',8,'N/A','LGU - Sipocot');

ALTER TABLE `tbl_employee_training_seminar` ENABLE KEYS;
UNLOCK TABLES;
COMMIT;

--
-- Data for table: tbl_employee_type
--
LOCK TABLES `tbl_employee_type` WRITE;
ALTER TABLE `tbl_employee_type` DISABLE KEYS;

INSERT INTO `tbl_employee_type` (`etype_id`,`etype_desc`,`isTeaching`,`jo`) VALUES (1,'Permanent | Teaching',1,0),(2,'Permanent | Non-Teaching',0,0),(3,'Casual',0,0),(4,'Temporary',1,0),(5,'COS | Teaching',1,1),(6,'COS | Non-Teaching',0,1),(7,'Project-based',0,1);

ALTER TABLE `tbl_employee_type` ENABLE KEYS;
UNLOCK TABLES;
COMMIT;

--
-- Data for table: tbl_employee_update_delete
--
LOCK TABLES `tbl_employee_update_delete` WRITE;
ALTER TABLE `tbl_employee_update_delete` DISABLE KEYS;

INSERT INTO `tbl_employee_update_delete` (`no`,`updated_action`,`updated_table`,`updated_old_data`,`updated_new_data`,`updated_employee_id`,`updated_admin_id`,`updated_date`) VALUES (183,1,'education','4052;1;Vocational;TESDA;;NC II;2020;2020-10-03;2020-10-06;Graduate;','',1,1,'2020-10-06'),(184,1,'education','4050;1;Secondary;SNHS;;;2016;2020-10-06;2020-10-09;Graduate;','',1,1,'2020-10-06'),(185,0,'tbl_employee','first_name=SONIA','first_name=SONIAS',1,1,'2020-10-06'),(186,0,'tbl_employee','first_name=SONIAS','first_name=SONIA',1,1,'2020-10-06'),(187,0,'tbl_employee',NULL,NULL,1,1,'2020-10-06'),(188,0,'tbl_employee',NULL,NULL,1,1,'2020-10-06'),(189,2,'tbl_employee_other_info','','other_skill=asd',1,1,'2020-10-06'),(190,0,'tbl_employee_other_info','other_skill=asd','other_skill=asdf',1,1,'2020-10-06'),(191,0,'tbl_employee_education','no=1611;school_name=Sipocot North Central School','no=1611;school_name=Sipocot North Central Schools',1,1,'2020-10-06'),(192,0,'tbl_employee_education','no=1611;school_name=Sipocot North Central Schools','no=1611;school_name=Sipocot North Central Schoolsx',1,1,'2020-10-06'),(193,0,'tbl_employee_education','no=1611;school_name=Sipocot North Central Schoolsx','no=1611;school_name=Sipocot North Central Schoolsxc',1,1,'2020-10-06'),(194,0,'tbl_employee_other_info','other_skill=asdf','other_skill=asdfz',1,1,'2020-10-06'),(195,2,'tbl_employee_other_info','','other_recognition=zxczx',1,1,'2020-10-06'),(196,2,'tbl_employee_other_info','','other_organization=gfhgfh',1,1,'2020-10-06'),(197,0,'tbl_employee_other_info','other_skill=asdfz','other_skill=asdfzx',1,1,'2020-10-06'),(198,1,'other-info','other_recognition;zxczx','',1,309,'2020-10-06'),(199,1,'other-info','other_organization;gfhgfh','',1,309,'2020-10-06'),(200,0,'tbl_employee_other_info','other_skill=asdfzx','other_skill=asdfzxc',1,1,'2020-10-06'),(201,0,'tbl_employee_other_info','other_skill=asdfzxc','other_skill=asdfzxcv',1,1,'2020-10-06'),(202,0,'tbl_employee_other_info','other_skill=asdfzxcv','other_skill=asdfzxcvv',1,1,'2020-10-06'),(203,0,'tbl_employee_other_info','other_skill=asdfzxcvv','other_skill=asdfzxcvvz',1,1,'2020-10-06'),(204,0,'tbl_employee_other_info','','',1,1,'2020-10-06'),(205,2,'tbl_employee_other_info','','other_skill=zxcxz',1,1,'2020-10-06'),(206,0,'tbl_employee_other_info','other_skill=asdfzxcvvz;zxcxz','other_skill=asdfzxcvvz',1,1,'2020-10-06'),(207,0,'tbl_employee_other_info','other_skill=asdfzxcvvz;zxcxzc','other_skill=asdfzxcvvz',1,1,'2020-10-06'),(208,0,'tbl_employee_other_info','other_skill=asdfzxcvvz;zxcxzc','other_skill=asdfzxcvvz',1,1,'2020-10-06'),(209,0,'tbl_employee_other_info','other_skill=asdfzxcvvz;zxcxzc','other_skill=asdfzxcvvz',1,1,'2020-10-06'),(210,0,'tbl_employee_other_info','other_skill=asdfzxcvvz;zxcxzc','other_skill=Array',1,1,'2020-10-06'),(211,0,'tbl_employee_other_info','','',1,1,'2020-10-06'),(212,0,'tbl_employee_other_info','other_skill=asdfzxcvvz;zxcxzcc','other_skill=asdfzxcvvz;zxcxzcccz',1,1,'2020-10-06');

ALTER TABLE `tbl_employee_update_delete` ENABLE KEYS;
UNLOCK TABLES;
COMMIT;

--
-- Data for table: tbl_employee_voluntary_work
--
LOCK TABLES `tbl_employee_voluntary_work` WRITE;
ALTER TABLE `tbl_employee_voluntary_work` DISABLE KEYS;

-- Table contains no data

ALTER TABLE `tbl_employee_voluntary_work` ENABLE KEYS;
UNLOCK TABLES;
COMMIT;

--
-- Data for table: tbl_event
--
LOCK TABLES `tbl_event` WRITE;
ALTER TABLE `tbl_event` DISABLE KEYS;

INSERT INTO `tbl_event` (`no`,`event_name`,`event_date`,`event_start`,`event_end`,`dtr_code_id`,`campus_id`) VALUES (1,'Brownout','2020-03-01','8:23AM','12:32PM',3,4),(2,'Brownout','2020-03-06','8:32AM','5:23PM',3,4),(3,'Brownout','2020-03-06','8:32AM','5:23PM',3,4),(4,'Brownout','2020-03-06','8:32AM','5:23PM',3,4),(5,'Christmas Day','2020-03-08','7:30AM','5:00PM',4,4),(6,'Brownout na naman','2020-03-08','12:00PM','5:52PM',3,4),(7,'Brownout na naman','2020-03-09','12:00PM','5:52PM',3,4),(8,'Holiday','2020-03-10','7:30AM','5:00PM',4,4),(9,'Valentines Day','2020-02-14','7:30AM','12:00PM',4,4),(10,'Brownout','2020-03-01','7:30AM','12:00PM',3,4),(11,'Brownout Sabado','2020-03-14','7:30AM','12:30PM',3,4),(12,'Brownout AM','2020-03-15','9:30AM','12:00PM',3,4),(13,'Brownout AM','2020-03-13','9:30AM','12:00PM',3,4),(14,'Brownout morning','2020-03-02','7:30AM','12:30PM',3,4),(15,'Brownout','2020-07-14','8:00AM','5:00PM',3,4),(16,'New year','2020-01-01','8:00AM','5:00PM',4,4);

ALTER TABLE `tbl_event` ENABLE KEYS;
UNLOCK TABLES;
COMMIT;

--
-- Data for table: tbl_fingerprint
--
LOCK TABLES `tbl_fingerprint` WRITE;
ALTER TABLE `tbl_fingerprint` DISABLE KEYS;

INSERT INTO `tbl_fingerprint` (`fprint_id`,`employee_id`,`xml`,`status`) VALUES (1,'336','<?xml version=\"1.0\" encoding=\"UTF-8\"?><Fid><Bytes>Rk1SACAyMAABTAAz/v8AAAD7AWIAxQDFAQAAAFYyQF8BAnhhQGkBPoZfQHsBJIddgM8A1lJYgBsAwXJYQIoAgLJXQGkApWVWQKgAfFpWQJAA3a5VQIcAMlpUQG4BIB9SQCIA2xdSQE8BP4NQQLwBLZtPQHsAFFpOQL8A609OQLwA3KpNQFoBSilNgCwAoGdMQHwA8nVLQEYAU2FKgHAAhAZKQKIBD2tJQF8AW2FJQKkAPFZGQBkArmtGQHYBCntGgK8BPpRGQN4AhE9FQG8AiltDQG4AsQtCQFsAfAJAQIoBAwI9QCIA/nk9gK0BGWo9gDwAmnE8QHQBEng8QOUAv087QGEAimc4QEUAhGc4QDMAlQs4QEMAoAs4QNABCEs3QD0Ad2M1AK8BJZY0AGcAigYzAF0AhAgzABUAtRYvAKUBKTUtAFAAk24pAAA=</Bytes><Format>1769473</Format><Version>1.0.0</Version></Fid>','1'),(2,'336','<?xml version=\"1.0\" encoding=\"UTF-8\"?><Fid><Bytes>Rk1SACAyMAAAtgAz/v8AAAD7AWIAxQDFAQAAAFYZQLQBDENhQFUBL31bgC4A2HFagGoBTB9ZQF8A62RWQJEBH0pVQHcBLWZVgDoBK3pUQJMAjlJUQJAAgKVTgLoAzEZTgGkASFhQgFUA/wJPQEIAtwVOQCwBNh1OgCwAlmdLQCkA7hdLQCgAjQZJQHwBPGdJQHQBRGpJQN4AqkRIgIEBVE01AIEBNWMvAOkA4qAtAHoANqwpAAA=</Bytes><Format>1769473</Format><Version>1.0.0</Version></Fid>','1'),(3,'219','<?xml version=\"1.0\" encoding=\"UTF-8\"?><Fid><Bytes>Rk1SACAyMAABHAAz/v8AAAD7AWIAxQDFAQAAAFYqQMgAfJ5YQMIA5YZYQE4AWXNYQKkAR6xWQGABFR5VQIoBKR1VQIQAaQdTQMcAjZhTQNsA4jRTQI4AaFtRQL8A9ilRQL4AXKRQgEUAjXhQQHEAfghPQGQAuxlPQFsAnhlOQMoAyIxMQKIBCHxMQIgAUwJMQLQA94BJQKEA0DNIQIYAXWhGQE8Ao3pGQIcAy4NGQHQAjQVFQEkAlRxFQNQBCH9FQIIArmxCQJgAtT8/QFsAtx4/QNkA1o8/QEoAqx48gFUAmno5QNIBDyA5gHsAyn84gHcAwno3AHsAo6c0ACIAiR4yACIAlBstAHoArw0tAIIAVWMsAH4AxIkqAAA=</Bytes><Format>1769473</Format><Version>1.0.0</Version></Fid>','1'),(4,'219','<?xml version=\"1.0\" encoding=\"UTF-8\"?><Fid><Bytes>Rk1SACAyMAAA/gAz/v8AAAD7AWIAxQDFAQAAAFYlQC8AeQxfQDQAq3BeQBsAU3FeQIQARlZcgKEAwjpcQGYAYaxcgEAAFWdZQB4AJRBZgFMAoaxZQCYAyxdYQHEA/odYgDUBDHxYQKMAjkRSQFsAOAJSQDoAx21RQJ0A5pFRQAwAYhhRQKgAqZJQQB8AsBdQgDUA3QhPQDIATg1NQH4BCohNQJsAQaNMQCYAcXFLgIYAq5RJQEUAxKlJQD0A8HVIQF0A9jJEQGQA4z1BQEoA7Ik/QC4A0hY+gDoA/IE5gEIA94E4AGkA+IwzAF0A6ZEyAEoA6I0vADgA83UuAAA=</Bytes><Format>1769473</Format><Version>1.0.0</Version></Fid>','1'),(5,'38','<?xml version=\"1.0\" encoding=\"UTF-8\"?><Fid><Bytes>Rk1SACAyMAABNAAz/v8AAAD7AWIAxQDFAQAAAFYugGQA9oFdQDQAmwtcQIEBD4dbQJcAh0ZaQJAAb0tagC0BP3ZYgEUA6IJYgGwBNoBTQCYAYw5TQK0ApzpSgCYAvxNSQJUBBIhSQKcAmpZOgEAAh2lOQDgBD3ZNgBUAzHNLQIcAd6BLQKIAqZBJQDMAXGZIQGkAtz9IQDMA9nhIQEUAx7NIQE4BUXtIgIoA/ohHQBEBDRxGQGcAO6xGQHcAVlRFQAwA2HJFQBwA2xdFQC8Aum1EQC8A1QdEgEUA8ilEgHAANKlDgDkAvAVDgG8AOlpCQFMAy0VBQA0AyhdAQIAAZqc/QCgBMXU/QFQA0U0+gFMAhwU6QCcA0RA5gDIAwRE2ADUA7HQzAJsBDTExAD8A3YMpAAA=</Bytes><Format>1769473</Format><Version>1.0.0</Version></Fid>','1'),(6,'138','<?xml version=\"1.0\" encoding=\"UTF-8\"?><Fid><Bytes>Rk1SACAyMAABNAAz/v8AAAD7AWIAxQDFAQAAAFYuQJ0A/ZJdQDIAfRtdQEMA8YJcgCwA3X5bQIgAuhtXQFkAu4JXQIgAfXFVQHAAroJVQHEAJgtUQC4AY3pSQJwAjmxSQFsAVXFRQHEBMDNRQEIAWxdQQHwAjg9QQHUBDI9QQK4BBpdPQJwBGpRPQGMBHo9PQEoBEItOQJYAJwROQIQApH1OQFYBIzFNQKUAsXVNgJ0A2BxNgKgA3JFKgIgAmApJgLEA1ZZIgKcAlllIgNQA45lHQIEAlnFEQBgAjyBEQIcBKJFDQCcAShtCgJgAuxdAQKcAv3s/QJsAxAA9QHwAnRg6QNAA6Zs6QIEBNjU2AJ0AggU0AFYBHo4xAI0BM5QxALwA8ZcwABYAwngtAJsBMzgtAAA=</Bytes><Format>1769473</Format><Version>1.0.0</Version></Fid>','1'),(7,'45','<?xml version=\"1.0\" encoding=\"UTF-8\"?><Fid><Bytes>Rk1SACAyMAABIgAz/v8AAAD7AWIAxQDFAQAAAFYrQHEBH4FgQHQAeWNbQCcAX2pZQMkAqVpYQG4AQFxXQK0Aj15XQFoArwpWQIIA4mxVgJUBM4xVQFMAR2RVQG8A0gtVQMQA+F9VQJ4A7mpTQEgAlA1SQJABE4FSQBYAfBFSQN8A1qlSQEYAbGxRgO8A5lJRgDUAm3FQQIQAUF5OQHsAgwROQDgAhG1NQM8BNqdNgN4A+KdMgMoBF2VLQFYBUIJLQDUAMl9KQAgAXWVKQGYAUgRJQNUA8FRJgKgBEndJQHsBLYVJgMMBSZZJQMQA7rBHQLcBPzdHQDgAY2xGgEgBRH1BgLIBKQhAQLoBSTY9QN8BRqQ5QNUBOaI3QNQBTJ83AAA=</Bytes><Format>1769473</Format><Version>1.0.0</Version></Fid>','1'),(8,'309','<?xml version=\"1.0\" encoding=\"UTF-8\"?><Fid><Bytes>Rk1SACAyMAAApAAz/v8AAAD7AWIAxQDFAQAAAFYWgIAAukhjgKMA+TpgQIAAvkheQG4AfKVdQFoAU1RcQKsAsEFcgDQBKYxZQH4ATKVZQFoAo1pZQJ4AwT5YQBgAdmRVgEAAt2pSgJgAp5lRgFsA0WBQgKcBP0RQgGQA81xQgBEBCoNPQFsAvqBMQIoA/T5KgAcAvBdIQF0BDJJCAF8BBJYxAAA=</Bytes><Format>1769473</Format><Version>1.0.0</Version></Fid>','1'),(9,'307','<?xml version=\"1.0\" encoding=\"UTF-8\"?><Fid><Bytes>Rk1SACAyMAAA+AAz/v8AAAD7AWIAxQDFAQAAAFYkQIEAaABgQMkAmE5fQJYAnqlcgIEAtq9cQKcA36BcQL8BF5RaQKMAu6VZQI4A3aBZQJgAtlpYQD0BNXJYQGoA2KxXQLoA20lXQBkBBnBVQFMBQHpTgHQBP4BSQIIAiLBRQC8AmgtRQKUBKY9OQJ0BDZRNgDMBHhBNQBIA+RZMQDwA/ApMQDgA/QZJQI4BLzNIQEgA5QVHQCwBCG5HQKIBGDhHQIoBFztHQIEBBppGQCkBMBNEgGoBCZRCQGkBE1g7QGMBGY06AIsBHZQ1AJsBL44wAFQBK3gvAAA=</Bytes><Format>1769473</Format><Version>1.0.0</Version></Fid>','1'),(10,'297','<?xml version=\"1.0\" encoding=\"UTF-8\"?><Fid><Bytes>Rk1SACAyMAAA1AAz/v8AAAD7AWIAxQDFAQAAAFYegIQBEHhjQFMA425ZQLwAlqJXQN4Am0RWQGQA1hFTQEkA3BZSgIgA0gJQQJ0AUGRPgJEAvgJPQNkAqZpPQIIAZ2VOQNUAtEdOQHoAXAlOQKIAcwBMQFsA3Q5MgEoA/nNKQIoAx2lGQKkAcwBGQIsBA3VCgLEAxFZCQN0A15RAQK0Au14+gIsA5Zo+QLgAwaM+gLYAypg+QNcAip48gG4BS3Q8AGcBSnMwAO8AsJsvAI0A7rMrAAA=</Bytes><Format>1769473</Format><Version>1.0.0</Version></Fid>','1'),(12,'349','<?xml version=\"1.0\" encoding=\"UTF-8\"?><Fid><Bytes>Rk1SACAyMAAA+AAz/v8AAAD7AWIAxQDFAQAAAFYkgHsA4UpggIAAwkheQKcAmJ1dQEAAzAhcgM4A1UFcgHYA/kFbgBYAdg1YQGYAXFpXgG8BDFJVQHUAmKJUgDgAV2NTQKUAXE1TgK4BEEZTQFQAGq9TgCwAOwRTQE4AJlxSQGEBA6NRQLwAr0RRgE0BEB9PQJUBGUZOQJsAJU1MgFYA0GlLgGoBQGFLgHwBMVJLgGAAxWNJQI4AMFBHQE8A6KlFQJsAFqlEQJEAHlREQFoAyKZAgJEBME8+gGYA6187QFUBCX05gF8BEmo3QHoAGlQ3ALgBME0zAAA=</Bytes><Format>1769473</Format><Version>1.0.0</Version></Fid>','1'),(13,'289','<?xml version=\"1.0\" encoding=\"UTF-8\"?><Fid><Bytes>Rk1SACAyMAABOgAz/v8AAAD7AWIAxQDFAQAAAFYvgEoAsYxkQGABKTxeQEAA0IxcQHAAmpRbQCwAq4JZgKsAlTdZgHUAHlpXgEgAfnxWgKgA5T9WgI0BEkdWQHsBAzhUQHwArzhTQJ0AWUlSgHEAjpJSQF8AQmdQgHUAU2BPQHUBGKVNgG8BGT5NQHoAMqlMQHUA85RLQGkBF6RJgLYAY5RIgKEAbpRGgF0AlotFQGoAUGVEQHQAbaJEQGQAj41DQDIAfBdAQJgAgkNAQJMARVI/gKcAaT8/gIcASFY+QHQAoZI+QLIA8kQ9QLQAQKI5gB4A0oQ2AI4APaA0AGoAgn8xACcAiXgwAGQASGcvAC0AgHUvAMMAwTctACEA4ictAD0ASAsqALIAKaMqAMQAupcqALgARaIpAAA=</Bytes><Format>1769473</Format><Version>1.0.0</Version></Fid>','1'),(14,'222','<?xml version=\"1.0\" encoding=\"UTF-8\"?><Fid><Bytes>Rk1SACAyMAABEAAz/v8AAAD7AWIAxQDFAQAAAFYogEkA439kQI0BEC9aQLQAlZZZQA4A1XpZQJEA6YlWQJcAqo9VQIIBA4NVQKMBEIdVgFMBPhlVQHAAZqJTQIoAgkZQQA4AvHRQQHAAkEhPgEMAjgVOgF8APa9MQLcAaZtMQB8AhxFLQGkAmphJgKcA3YxHQI0AXZ5GgD0ApAZEgHoBOSdEQFYBPxpEQK4BFYxDQD8AmHBCgJAAfJhBgGQAkFhBQGAAiF9AQBYAtBxAgEMAt6I/QB4Atxc/QE0A1n0/QBkAiXM9gI4BNig3AGwAjqUyACIAvnoyAMcAlZ0sAHABP3EqAAIA63gpAE4Ay4koAAA=</Bytes><Format>1769473</Format><Version>1.0.0</Version></Fid>','1'),(15,'345','<?xml version=\"1.0\" encoding=\"UTF-8\"?><Fid><Bytes>Rk1SACAyMAABTAAz/v8AAAD7AWIAxQDFAQAAAFYyQGMAO25hgGAAUHFaQEoAaRdUQMkAUqtTQEoA4idSQIAAV25QQFYAlhtQQH4AOAVPQHsAdgpPQJMA+KBPQEIAlR1OQGkAnhlOQHcAtRpNQFQA44VNQF8A8odNQHQBCJBNQHwA85BKQGAA/DJIQLoA4TVHgDUAp31FQKIA6TRFQKEAu6dEgLYA6IFDgJwA6zNDgGEAp39CQIAAxYVBQJsAz49BQKsAsFZBgNAA0Tw/gK8A0JA+gIsAsbA5QNAA4TU5gFkAnhk4QMIAz4w4gIYAxIU3QFAAlB42QMQA14w2AGMBBjI1AKsAz5M0AJEAzzgzAF0Ap38yAGoA+C8xAKMA8TowAGoAqxsuAIQAtAsuAI0AwocuAD0ApCsuAJEAv6UtAKsAtlgoAJ4A+T0oAAA=</Bytes><Format>1769473</Format><Version>1.0.0</Version></Fid>','1'),(16,'345','<?xml version=\"1.0\" encoding=\"UTF-8\"?><Fid><Bytes>Rk1SACAyMAAAVgAz/v8AAAD7AWIAxQDFAQAAAFYJQGcAgnFhQNQAaLNgQM8AjbJTQIIAfQZRQIYAnXFQQGQAlXFOQIQAvg1NQFAAtBlLAIYAxHM1AAA=</Bytes><Format>1769473</Format><Version>1.0.0</Version></Fid>','1'),(17,'345','<?xml version=\"1.0\" encoding=\"UTF-8\"?><Fid><Bytes>Rk1SACAyMAABOgAz/v8AAAD7AWIAxQDFAQAAAFYvQFUAK2VjgL0Adj9ggDUAOHFeQLIA14leQHcBOUdcQI0ASlBbgFQAmIVZgEMAjR9YgKIAzIVYgKUAaJhXgCcAzIdXgLYAX5RWgBIAeoFWgL8AzDVVgJUA+HhUQF8BIJ5UQCgALxJUgHYAUlpUgIYAwjZUQEoAE2lSQEgAIAJSQCEAVRlSQFoAZ3NPQC0AcRtPQD0A5o9OQEoANAVOQFMAlIJNgIcBIBFNQF8A85RMgJYBJFVMgIsA1i1HgHcA7J9HgFkATmxFQHsA5ZdDQIIA1jpAgI4A/oE+gIcA4zM9QIQAo484gHUAoZI4gHQAlEY3QMMA4jY3AGcAlYcxAGwAkKIuAGYAm4csAIYA/0ErAG8Ao48oAIEA3TwoAAA=</Bytes><Format>1769473</Format><Version>1.0.0</Version></Fid>','1'),(18,'345','<?xml version=\"1.0\" encoding=\"UTF-8\"?><Fid><Bytes>Rk1SACAyMAABBAAz/v8AAAD7AWIAxQDFAQAAAFYmQJAAJVBdgIsAtEpcgEoA0IlbgF0AdK5aQNgAiUlZQEYApXBZQKsBCERXQLgA/z1XgJYBIKxWQC4A0h9VgLQAfqJUgDMA6YxTQCIAy4JSQGkA7phSQF0BCZhSgLEBKk9SQDkAW2NQgL0BF1FQgMIBCkdQgMoAX6NLQMMAYU1LQNcA/phHgB4A3S1FgE8AsQBEgL8Ar55CQMwBCDxCgBkAvB9AQC4BDTI9gBsAyiA8QCMAhGs3QCIA/DE2ANUBElE1AD8BJDgzAF0BOEAzABwAoRkyAJgBQE0xACIAk24wADMAV2UrAAA=</Bytes><Format>1769473</Format><Version>1.0.0</Version></Fid>','1'),(19,'1','<?xml version=\"1.0\" encoding=\"UTF-8\"?><Fid><Bytes>Rk1SACAyMAABHAAz/v8AAAD7AWIAxQDFAQAAAFYqQHoBIABfQKEBIKZaQL8ArllaQLgBIKdZQJwAcQVZQKcA/V5ZQLYBAqpZQNgA21VXQCcAqmhXQKMA6K9XQBEAtQ5WQJEBArBUQFoBLQVUgNAAiAVTQCgAugpTQI4AugVTQJcA0gJTQBEApGZRQG4AgghQQNsAeV5PQD0A6QtNQK4Arl9IQIAAMBBGgNkAbwdFQNAAXwtEgC0AYmREQE0BQAhDgNUAVwhCQEIBVmU/gH4BUVg+gE4BUVw9QJcBSqA8QLQAIBQ4QMMALBE4QDwBTAs3QDUBUAs3gLgAI2c2QB8ASA81ADoAJw80ADoALg0xAH4BS6AvAAIAcQotAAA=</Bytes><Format>1769473</Format><Version>1.0.0</Version></Fid>','1'),(20,'151','<?xml version=\"1.0\" encoding=\"UTF-8\"?><Fid><Bytes>Rk1SACAyMAAA1AAz/v8AAAD7AWIAxQDFAQAAAFYegJMAbFxiQJwAt69hgGwBHXpaQG8AggVWgEkBOiBWQIIATmJVQF8AUmdVQGQA325VgJUAp15TQG8ArwRTgJwAyFhSQHEBAm5SgFQAXQtSgLEAulhSQF8AxAhPgEYA8hdPQLEAwalOQHsAVQJOQGoAumlNQHUA2AJNQIgBA55KQLEAp6xIgFQBChlHQGwA5QBGgHcBH35EgH4ASF83QIABGIk3QDgAlgs2AK8A5aU0AH4BEncsAAA=</Bytes><Format>1769473</Format><Version>1.0.0</Version></Fid>','1'),(21,'151','<?xml version=\"1.0\" encoding=\"UTF-8\"?><Fid><Bytes>Rk1SACAyMAABWAAz/v8AAAD7AWIAxQDFAQAAAFY0QKgA64JkQJYAU1xjQKcAtUFhgC8AH2tfQGAAQWlfgGQAjwxegCkAbR1eQI4BEHJegG4AthpcQN8A9jZcQCkA0YVbgIYBA2dbgDUAXHFaQLYBCIJZgIAAz4NYQC4AUBJXQA0AenpXQG8ARgBXQJgBSnFXgKIBGXpWgLcAeplUgJ0Aj55TgMkBGClSgNIA+YlSgNgA24xOgIEA3y5NQHYAeQRNQEkBPKBMQF8BI6tLgJ4AxItKgI4BJXNKgHABFw9HQJAAoJ5HQK0AbkhGgHQBJFdEQGQBGK9DQKUAaKU/gHwA6yk+gIAAo3E8QHQA8zI5gHYA8DE4gAYAeR84AIQAsZQxAIAAyIMxAOoBGi8wAIQAtpYwAHQA+TYuAIoBXR0uAO8BGYIsAJMBXXMrAHcBBD8qAHQA/5coAAA=</Bytes><Format>1769473</Format><Version>1.0.0</Version></Fid>','1'),(22,'171','<?xml version=\"1.0\" encoding=\"UTF-8\"?><Fid><Bytes>Rk1SACAyMAABNAAz/v8AAAD7AWIAxQDFAQAAAFYuQHEAKQJhgFUAUBJgQEMA25hggEAAfSBegCMAcSRdQD0Ap4xdgHUBNVxdQMMA6IFcgNUAQk1cgOMAoJtcgC8AFnNbgFkAdBlaQEIAPHZaQHsAVQJZgOMAupZZQGQANnBYgIIBCWNXQHEAaa9XgNABOiBXgI0AnlJVQKkAVqJVQGYBDwtVQLQAoJJUQOgA6ItTQIQAxHxSQJgAEa5SgFQAlRpSQNIAyI1PgFsAtSVMgOkA45BKgIcA6XFIQLIBRhlIgKcAvIlGgGkAlRtFQCEBEJg8gI4A3C06gGoA0WA2gHEAjXU1AF0AwjI0AHYAmqs0AHwAoZ4zAHoAq3owAFUA1pYtAF8A0DYsAHUApZ0rAGEAyCArAAA=</Bytes><Format>1769473</Format><Version>1.0.0</Version></Fid>','1'),(23,'171','<?xml version=\"1.0\" encoding=\"UTF-8\"?><Fid><Bytes>Rk1SACAyMAAAvAAz/v8AAAD7AWIAxQDFAQAAAFYaQIIApXxkgKsAlX9hQJwBPzxhQG8BEIlgQHUAz39eQGYAu3pdQIAAFG1aQN0BF51aQLcAW25YQMQAfghYgLQBH5ZVgKEAxIdUQGMBAnxUgI0AXHNUgGMAJxdSgIIBOURRQH4AO3FQgHcAtx5PgMgA3JFPQIgA4YVPgOQBBp9OgLoAGw1NQEkAdHVLQO8Av5JBgOUAvJI1AEAA13cqAAA=</Bytes><Format>1769473</Format><Version>1.0.0</Version></Fid>','1'),(24,'377','<?xml version=\"1.0\" encoding=\"UTF-8\"?><Fid><Bytes>Rk1SACAyMAABXgAz/v8AAAD7AWIAxQDFAQAAAFY1QG4AbndiQJUA5Z5hQJEBQD5hgHAAghlgQKsAd6VggEUAiiBfgEYAwYleQF8A6I1eQJgBD55bgCEAKRlbgJYA9p5aQEUBBolZQLoBBklYQHUA0Y9YQN4A3IdXQK8ASqxVgHQAmoNVQMIAZqVVgGQAYw9TQCcAaH5TQNgBEBBTQGcBKpFTQMoAU1JSgI0AHwJSgJUAyp1SQHcAmoNQQNcAyolPQCwAlCdOQNkAqphOQKMAsZtNgJMAqpFMQGMA1jJLQGYATnFKQOMBF1xJQOUAqZtJQHAA7pBIQOEA+CtGgOMAjqBGgK4Au0VGgLYA7AZGQC4AMHdDQO4A44dAQL8AHlY/gFMAqYc9QMcAwoc8gK8Ar0Q2AAgAlCc0AK8AxDw0AO8AVqgxAMQAHlIvAMMA3ycvALgAxzoqAKEAq5goAAA=</Bytes><Format>1769473</Format><Version>1.0.0</Version></Fid>','1'),(25,'377','<?xml version=\"1.0\" encoding=\"UTF-8\"?><Fid><Bytes>Rk1SACAyMAAA2gAz/v8AAAD7AWIAxQDFAQAAAFYfQLwA3ZpegEAAmwpZgJcAm6JZgMgA/J5XQHUAXFpVQKkBE4tUgJ4A3JdSgJgBGmFSgG8BJJ5RQE4A/ZRPQEIArnhOQE0BLZVOQNUBLZhNQM8BE55MgJUA/4lLQDgBDS1KgDgAcw1JQMcBKYtGgDkBA4xCgHsA9z5BgIYBMwlBgHsBBjo3QHoBGkQ3gHoA5pE1AHEBUaA0AH4BD5gvAHYBDTwuAGoA6ZItAIsBDTMtAHsA7I4tAIABI0QrAAA=</Bytes><Format>1769473</Format><Version>1.0.0</Version></Fid>','1'),(26,'377','<?xml version=\"1.0\" encoding=\"UTF-8\"?><Fid><Bytes>Rk1SACAyMAABLgAz/v8AAAD7AWIAxQDFAQAAAFYtQJwAmlVkQDkA5odiQHcAdgBgQNIBDERgQL0AaE1fQDoA64lcQKkAg6JbQBEAoyJaQIoBDZdZgIgAh1xYgMQAIE1YQFoA8zFWgEYASm5VgDkBCC1VgBYAQBRUgJAAblxUgN0A3EFTQJ4A45lTQJgAtWJTQEUBF49SQDMBDYdSgDoAFQhRQIoBGjdOgIgA7DJOQDMAIW5NgL0ATaRNQEoAroJMQKMAilRLQHUAv4lJQBYAynxHQGwAfbBAgGkAggI+QGMA2I0+QN0BLUk+gNAA2z48QCkAFWc7gCgAQQ87gCYARnA4ABIAzH80AIsAx4U0ABsA64Y0AJgAx6AxAJcAzKIwAJsA0p4wAJwA3ZQsAAA=</Bytes><Format>1769473</Format><Version>1.0.0</Version></Fid>','1'),(28,'297','<?xml version=\"1.0\" encoding=\"UTF-8\"?><Fid><Bytes>Rk1SACAyMAAA8gAz/v8AAAD7AWIAxQDFAQAAAFYjQG8AUlVigKgAWUtbgBkAY15ZQJgA35hYQFUAOqtXgK0Ao6BWgDwBBLBWQGoALFRUQHcAtaZTQGQAlVZSgGQBKohSQDUAy2BPgFsAelJPQC0Am2BPQJwA0ZxOQF0AcalKQBUAngZKQI0AwkdKgCMBCQZJQKUA20RIQEgBLy9HQDUBHlhFQCwA8mBEQDMBEKJEgC4A+QJBgBgA9gZAgCwBAmI8QCMA9lw7QCYA3Ak6QEoBCko4QMgAr6A4QGYAnlg3gB4BEl01AIIBGJQxAE0BElQrAAA=</Bytes><Format>1769473</Format><Version>1.0.0</Version></Fid>','1');

ALTER TABLE `tbl_fingerprint` ENABLE KEYS;
UNLOCK TABLES;
COMMIT;

--
-- Data for table: tbl_payroll_info
--
LOCK TABLES `tbl_payroll_info` WRITE;
ALTER TABLE `tbl_payroll_info` DISABLE KEYS;

INSERT INTO `tbl_payroll_info` (`no`,`payroll_info_type`,`payroll_info_name`,`etype_id`,`cam_id`,`isMandatory`,`isActive`,`payroll_order`) VALUES (1,'compensation','Monthly Salary',2,4,1,1,1),(2,'compensation','Daily Wage',2,4,1,1,2),(3,'compensation','Daily PERA',2,4,1,1,3),(4,'compensation','Number of Days',2,4,1,1,4),(5,'compensation','PERA',2,4,1,1,5),(6,'compensation','Total Wage',2,4,1,1,6),(7,'compensation','Gross Salary',2,4,1,1,7),(8,'deduction','PhilHealth',2,4,1,1,1),(9,'deduction','Pag-IBIG',2,4,0,1,2),(10,'9','Contribution',2,4,0,1,3),(11,'9','Multi-Purpose Loan',2,4,0,1,4),(12,'deduction','Life & Retirement',2,4,1,1,5),(13,'deduction','GSIS Consolidated Loan',2,4,0,1,6),(14,'deduction','SSS',2,4,0,1,7),(15,'deduction','NTEA',2,4,1,1,8),(16,'deduction','INMC Coop',2,4,0,1,9),(21,'compensation','Monthly Salary',3,4,1,1,1),(22,'compensation','Daily Wage',3,4,1,1,2),(23,'compensation','20% DAILY ADDITIONAL',3,4,1,1,3),(24,'compensation','Total Daily Income',3,4,1,1,4),(25,'compensation','Number of Days',3,4,1,1,5),(26,'compensation','Gross Salary',3,4,1,1,6),(28,'employer-share','Life & Retirement',1,4,1,1,1),(29,'employer-share','Pag-IBIG',1,4,1,1,2),(30,'employer-share','PhilHealth',1,4,1,1,3),(31,'employer-share','EMP.COMP.',1,4,1,1,4),(32,'deduction','PhilHealth',1,4,1,1,1),(33,'deduction','Pag-IBIG',1,4,0,1,2),(34,'33','Contribution',1,4,0,1,3),(35,'33','Calamity Loan',1,4,0,1,4),(36,'33','Modified Pag-IBIG II',1,4,0,1,5),(37,'33','Multi-Purpose Loan',1,4,0,1,6),(38,'deduction','Withholding Tax',1,4,1,1,7),(39,'deduction','Life & Retirement',1,4,1,1,8),(40,'deduction','Educational Assistance',1,4,0,1,9),(41,'deduction','Consolidated Loan',1,4,0,1,10),(42,'deduction','Regular Policy Loan',1,4,0,1,11),(43,'deduction','Emergency Loan',1,4,0,1,12),(44,'deduction','Miscellaneous',1,4,0,1,13),(45,'44','APDS-LOANS CHINABANK',1,4,0,1,14),(46,'44','TRADE CREDIT COOP INC.',1,4,0,1,15),(47,'44','SSS Contribution',1,4,0,1,16),(48,'44','UCPB',1,4,0,1,17),(49,'44','CSSACFU',1,4,1,1,18),(50,'44','NTEA',1,4,1,1,19),(51,'44','Impig Coop',1,4,0,1,20),(52,'compensation','Monthly Salary',1,4,1,1,1),(53,'compensation','PERA',1,4,1,1,2),(54,'compensation','Gross Salary',1,4,1,1,3),(55,'employer-share','Life & Retirement',2,4,1,1,1),(56,'employer-share','Pag-IBIG',2,4,1,1,2),(57,'employer-share','PhilHealth',2,4,1,1,3),(58,'employer-share','EMP.COMP.',2,4,1,1,4),(59,'deduction','SSS Contribution',3,4,0,1,1),(60,'payroll','compensation',0,0,0,0,0),(61,'payroll','deduction',0,0,0,0,0),(62,'payroll','employer-share',0,0,0,0,0),(63,'witholding','Gross Income',0,0,0,0,0),(64,'witholding','Non-Taxable Income',0,0,0,0,0),(65,'witholding','Bonus',0,0,0,0,0),(66,'Gross Income','Annual Income',0,4,1,1,0),(67,'Non-Taxable Income','Pag-IBIG',0,4,1,1,0),(68,'Non-Taxable Income','PhilHealth',0,4,1,1,0),(69,'Non-Taxable Income','Life & Retirement',0,4,1,1,0),(70,'Non-Taxable Income','NTEA/CSSACFU',0,4,1,1,0),(71,'Bonus','13 month pay',0,4,1,1,0),(72,'Bonus','14th month pay',0,4,1,1,0),(73,'Bonus','Cash Gift',0,4,1,1,0),(74,'','WTAX',1,0,1,0,0),(75,'','Taxable Income',1,0,1,0,0),(76,'compensation','Monthly Salary',4,4,1,1,0),(77,'compensation','RATE PER HOUR',5,4,0,1,0),(78,'deduction','Pag-IBIG Contribution',3,4,0,1,0),(79,'compensation','Tardy',3,4,0,1,0),(80,'79','Minutes',3,4,1,1,0),(81,'79','Amount',3,4,1,1,0),(82,'','',0,0,0,1,0),(83,'','',0,0,0,1,0),(84,'','',0,0,0,1,0),(85,'deduction','TAX',3,4,1,1,0),(86,'deduction','Pag-IBIG',4,4,1,1,0),(87,'33','Housing Loan',1,4,0,1,0),(88,'33','Housing Loan',1,4,0,1,0);

ALTER TABLE `tbl_payroll_info` ENABLE KEYS;
UNLOCK TABLES;
COMMIT;

--
-- Data for table: tbl_payroll_log
--
LOCK TABLES `tbl_payroll_log` WRITE;
ALTER TABLE `tbl_payroll_log` DISABLE KEYS;

-- Table contains no data

ALTER TABLE `tbl_payroll_log` ENABLE KEYS;
UNLOCK TABLES;
COMMIT;

--
-- Data for table: tbl_payroll_log_breakdown
--
LOCK TABLES `tbl_payroll_log_breakdown` WRITE;
ALTER TABLE `tbl_payroll_log_breakdown` DISABLE KEYS;

-- Table contains no data

ALTER TABLE `tbl_payroll_log_breakdown` ENABLE KEYS;
UNLOCK TABLES;
COMMIT;

--
-- Data for table: tbl_payroll_related
--
LOCK TABLES `tbl_payroll_related` WRITE;
ALTER TABLE `tbl_payroll_related` DISABLE KEYS;

INSERT INTO `tbl_payroll_related` (`no`,`payroll_info_no`,`employee_id`,`filter`,`value`) VALUES (1,1,'',NULL,'MOS'),(2,2,'',NULL,'=Monthly Salary/22'),(3,3,'',NULL,'=2000/22'),(4,5,'',NULL,'=Daily PERA*Number of Days'),(5,4,'',NULL,'19'),(6,6,'',NULL,'=Daily Wage*Number of Days'),(7,7,'',NULL,'=Total Wage+PERA'),(8,12,'',NULL,'=Monthly Salary*.09'),(9,15,'',NULL,'180'),(10,8,'',NULL,'=IF(Monthly Salary*0.01375>550,550,IF(Monthly Salary*0.01375<137.5,137.5,Monthly Salary*0.01375))'),(11,10,'99',NULL,'100'),(12,10,'100',NULL,'100'),(13,10,'113',NULL,'100'),(14,10,'122',NULL,'100'),(15,10,'126',NULL,'100'),(16,10,'127',NULL,'500'),(17,10,'142',NULL,'100'),(18,10,'155',NULL,'100'),(19,11,'99',NULL,''),(20,11,'100',NULL,'551.04'),(21,11,'113',NULL,''),(22,11,'122',NULL,''),(23,11,'126',NULL,''),(24,11,'127',NULL,''),(25,11,'142',NULL,''),(26,11,'155',NULL,''),(27,13,'99',NULL,' 1484.67 '),(28,13,'100',NULL,' 1484.67 '),(29,13,'113',NULL,''),(30,13,'122',NULL,' 1484.67 '),(31,13,'126',NULL,' 1682.99 '),(32,13,'127',NULL,''),(33,13,'142',NULL,''),(34,13,'155',NULL,''),(35,14,'99',NULL,'360'),(36,14,'100',NULL,'500'),(37,14,'113',NULL,'360'),(38,14,'122',NULL,'360'),(39,14,'126',NULL,''),(40,14,'127',NULL,'360'),(41,14,'142',NULL,'360'),(42,14,'155',NULL,'360'),(43,16,'99',NULL,'3700'),(44,16,'100',NULL,'500'),(45,16,'113',NULL,''),(46,16,'122',NULL,'200'),(47,16,'126',NULL,''),(48,16,'127',NULL,'300'),(49,16,'142',NULL,''),(50,16,'155',NULL,''),(51,17,'',NULL,'2000'),(52,14,'',NULL,'=No o'),(53,20,'',NULL,'=Monthly Salary*0.03'),(54,21,'',NULL,'MOS'),(55,22,'',NULL,'=Monthly Salary/22'),(56,23,'',NULL,'=(Monthly Salary/22)*.2'),(57,24,'',NULL,'=Daily Wage+20% DAILY ADDITIONAL'),(58,26,'',0,'=(Total Daily Income*Number of Days)-Amount'),(59,25,'',0,'DAY'),(60,27,'',NULL,'MOS'),(61,28,'',NULL,'=Monthly Salary*0.12'),(62,29,'',NULL,'100'),(63,30,'',NULL,'=IF(Monthly Salary*0.01375>550,550,IF(Monthly Salary*0.01375<137.5,137.5,Monthly Salary*0.01375))'),(64,31,'',NULL,'100'),(65,53,'',NULL,'2000'),(66,52,'',NULL,'MOS'),(67,54,'',NULL,'=Monthly Salary+PERA'),(68,32,'',NULL,'=IF(Monthly Salary*0.01375>550,550,IF(Monthly Salary*0.01375<137.5,137.5,Monthly Salary*0.01375))'),(69,34,'8',NULL,'500'),(70,34,'2',NULL,'500'),(71,56,'',NULL,'100'),(72,55,'',NULL,'=Monthly Salary*.12'),(73,57,'',NULL,'=IF(Monthly Salary*0.01375>550,550,IF(Monthly Salary*0.01375<137.5,137.5,Monthly Salary*0.01375))'),(74,58,'',NULL,'100'),(75,49,'',1,'50'),(76,50,'',2,'180'),(77,34,'282',NULL,'100'),(78,34,'141',NULL,'500'),(79,34,'271',NULL,'100'),(80,34,'78',NULL,'100'),(81,34,'75',NULL,'1100'),(82,34,'324',NULL,'100'),(83,34,'77',NULL,'100'),(84,34,'163',NULL,'100'),(85,34,'6',NULL,'500'),(86,35,'36',NULL,''),(87,35,'38',NULL,''),(88,35,'40',NULL,''),(89,35,'93',NULL,''),(90,35,'39',NULL,''),(91,35,'325',NULL,''),(92,35,'290',NULL,''),(93,35,'41',NULL,''),(94,35,'10',NULL,''),(95,35,'34',NULL,''),(96,36,'75',NULL,'1000'),(97,37,'282',NULL,''),(98,37,'141',NULL,''),(99,37,'271',NULL,''),(100,37,'78',NULL,''),(101,37,'75',NULL,''),(102,37,'324',NULL,''),(103,37,'77',NULL,''),(104,37,'163',NULL,''),(105,37,'6',NULL,''),(106,40,'36',NULL,''),(107,40,'38',NULL,''),(108,40,'40',NULL,''),(109,40,'93',NULL,''),(110,40,'39',NULL,''),(111,40,'325',NULL,''),(112,40,'290',NULL,''),(113,40,'41',NULL,''),(114,40,'10',NULL,''),(115,40,'34',NULL,''),(116,34,'36',NULL,'500'),(117,34,'38',NULL,'100'),(118,34,'40',NULL,'100'),(119,34,'93',NULL,'500'),(120,34,'39',NULL,'500'),(121,34,'325',NULL,'100'),(122,34,'290',NULL,'500'),(123,34,'41',NULL,'100'),(124,34,'10',NULL,'100'),(125,34,'34',NULL,'100'),(126,34,'32',NULL,'100'),(127,34,'33',NULL,'100'),(128,34,'230',NULL,'100'),(129,34,'37',NULL,'100'),(130,34,'234',NULL,'100'),(131,34,'251',NULL,'200'),(132,34,'12',NULL,'500'),(133,34,'101',NULL,'100'),(134,34,'14',NULL,'400'),(135,34,'45',NULL,'100'),(136,34,'46',NULL,'100'),(137,34,'252',NULL,'100'),(138,34,'47',NULL,'100'),(139,34,'199',NULL,'100'),(140,34,'90',NULL,'100'),(141,34,'11',NULL,'100'),(142,34,'16',NULL,'100'),(143,34,'235',NULL,'100'),(144,34,'51',NULL,'100'),(145,34,'50',NULL,'100'),(146,34,'245',NULL,''),(147,34,'52',NULL,'1100'),(148,34,'13',NULL,'100'),(149,34,'116',NULL,'100'),(150,34,'23',NULL,'500'),(151,34,'7',NULL,'700'),(152,34,'94',NULL,'500'),(153,34,'79',NULL,'100'),(154,34,'102',NULL,'100'),(155,34,'9',NULL,'600'),(156,34,'58',NULL,'100'),(157,34,'80',NULL,'100'),(158,34,'91',NULL,'100'),(159,34,'62',NULL,'300'),(160,34,'63',NULL,'300'),(161,34,'60',NULL,'500'),(162,34,'64',NULL,'500'),(163,34,'147',NULL,'200'),(164,34,'57',NULL,'100'),(165,34,'105',NULL,'100'),(166,34,'146',NULL,'100'),(167,34,'66',NULL,'100'),(168,34,'136',NULL,'100'),(169,34,'65',NULL,'200'),(170,34,'201',NULL,'500'),(171,34,'56',NULL,'300'),(172,34,'67',NULL,'100'),(173,34,'73',NULL,'100'),(174,34,'76',NULL,'100'),(175,34,'59',NULL,'100'),(176,34,'68',NULL,'100'),(177,34,'125',NULL,'100'),(178,34,'18',NULL,'100'),(179,34,'17',NULL,'100'),(180,34,'1',NULL,'500'),(181,34,'4',NULL,'300'),(182,34,'81',NULL,'100'),(183,34,'289',NULL,'100'),(184,34,'118',NULL,'500'),(185,34,'21',NULL,'100'),(186,34,'22',NULL,'300'),(187,34,'3',NULL,'500'),(188,34,'24',NULL,'500'),(189,34,'25',NULL,'100'),(190,34,'121',NULL,'500'),(191,34,'49',NULL,'500'),(192,34,'61',NULL,'500'),(193,34,'28',NULL,'1100'),(194,34,'29',NULL,'200'),(195,34,'30',NULL,'200'),(196,34,'31',NULL,'200'),(197,35,'66',NULL,'1334.88'),(198,35,'230',NULL,''),(199,35,'8',NULL,''),(200,35,'37',NULL,'1660.10'),(201,35,'234',NULL,''),(202,35,'251',NULL,''),(203,35,'12',NULL,''),(204,35,'101',NULL,''),(205,35,'14',NULL,' 586.07 '),(206,35,'45',NULL,''),(207,35,'46',NULL,''),(208,35,'252',NULL,''),(209,35,'47',NULL,''),(210,35,'199',NULL,'442.22'),(211,35,'90',NULL,''),(212,35,'11',NULL,''),(213,35,'16',NULL,''),(214,35,'235',NULL,''),(215,35,'51',NULL,''),(216,35,'50',NULL,''),(217,35,'245',NULL,''),(218,35,'52',NULL,''),(219,35,'13',NULL,' 687.54 '),(220,35,'116',NULL,''),(221,35,'23',NULL,''),(222,35,'7',NULL,''),(223,35,'94',NULL,''),(224,35,'79',NULL,''),(225,35,'102',NULL,''),(226,35,'9',NULL,''),(227,35,'58',NULL,''),(228,35,'80',NULL,''),(229,35,'91',NULL,''),(230,35,'62',NULL,''),(231,35,'63',NULL,''),(232,35,'60',NULL,''),(233,35,'64',NULL,'1582.01'),(234,35,'147',NULL,''),(235,35,'57',NULL,'1691.68'),(236,35,'105',NULL,''),(237,35,'146',NULL,''),(238,35,'136',NULL,''),(239,35,'65',NULL,''),(240,35,'201',NULL,''),(241,35,'56',NULL,''),(242,35,'67',NULL,''),(243,35,'73',NULL,''),(244,35,'76',NULL,''),(245,35,'59',NULL,''),(246,35,'68',NULL,''),(247,35,'282',NULL,''),(248,35,'141',NULL,''),(249,35,'271',NULL,''),(250,35,'78',NULL,''),(251,35,'75',NULL,''),(252,35,'324',NULL,''),(253,35,'77',NULL,''),(254,35,'163',NULL,''),(255,35,'6',NULL,''),(256,35,'125',NULL,''),(257,35,'2',NULL,''),(258,35,'18',NULL,''),(259,35,'17',NULL,''),(260,35,'1',NULL,''),(261,35,'4',NULL,''),(262,35,'81',NULL,''),(263,35,'289',NULL,''),(264,35,'118',NULL,''),(265,35,'21',NULL,''),(266,35,'22',NULL,''),(267,35,'3',NULL,''),(268,35,'24',NULL,''),(269,35,'25',NULL,''),(270,35,'121',NULL,''),(271,35,'49',NULL,' 598.69 '),(272,35,'61',NULL,''),(273,35,'28',NULL,''),(274,35,'29',NULL,' 514.97 '),(275,35,'30',NULL,' 406.22 '),(276,35,'31',NULL,''),(277,35,'32',NULL,''),(278,35,'33',NULL,''),(279,36,'36',NULL,'5000'),(280,36,'38',NULL,''),(281,36,'40',NULL,''),(282,36,'93',NULL,''),(283,36,'39',NULL,''),(284,36,'325',NULL,''),(285,36,'290',NULL,''),(286,36,'41',NULL,''),(287,36,'10',NULL,''),(288,36,'34',NULL,''),(289,36,'230',NULL,'1000'),(290,36,'8',NULL,''),(291,36,'37',NULL,''),(292,36,'234',NULL,''),(293,36,'251',NULL,'500'),(294,36,'12',NULL,''),(295,36,'101',NULL,''),(296,36,'14',NULL,''),(297,36,'45',NULL,''),(298,36,'46',NULL,''),(299,36,'252',NULL,'500'),(300,36,'47',NULL,'500'),(301,36,'199',NULL,''),(302,36,'90',NULL,''),(303,36,'11',NULL,''),(304,36,'16',NULL,'500'),(305,36,'235',NULL,''),(306,36,'51',NULL,''),(307,36,'50',NULL,''),(308,36,'245',NULL,''),(309,36,'52',NULL,'500'),(310,36,'13',NULL,''),(311,36,'116',NULL,''),(312,36,'23',NULL,''),(313,36,'7',NULL,''),(314,36,'94',NULL,'500'),(315,36,'79',NULL,''),(316,36,'102',NULL,''),(317,36,'9',NULL,''),(318,36,'58',NULL,'500'),(319,36,'80',NULL,''),(320,36,'91',NULL,''),(321,36,'62',NULL,''),(322,36,'63',NULL,''),(323,36,'60',NULL,''),(324,36,'64',NULL,'1000'),(325,36,'147',NULL,''),(326,36,'57',NULL,''),(327,36,'105',NULL,''),(328,36,'146',NULL,'1000'),(329,36,'66',NULL,''),(330,36,'136',NULL,''),(331,36,'65',NULL,''),(332,36,'201',NULL,''),(333,36,'56',NULL,'500'),(334,36,'67',NULL,''),(335,36,'73',NULL,''),(336,36,'76',NULL,''),(337,36,'59',NULL,''),(338,36,'68',NULL,''),(339,36,'282',NULL,''),(340,36,'141',NULL,''),(341,36,'271',NULL,''),(342,36,'78',NULL,''),(343,36,'324',NULL,''),(344,36,'77',NULL,''),(345,36,'163',NULL,''),(346,36,'6',NULL,''),(347,36,'125',NULL,''),(348,36,'2',NULL,'500'),(349,36,'18',NULL,''),(350,36,'17',NULL,''),(351,36,'1',NULL,''),(352,36,'4',NULL,''),(353,36,'81',NULL,''),(354,36,'289',NULL,''),(355,36,'118',NULL,''),(356,36,'21',NULL,''),(357,36,'22',NULL,''),(358,36,'3',NULL,''),(359,36,'24',NULL,''),(360,36,'25',NULL,''),(361,36,'121',NULL,'600'),(362,36,'49',NULL,''),(363,36,'61',NULL,''),(364,36,'28',NULL,'1000'),(365,36,'29',NULL,''),(366,36,'30',NULL,''),(367,36,'31',NULL,'500'),(368,36,'32',NULL,''),(369,36,'33',NULL,''),(370,37,'31',NULL,' 595.26 '),(371,37,'32',NULL,''),(372,37,'33',NULL,''),(373,37,'36',NULL,' 3921.37 '),(374,37,'38',NULL,' 2935.60 '),(375,37,'40',NULL,' 333.59 '),(376,37,'93',NULL,''),(377,37,'39',NULL,''),(378,37,'325',NULL,''),(379,37,'290',NULL,''),(380,37,'41',NULL,''),(381,37,'10',NULL,''),(382,37,'34',NULL,''),(383,37,'230',NULL,''),(384,37,'8',NULL,' 4071.11 '),(385,37,'37',NULL,' 1864.29 '),(386,37,'234',NULL,''),(387,37,'251',NULL,''),(388,37,'12',NULL,''),(389,37,'101',NULL,''),(390,37,'14',NULL,' 2102.53 '),(391,37,'45',NULL,''),(392,37,'46',NULL,''),(393,37,'252',NULL,''),(394,37,'47',NULL,''),(395,37,'199',NULL,''),(396,37,'90',NULL,''),(397,37,'11',NULL,''),(398,37,'16',NULL,''),(399,37,'235',NULL,''),(400,37,'51',NULL,' 1072.56 '),(401,37,'50',NULL,''),(402,37,'245',NULL,''),(403,37,'52',NULL,''),(404,37,'13',NULL,' 1016.97 '),(405,37,'116',NULL,''),(406,37,'23',NULL,'2595.12'),(407,37,'7',NULL,' 1746.78 '),(408,37,'94',NULL,''),(409,37,'79',NULL,''),(410,37,'102',NULL,''),(411,37,'9',NULL,''),(412,37,'58',NULL,' 1091.71 '),(413,37,'80',NULL,''),(414,37,'91',NULL,''),(415,37,'62',NULL,''),(416,37,'63',NULL,''),(417,37,'60',NULL,''),(418,37,'64',NULL,' 2960.85 '),(419,37,'147',NULL,' 2448.12 '),(420,37,'57',NULL,' 2594.46 '),(421,37,'105',NULL,''),(422,37,'146',NULL,''),(423,37,'66',NULL,' 515.61 '),(424,37,'136',NULL,''),(425,37,'65',NULL,'1429.08'),(426,37,'201',NULL,''),(427,37,'56',NULL,' 4192.61 '),(428,37,'67',NULL,' 1472.05 '),(429,37,'73',NULL,''),(430,37,'76',NULL,''),(431,37,'59',NULL,' 1243.89 '),(432,37,'68',NULL,''),(433,37,'125',NULL,''),(434,37,'2',NULL,''),(435,37,'18',NULL,' 232.45 '),(436,37,'17',NULL,''),(437,37,'1',NULL,' 2208.35 '),(438,37,'4',NULL,''),(439,37,'81',NULL,''),(440,37,'289',NULL,''),(441,37,'118',NULL,' 443.02 '),(442,37,'21',NULL,''),(443,37,'22',NULL,'1669.92'),(444,37,'3',NULL,''),(445,37,'24',NULL,''),(446,37,'25',NULL,'1564.13'),(447,37,'121',NULL,''),(448,37,'49',NULL,' 1291.91 '),(449,37,'61',NULL,''),(450,37,'28',NULL,''),(451,37,'29',NULL,''),(452,37,'30',NULL,''),(453,40,'66',NULL,''),(454,40,'136',NULL,''),(455,40,'65',NULL,' 216.67 '),(456,40,'201',NULL,''),(457,40,'56',NULL,''),(458,40,'67',NULL,' 216.67 '),(459,40,'73',NULL,''),(460,40,'76',NULL,''),(461,40,'59',NULL,' 216.67 '),(462,40,'68',NULL,''),(463,40,'230',NULL,''),(464,40,'8',NULL,''),(465,40,'37',NULL,' 216.67 '),(466,40,'234',NULL,''),(467,40,'251',NULL,''),(468,40,'12',NULL,''),(469,40,'101',NULL,''),(470,40,'14',NULL,' 209.43 '),(471,40,'45',NULL,''),(472,40,'46',NULL,''),(473,40,'252',NULL,''),(474,40,'47',NULL,''),(475,40,'199',NULL,''),(476,40,'90',NULL,''),(477,40,'11',NULL,''),(478,40,'16',NULL,''),(479,40,'235',NULL,''),(480,40,'51',NULL,' 216.67'),(481,40,'50',NULL,''),(482,40,'245',NULL,''),(483,40,'52',NULL,''),(484,40,'13',NULL,''),(485,40,'116',NULL,''),(486,40,'23',NULL,' 216.67 '),(487,40,'7',NULL,''),(488,40,'94',NULL,''),(489,40,'79',NULL,''),(490,40,'102',NULL,''),(491,40,'9',NULL,''),(492,40,'58',NULL,''),(493,40,'80',NULL,' 216.67 '),(494,40,'91',NULL,''),(495,40,'62',NULL,''),(496,40,'63',NULL,''),(497,40,'60',NULL,''),(498,40,'64',NULL,''),(499,40,'147',NULL,' 216.67 '),(500,40,'57',NULL,' 216.67 '),(501,40,'105',NULL,''),(502,40,'146',NULL,''),(503,40,'282',NULL,''),(504,40,'141',NULL,''),(505,40,'271',NULL,''),(506,40,'78',NULL,''),(507,40,'75',NULL,''),(508,40,'324',NULL,''),(509,40,'77',NULL,''),(510,40,'163',NULL,''),(511,40,'6',NULL,''),(512,40,'125',NULL,''),(513,40,'2',NULL,''),(514,40,'18',NULL,' 216.67 '),(515,40,'17',NULL,''),(516,40,'1',NULL,''),(517,40,'4',NULL,''),(518,40,'81',NULL,''),(519,40,'289',NULL,''),(520,40,'118',NULL,''),(521,40,'21',NULL,''),(522,40,'22',NULL,''),(523,40,'3',NULL,''),(524,40,'24',NULL,''),(525,40,'25',NULL,''),(526,40,'121',NULL,''),(527,40,'49',NULL,' 216.67 '),(528,40,'61',NULL,''),(529,40,'28',NULL,''),(530,40,'29',NULL,' 216.67 '),(531,40,'30',NULL,''),(532,40,'31',NULL,''),(533,40,'32',NULL,''),(534,40,'33',NULL,''),(535,39,'',0,'=Monthly Salary*.09'),(536,41,'282',NULL,''),(537,41,'141',NULL,''),(538,41,'271',NULL,''),(539,41,'78',NULL,' 3076.63 '),(540,41,'75',NULL,' 8761.41 '),(541,41,'324',NULL,' 1677.82 '),(542,41,'77',NULL,''),(543,41,'163',NULL,''),(544,41,'6',NULL,' 11143.20 '),(545,41,'36',NULL,' 5952.05 '),(546,41,'38',NULL,' 4781.33 '),(547,41,'40',NULL,' 4781.33 '),(548,41,'93',NULL,''),(549,41,'39',NULL,' 5680.18 '),(550,41,'325',NULL,' 2725.59 '),(551,41,'290',NULL,''),(552,41,'41',NULL,' 5073.80 '),(553,41,'10',NULL,' 7038.49 '),(554,41,'34',NULL,' 7707.11 '),(555,41,'230',NULL,''),(556,41,'8',NULL,' 9115.84 '),(557,41,'37',NULL,' 6191.19 '),(558,41,'234',NULL,''),(559,41,'251',NULL,''),(560,41,'12',NULL,' 3325.68 '),(561,41,'101',NULL,''),(562,41,'14',NULL,' 11379.44 '),(563,41,'45',NULL,' 1206.29 '),(564,41,'46',NULL,' 4020.97 '),(565,41,'252',NULL,''),(566,41,'47',NULL,' 8158.83 '),(567,41,'199',NULL,' 3841.88 '),(568,41,'90',NULL,''),(569,41,'11',NULL,' 5211.33 '),(570,41,'16',NULL,' 5680.18 '),(571,41,'235',NULL,''),(572,41,'51',NULL,' 6032.99 '),(573,41,'50',NULL,''),(574,41,'245',NULL,''),(575,41,'52',NULL,' 4321.47 '),(576,41,'13',NULL,' 9115.84 '),(577,41,'116',NULL,''),(578,41,'23',NULL,' 3887.15 '),(579,41,'7',NULL,' 7223.05 '),(580,41,'94',NULL,''),(581,41,'79',NULL,' 5680.15 '),(582,41,'102',NULL,''),(583,41,'9',NULL,' 5420.05 '),(584,41,'58',NULL,' 5420.05 '),(585,41,'80',NULL,' 4251.40 '),(586,41,'91',NULL,''),(587,41,'62',NULL,' 4781.33 '),(588,41,'63',NULL,' 5509.84 '),(589,41,'60',NULL,' 5031.98 '),(590,41,'64',NULL,' 4595.56 '),(591,41,'147',NULL,' 4595.56 '),(592,41,'57',NULL,' 11379.38 '),(593,41,'105',NULL,' 4322.65 '),(594,41,'146',NULL,''),(595,41,'66',NULL,' 3192.92 '),(596,41,'136',NULL,''),(597,41,'65',NULL,' 4193.31 '),(598,41,'201',NULL,''),(599,41,'56',NULL,' 6769.55 '),(600,41,'67',NULL,' 5509.84 '),(601,41,'73',NULL,' 6790.96 '),(602,41,'76',NULL,' 3472.03 '),(603,41,'59',NULL,' 5031.95 '),(604,41,'68',NULL,' 3655.59 '),(605,41,'125',NULL,''),(606,41,'2',NULL,' 3057.51 '),(607,41,'18',NULL,' 2189.02 '),(608,41,'17',NULL,' 1958.84 '),(609,41,'1',NULL,' 1673.13 '),(610,41,'4',NULL,' 836.83 '),(611,41,'81',NULL,' 3217.45 '),(612,41,'289',NULL,''),(613,41,'118',NULL,' 1683.00 '),(614,41,'21',NULL,' 2189.02 '),(615,41,'22',NULL,' 901.24 '),(616,41,'3',NULL,' 1968.71 '),(617,41,'24',NULL,' 3030.14 '),(618,41,'25',NULL,' 2082.17 '),(619,41,'121',NULL,''),(620,41,'49',NULL,' 5870.63 '),(621,41,'61',NULL,' 4403.54 '),(622,41,'28',NULL,''),(623,41,'29',NULL,' 1683.44 '),(624,41,'30',NULL,' 961.96 '),(625,41,'31',NULL,' 1958.84 '),(626,41,'32',NULL,' 1550.40 '),(627,41,'33',NULL,' 4030.65 '),(628,42,'282',NULL,''),(629,42,'141',NULL,''),(630,42,'271',NULL,''),(631,42,'78',NULL,' 350.00 '),(632,42,'75',NULL,''),(633,42,'324',NULL,''),(634,42,'77',NULL,''),(635,42,'163',NULL,''),(636,42,'6',NULL,''),(637,42,'36',NULL,''),(638,42,'38',NULL,''),(639,42,'40',NULL,''),(640,42,'93',NULL,''),(641,42,'39',NULL,''),(642,42,'325',NULL,''),(643,42,'290',NULL,''),(644,42,'41',NULL,''),(645,42,'10',NULL,''),(646,42,'34',NULL,''),(647,42,'230',NULL,''),(648,42,'8',NULL,''),(649,42,'37',NULL,''),(650,42,'234',NULL,''),(651,42,'251',NULL,''),(652,42,'12',NULL,''),(653,42,'101',NULL,''),(654,42,'14',NULL,''),(655,42,'45',NULL,''),(656,42,'46',NULL,''),(657,42,'252',NULL,''),(658,42,'47',NULL,''),(659,42,'199',NULL,''),(660,42,'90',NULL,''),(661,42,'11',NULL,''),(662,42,'16',NULL,''),(663,42,'235',NULL,''),(664,42,'51',NULL,''),(665,42,'50',NULL,''),(666,42,'245',NULL,''),(667,42,'52',NULL,' 500.00 '),(668,42,'13',NULL,''),(669,42,'116',NULL,''),(670,42,'23',NULL,''),(671,42,'7',NULL,' 500.00 '),(672,42,'94',NULL,''),(673,42,'79',NULL,''),(674,42,'102',NULL,''),(675,42,'9',NULL,''),(676,42,'58',NULL,' 1000.00 '),(677,42,'80',NULL,''),(678,42,'91',NULL,''),(679,42,'62',NULL,' 1000.00 '),(680,42,'63',NULL,''),(681,42,'60',NULL,' 300.00 '),(682,42,'64',NULL,' 300.00 '),(683,42,'147',NULL,''),(684,42,'57',NULL,''),(685,42,'105',NULL,''),(686,42,'146',NULL,''),(687,42,'66',NULL,' 300.00 '),(688,42,'136',NULL,''),(689,42,'65',NULL,''),(690,42,'201',NULL,''),(691,42,'56',NULL,''),(692,42,'67',NULL,''),(693,42,'73',NULL,''),(694,42,'76',NULL,''),(695,42,'59',NULL,''),(696,42,'68',NULL,' 500.00 '),(697,42,'125',NULL,''),(698,42,'2',NULL,''),(699,42,'18',NULL,''),(700,42,'17',NULL,''),(701,42,'1',NULL,' 200.00 '),(702,42,'4',NULL,''),(703,42,'81',NULL,''),(704,42,'289',NULL,''),(705,42,'118',NULL,''),(706,42,'21',NULL,''),(707,42,'22',NULL,' 200.00 '),(708,42,'3',NULL,' 200.00 '),(709,42,'24',NULL,' 200.00 '),(710,42,'25',NULL,''),(711,42,'121',NULL,''),(712,42,'49',NULL,''),(713,42,'61',NULL,''),(714,42,'28',NULL,''),(715,42,'29',NULL,''),(716,42,'30',NULL,''),(717,42,'31',NULL,''),(718,42,'32',NULL,''),(719,42,'33',NULL,' 200.00 '),(720,43,'36',NULL,''),(721,43,'38',NULL,''),(722,43,'40',NULL,''),(723,43,'93',NULL,''),(724,43,'39',NULL,''),(725,43,'325',NULL,''),(726,43,'290',NULL,''),(727,43,'41',NULL,''),(728,43,'10',NULL,''),(729,43,'34',NULL,''),(730,43,'230',NULL,''),(731,43,'8',NULL,''),(732,43,'37',NULL,'1311.12'),(733,43,'234',NULL,''),(734,43,'251',NULL,''),(735,43,'12',NULL,''),(736,43,'101',NULL,''),(737,43,'14',NULL,''),(738,43,'45',NULL,'1311.12'),(739,43,'46',NULL,''),(740,43,'252',NULL,''),(741,43,'47',NULL,''),(742,43,'199',NULL,''),(743,43,'90',NULL,''),(744,43,'11',NULL,''),(745,43,'16',NULL,''),(746,43,'235',NULL,''),(747,43,'51',NULL,''),(748,43,'50',NULL,''),(749,43,'245',NULL,''),(750,43,'52',NULL,''),(751,43,'13',NULL,''),(752,43,'116',NULL,''),(753,43,'23',NULL,''),(754,43,'7',NULL,''),(755,43,'94',NULL,''),(756,43,'79',NULL,''),(757,43,'102',NULL,''),(758,43,'9',NULL,''),(759,43,'58',NULL,''),(760,43,'80',NULL,''),(761,43,'91',NULL,''),(762,43,'62',NULL,''),(763,43,'63',NULL,''),(764,43,'60',NULL,''),(765,43,'64',NULL,''),(766,43,'147',NULL,''),(767,43,'57',NULL,''),(768,43,'105',NULL,''),(769,43,'146',NULL,''),(770,43,'66',NULL,''),(771,43,'136',NULL,''),(772,43,'65',NULL,''),(773,43,'201',NULL,''),(774,43,'56',NULL,''),(775,43,'67',NULL,''),(776,43,'73',NULL,''),(777,43,'76',NULL,''),(778,43,'59',NULL,''),(779,43,'68',NULL,''),(780,43,'282',NULL,''),(781,43,'141',NULL,''),(782,43,'271',NULL,''),(783,43,'78',NULL,''),(784,43,'75',NULL,''),(785,43,'324',NULL,''),(786,43,'77',NULL,''),(787,43,'163',NULL,''),(788,43,'6',NULL,''),(789,43,'125',NULL,''),(790,43,'2',NULL,''),(791,43,'18',NULL,''),(792,43,'17',NULL,''),(793,43,'1',NULL,''),(794,43,'4',NULL,''),(795,43,'81',NULL,'1311.12'),(796,43,'289',NULL,''),(797,43,'118',NULL,'655.56'),(798,43,'21',NULL,''),(799,43,'22',NULL,''),(800,43,'3',NULL,''),(801,43,'24',NULL,''),(802,43,'25',NULL,''),(803,43,'121',NULL,''),(804,43,'49',NULL,''),(805,43,'61',NULL,''),(806,43,'28',NULL,''),(807,43,'29',NULL,''),(808,43,'30',NULL,''),(809,43,'31',NULL,''),(810,43,'32',NULL,''),(811,43,'33',NULL,''),(812,45,'282',NULL,''),(813,45,'141',NULL,''),(814,45,'271',NULL,''),(815,45,'78',NULL,' 7253.67 '),(816,45,'75',NULL,' 3110.62 '),(817,45,'324',NULL,''),(818,45,'77',NULL,''),(819,45,'163',NULL,''),(820,45,'6',NULL,''),(821,45,'36',NULL,' 4499.96 '),(822,45,'38',NULL,''),(823,45,'40',NULL,''),(824,45,'93',NULL,' 6221.24 '),(825,45,'39',NULL,''),(826,45,'325',NULL,''),(827,45,'290',NULL,''),(828,45,'41',NULL,''),(829,45,'10',NULL,''),(830,45,'34',NULL,''),(831,45,'230',NULL,''),(832,45,'8',NULL,' 9331.87 '),(833,45,'37',NULL,' 7253.67 '),(834,45,'234',NULL,''),(835,45,'251',NULL,''),(836,45,'12',NULL,''),(837,45,'101',NULL,' 7253.67 '),(838,45,'14',NULL,' 10880.51 '),(839,45,'45',NULL,' 12089.45 '),(840,45,'46',NULL,''),(841,45,'252',NULL,''),(842,45,'47',NULL,' 6044.73 '),(843,45,'199',NULL,' 10638.72 '),(844,45,'90',NULL,''),(845,45,'11',NULL,' 6221.24 '),(846,45,'16',NULL,''),(847,45,'235',NULL,''),(848,45,'51',NULL,' 10977.22 '),(849,45,'50',NULL,''),(850,45,'245',NULL,''),(851,45,'52',NULL,' 3110.62 '),(852,45,'13',NULL,' 6749.94 '),(853,45,'116',NULL,''),(854,45,'23',NULL,' 4665.93 '),(855,45,'7',NULL,' 15232.71 '),(856,45,'94',NULL,''),(857,45,'79',NULL,''),(858,45,'102',NULL,''),(859,45,'9',NULL,''),(860,45,'58',NULL,' 2488.50 '),(861,45,'80',NULL,' 8220.83 '),(862,45,'91',NULL,''),(863,45,'62',NULL,' 4665.93 '),(864,45,'63',NULL,''),(865,45,'60',NULL,' 12089.45 '),(866,45,'64',NULL,''),(867,45,'147',NULL,' 6044.73 '),(868,45,'57',NULL,' 6221.24 '),(869,45,'105',NULL,''),(870,45,'146',NULL,''),(871,45,'66',NULL,' 4835.78 '),(872,45,'136',NULL,''),(873,45,'65',NULL,' 7495.46 '),(874,45,'201',NULL,''),(875,45,'56',NULL,''),(876,45,'67',NULL,' 7253.67 '),(877,45,'73',NULL,''),(878,45,'76',NULL,' 7253.67 '),(879,45,'59',NULL,' 7253.67 '),(880,45,'68',NULL,''),(881,45,'125',NULL,' 1866.37 '),(882,45,'2',NULL,''),(883,45,'18',NULL,''),(884,45,'17',NULL,''),(885,45,'1',NULL,''),(886,45,'4',NULL,' 1555.31 '),(887,45,'81',NULL,' 6749.94 '),(888,45,'289',NULL,''),(889,45,'118',NULL,''),(890,45,'21',NULL,''),(891,45,'22',NULL,''),(892,45,'3',NULL,''),(893,45,'24',NULL,' 2488.50 '),(894,45,'25',NULL,' 1934.31 '),(895,45,'121',NULL,' 3626.84 '),(896,45,'49',NULL,' 6749.94 '),(897,45,'61',NULL,' 6044.73 '),(898,45,'28',NULL,''),(899,45,'29',NULL,''),(900,45,'30',NULL,' 3110.62 '),(901,45,'31',NULL,''),(902,45,'32',NULL,' 777.66 '),(903,45,'33',NULL,' 4835.78 '),(904,46,'80',NULL,''),(905,46,'91',NULL,''),(906,46,'62',NULL,''),(907,46,'63',NULL,''),(908,46,'60',NULL,' 3100.00 '),(909,46,'64',NULL,''),(910,46,'147',NULL,''),(911,46,'57',NULL,''),(912,46,'105',NULL,''),(913,46,'146',NULL,''),(914,46,'36',NULL,''),(915,46,'38',NULL,'15000'),(916,46,'40',NULL,'15000'),(917,46,'93',NULL,''),(918,46,'39',NULL,''),(919,46,'325',NULL,''),(920,46,'290',NULL,''),(921,46,'41',NULL,''),(922,46,'10',NULL,''),(923,46,'34',NULL,''),(924,46,'230',NULL,''),(925,46,'8',NULL,''),(926,46,'37',NULL,' 1100.00 '),(927,46,'234',NULL,''),(928,46,'251',NULL,''),(929,46,'12',NULL,' 2850.00 '),(930,46,'101',NULL,''),(931,46,'14',NULL,''),(932,46,'45',NULL,' 460.00 '),(933,46,'46',NULL,''),(934,46,'252',NULL,''),(935,46,'47',NULL,''),(936,46,'199',NULL,''),(937,46,'90',NULL,''),(938,46,'11',NULL,''),(939,46,'16',NULL,''),(940,46,'235',NULL,''),(941,46,'51',NULL,''),(942,46,'50',NULL,''),(943,46,'245',NULL,''),(944,46,'52',NULL,''),(945,46,'13',NULL,''),(946,46,'116',NULL,''),(947,46,'23',NULL,' 200.00 '),(948,46,'7',NULL,''),(949,46,'94',NULL,''),(950,46,'79',NULL,''),(951,46,'102',NULL,' 8000.00 '),(952,46,'9',NULL,''),(953,46,'58',NULL,' 2080.91 '),(954,46,'66',NULL,''),(955,46,'136',NULL,''),(956,46,'65',NULL,''),(957,46,'201',NULL,''),(958,46,'56',NULL,''),(959,46,'67',NULL,''),(960,46,'73',NULL,''),(961,46,'76',NULL,''),(962,46,'59',NULL,''),(963,46,'68',NULL,''),(964,46,'282',NULL,''),(965,46,'141',NULL,''),(966,46,'271',NULL,''),(967,46,'78',NULL,''),(968,46,'75',NULL,''),(969,46,'324',NULL,''),(970,46,'77',NULL,''),(971,46,'163',NULL,''),(972,46,'6',NULL,''),(973,46,'125',NULL,''),(974,46,'2',NULL,''),(975,46,'18',NULL,''),(976,46,'17',NULL,''),(977,46,'1',NULL,''),(978,46,'4',NULL,''),(979,46,'81',NULL,''),(980,46,'289',NULL,''),(981,46,'118',NULL,''),(982,46,'21',NULL,''),(983,46,'22',NULL,''),(984,46,'3',NULL,''),(985,46,'24',NULL,''),(986,46,'25',NULL,''),(987,46,'121',NULL,''),(988,46,'49',NULL,''),(989,46,'61',NULL,''),(990,46,'28',NULL,''),(991,46,'29',NULL,''),(992,46,'30',NULL,''),(993,46,'31',NULL,''),(994,46,'32',NULL,''),(995,46,'33',NULL,''),(996,47,'282',NULL,''),(997,47,'141',NULL,' 360.00 '),(998,47,'271',NULL,''),(999,47,'78',NULL,''),(1000,47,'75',NULL,' 420.00 '),(1001,47,'324',NULL,''),(1002,47,'77',NULL,''),(1003,47,'163',NULL,''),(1004,47,'6',NULL,''),(1005,47,'36',NULL,' 360.00 '),(1006,47,'38',NULL,''),(1007,47,'40',NULL,''),(1008,47,'93',NULL,' 360.00 '),(1009,47,'39',NULL,''),(1010,47,'325',NULL,''),(1011,47,'290',NULL,' 540.00 '),(1012,47,'41',NULL,''),(1013,47,'10',NULL,''),(1014,47,'34',NULL,''),(1015,47,'230',NULL,' 360.00 '),(1016,47,'8',NULL,''),(1017,47,'37',NULL,''),(1018,47,'234',NULL,' 360.00 '),(1019,47,'251',NULL,' 360.00 '),(1020,47,'12',NULL,''),(1021,47,'101',NULL,''),(1022,47,'14',NULL,''),(1023,47,'45',NULL,''),(1024,47,'46',NULL,''),(1025,47,'252',NULL,''),(1026,47,'47',NULL,''),(1027,47,'199',NULL,''),(1028,47,'90',NULL,' 360.00 '),(1029,47,'11',NULL,''),(1030,47,'16',NULL,''),(1031,47,'235',NULL,' 360.00 '),(1032,47,'51',NULL,''),(1033,47,'50',NULL,''),(1034,47,'245',NULL,''),(1035,47,'52',NULL,' 360.00 '),(1036,47,'13',NULL,''),(1037,47,'116',NULL,' 360.00 '),(1038,47,'23',NULL,' 360.00 '),(1039,47,'7',NULL,''),(1040,47,'94',NULL,' 360.00 '),(1041,47,'79',NULL,''),(1042,47,'102',NULL,' 360.00 '),(1043,47,'9',NULL,' 660.00 '),(1044,47,'58',NULL,''),(1045,47,'80',NULL,' 360.00 '),(1046,47,'91',NULL,''),(1047,47,'62',NULL,''),(1048,47,'63',NULL,' 360.00 '),(1049,47,'60',NULL,' 660.00 '),(1050,47,'64',NULL,' 660.00 '),(1051,47,'147',NULL,''),(1052,47,'57',NULL,''),(1053,47,'105',NULL,''),(1054,47,'146',NULL,''),(1055,47,'66',NULL,''),(1056,47,'136',NULL,' 360.00 '),(1057,47,'65',NULL,''),(1058,47,'201',NULL,' 360.00 '),(1059,47,'56',NULL,''),(1060,47,'67',NULL,''),(1061,47,'73',NULL,''),(1062,47,'76',NULL,''),(1063,47,'59',NULL,' 480.00 '),(1064,47,'68',NULL,''),(1065,47,'125',NULL,' 360.00 '),(1066,47,'2',NULL,' 480.00 '),(1067,47,'18',NULL,''),(1068,47,'17',NULL,''),(1069,47,'1',NULL,' 480.00 '),(1070,47,'4',NULL,' 360.00 '),(1071,47,'81',NULL,''),(1072,47,'289',NULL,''),(1073,47,'118',NULL,' 480.00 '),(1074,47,'21',NULL,''),(1075,47,'22',NULL,' 360.00 '),(1076,47,'3',NULL,' 480.00 '),(1077,47,'24',NULL,''),(1078,47,'25',NULL,''),(1079,47,'121',NULL,' 480.00 '),(1080,47,'49',NULL,' 480.00 '),(1081,47,'61',NULL,' 360.00 '),(1082,47,'28',NULL,' 360.00 '),(1083,47,'29',NULL,''),(1084,47,'30',NULL,''),(1085,47,'31',NULL,''),(1086,47,'32',NULL,' 360.00 '),(1087,47,'33',NULL,''),(1088,48,'282',NULL,''),(1089,48,'141',NULL,''),(1090,48,'271',NULL,''),(1091,48,'78',NULL,''),(1092,48,'75',NULL,''),(1093,48,'324',NULL,''),(1094,48,'77',NULL,''),(1095,48,'163',NULL,''),(1096,48,'6',NULL,''),(1097,48,'36',NULL,''),(1098,48,'38',NULL,''),(1099,48,'40',NULL,''),(1100,48,'93',NULL,''),(1101,48,'39',NULL,''),(1102,48,'325',NULL,' 2555.56 '),(1103,48,'290',NULL,''),(1104,48,'41',NULL,''),(1105,48,'10',NULL,''),(1106,48,'34',NULL,''),(1107,48,'230',NULL,''),(1108,48,'8',NULL,' 6222.22 '),(1109,48,'37',NULL,' 3611.11 '),(1110,48,'234',NULL,' 6222.22 '),(1111,48,'251',NULL,''),(1112,48,'12',NULL,''),(1113,48,'101',NULL,''),(1114,48,'14',NULL,' 10833.34 '),(1115,48,'45',NULL,''),(1116,48,'46',NULL,''),(1117,48,'252',NULL,''),(1118,48,'47',NULL,''),(1119,48,'199',NULL,''),(1120,48,'90',NULL,''),(1121,48,'11',NULL,''),(1122,48,'16',NULL,''),(1123,48,'235',NULL,''),(1124,48,'51',NULL,''),(1125,48,'50',NULL,''),(1126,48,'245',NULL,''),(1127,48,'52',NULL,''),(1128,48,'13',NULL,' 10833.34 '),(1129,48,'116',NULL,''),(1130,48,'23',NULL,''),(1131,48,'7',NULL,''),(1132,48,'94',NULL,''),(1133,48,'79',NULL,''),(1134,48,'102',NULL,''),(1135,48,'9',NULL,''),(1136,48,'58',NULL,''),(1137,48,'80',NULL,''),(1138,48,'91',NULL,''),(1139,48,'62',NULL,''),(1140,48,'63',NULL,' 10833.34 '),(1141,48,'60',NULL,''),(1142,48,'64',NULL,''),(1143,48,'147',NULL,' 2166.67 '),(1144,48,'57',NULL,' 10888.90 '),(1145,48,'105',NULL,''),(1146,48,'146',NULL,''),(1147,48,'66',NULL,''),(1148,48,'136',NULL,''),(1149,48,'65',NULL,' 3250.00 '),(1150,48,'201',NULL,''),(1151,48,'56',NULL,''),(1152,48,'67',NULL,''),(1153,48,'73',NULL,''),(1154,48,'76',NULL,' 6500.00 '),(1155,48,'59',NULL,''),(1156,48,'68',NULL,''),(1157,48,'125',NULL,''),(1158,48,'2',NULL,' 5597.22 '),(1159,48,'18',NULL,' 3111.11 '),(1160,48,'17',NULL,''),(1161,48,'1',NULL,''),(1162,48,'4',NULL,''),(1163,48,'81',NULL,''),(1164,48,'289',NULL,''),(1165,48,'118',NULL,''),(1166,48,'21',NULL,' 3733.35 '),(1167,48,'22',NULL,' 3111.11 '),(1168,48,'3',NULL,' 3745.83 '),(1169,48,'24',NULL,''),(1170,48,'25',NULL,''),(1171,48,'121',NULL,''),(1172,48,'49',NULL,''),(1173,48,'61',NULL,''),(1174,48,'28',NULL,''),(1175,48,'29',NULL,' 2925.00 '),(1176,48,'30',NULL,''),(1177,48,'31',NULL,''),(1178,48,'32',NULL,' 2488.89 '),(1179,48,'33',NULL,''),(1180,51,'282',NULL,''),(1181,51,'141',NULL,''),(1182,51,'271',NULL,''),(1183,51,'78',NULL,' 500.00 '),(1184,51,'75',NULL,' 500.00 '),(1185,51,'324',NULL,''),(1186,51,'77',NULL,' 2500.00 '),(1187,51,'163',NULL,''),(1188,51,'6',NULL,''),(1189,51,'36',NULL,' 6667.00 '),(1190,51,'38',NULL,''),(1191,51,'40',NULL,''),(1192,51,'93',NULL,''),(1193,51,'39',NULL,' 200.00 '),(1194,51,'325',NULL,''),(1195,51,'290',NULL,''),(1196,51,'41',NULL,' 2200.00 '),(1197,51,'10',NULL,' 200.00 '),(1198,51,'34',NULL,''),(1199,51,'230',NULL,' 4200.00 '),(1200,51,'8',NULL,' 1600.00 '),(1201,51,'37',NULL,' 3450.00 '),(1202,51,'234',NULL,''),(1203,51,'251',NULL,''),(1204,51,'12',NULL,' 200.00 '),(1205,51,'101',NULL,' 300.00 '),(1206,51,'14',NULL,' 500.00 '),(1207,51,'45',NULL,' 500.00 '),(1208,51,'46',NULL,' 200.00 '),(1209,51,'252',NULL,''),(1210,51,'47',NULL,''),(1211,51,'199',NULL,''),(1212,51,'90',NULL,''),(1213,51,'11',NULL,' 200.00 '),(1214,51,'16',NULL,' 200.00 '),(1215,51,'235',NULL,''),(1216,51,'51',NULL,' 6867.00 '),(1217,51,'50',NULL,' 200.00 '),(1218,51,'245',NULL,''),(1219,51,'52',NULL,' 5000.00 '),(1220,51,'13',NULL,' 200.00 '),(1221,51,'116',NULL,' 500.00 '),(1222,51,'23',NULL,' 2700.00 '),(1223,51,'7',NULL,' 2500.00 '),(1224,51,'94',NULL,''),(1225,51,'79',NULL,''),(1226,51,'102',NULL,''),(1227,51,'9',NULL,' 500.00 '),(1228,51,'58',NULL,' 4200.00 '),(1229,51,'80',NULL,''),(1230,51,'91',NULL,' 3300.00 '),(1231,51,'62',NULL,' 5534.00 '),(1232,51,'63',NULL,' 500.00 '),(1233,51,'60',NULL,''),(1234,51,'64',NULL,''),(1235,51,'147',NULL,''),(1236,51,'57',NULL,''),(1237,51,'105',NULL,''),(1238,51,'146',NULL,''),(1239,51,'66',NULL,' 4700.00 '),(1240,51,'136',NULL,''),(1241,51,'65',NULL,' 200.00 '),(1242,51,'201',NULL,''),(1243,51,'56',NULL,''),(1244,51,'67',NULL,''),(1245,51,'73',NULL,' 500.00 '),(1246,51,'76',NULL,' 2200.00 '),(1247,51,'59',NULL,''),(1248,51,'68',NULL,' 2700.00 '),(1249,51,'125',NULL,' 2300.00 '),(1250,51,'2',NULL,' 300.00 '),(1251,51,'18',NULL,' 2200.00 '),(1252,51,'17',NULL,' 1450.00 '),(1253,51,'1',NULL,' 300.00 '),(1254,51,'4',NULL,' 1300.00 '),(1255,51,'81',NULL,' 200.00 '),(1256,51,'289',NULL,''),(1257,51,'118',NULL,' 2300.00 '),(1258,51,'21',NULL,' 200.00 '),(1259,51,'22',NULL,' 1700.00 '),(1260,51,'3',NULL,' 400.00 '),(1261,51,'24',NULL,' 800.00 '),(1262,51,'25',NULL,' 2367.00 '),(1263,51,'121',NULL,' 200.00 '),(1264,51,'49',NULL,' 200.00 '),(1265,51,'61',NULL,' 2400.00 '),(1266,51,'28',NULL,' 1000.00 '),(1267,51,'29',NULL,' 200.00 '),(1268,51,'30',NULL,' 1800.00 '),(1269,51,'31',NULL,' 2200.00 '),(1270,51,'32',NULL,' 300.00 '),(1271,51,'33',NULL,' 5000.00 '),(1272,66,'',0,'=MOS*12'),(1273,76,'',0,'MOS'),(1274,74,'',0,'=IF(Taxable Income>8000000,2410000+(0.35*(Taxable Income-8000000)),IF(Taxable Income>2000000,490000+(0.32*(Taxable Income-2000000)),IF(Taxable Income>800000,130000+(0.3*(Taxable Income-800000)),IF(Taxable Income>400000,30000+(0.25*(Taxable Income-400000)),IF(Taxable Income>250000,0.2*(Taxable Income-250000),0)))))/12'),(1275,67,'',0,'=100*12'),(1276,68,'',0,'=(MOS*0.01375)*12'),(1277,69,'',0,'=(MOS*.09)*12'),(1278,70,'',0,'=50*12'),(1279,71,'',0,'=MOS'),(1280,72,'',0,'=MOS'),(1281,73,'',0,'5000'),(1282,75,'',0,'=(Gross Income+IF(Bonus>90000,Bonus-90000,0))-Non-Taxable Income'),(1283,74,'125',NULL,''),(1284,74,'2',NULL,''),(1285,74,'18',NULL,''),(1286,74,'17',NULL,''),(1287,74,'1',NULL,''),(1288,74,'4',NULL,''),(1289,74,'81',NULL,''),(1290,74,'289',NULL,''),(1291,74,'118',NULL,''),(1292,74,'21',NULL,''),(1293,74,'22',NULL,''),(1294,74,'3',NULL,''),(1295,74,'24',NULL,''),(1296,74,'25',NULL,''),(1297,74,'121',NULL,''),(1298,74,'49',NULL,''),(1299,74,'61',NULL,''),(1300,74,'28',NULL,''),(1301,74,'29',NULL,''),(1302,74,'30',NULL,''),(1303,74,'31',NULL,''),(1304,74,'32',NULL,''),(1305,74,'33',NULL,''),(1306,74,'36',NULL,''),(1307,74,'38',NULL,''),(1308,74,'40',NULL,''),(1309,74,'93',NULL,''),(1310,74,'39',NULL,''),(1311,74,'325',NULL,''),(1312,74,'41',NULL,''),(1313,74,'290',NULL,''),(1314,74,'10',NULL,''),(1315,74,'34',NULL,''),(1316,74,'230',NULL,''),(1317,74,'8',NULL,''),(1318,74,'37',NULL,''),(1319,74,'234',NULL,''),(1320,74,'251',NULL,''),(1321,74,'12',NULL,''),(1322,74,'101',NULL,''),(1323,74,'14',NULL,''),(1324,74,'45',NULL,''),(1325,74,'46',NULL,''),(1326,74,'252',NULL,''),(1327,74,'47',NULL,''),(1328,74,'199',NULL,''),(1329,74,'90',NULL,''),(1330,74,'11',NULL,''),(1331,74,'16',NULL,''),(1332,74,'235',NULL,''),(1333,74,'51',NULL,''),(1334,74,'50',NULL,''),(1335,74,'52',NULL,''),(1336,74,'13',NULL,''),(1337,74,'116',NULL,''),(1338,74,'23',NULL,''),(1339,74,'7',NULL,''),(1340,74,'94',NULL,''),(1341,74,'79',NULL,''),(1342,74,'102',NULL,''),(1343,74,'9',NULL,''),(1344,74,'58',NULL,''),(1345,74,'80',NULL,''),(1346,74,'91',NULL,''),(1347,74,'62',NULL,''),(1348,74,'63',NULL,''),(1349,74,'60',NULL,''),(1350,74,'64',NULL,''),(1351,74,'147',NULL,''),(1352,74,'57',NULL,''),(1353,74,'105',NULL,''),(1354,74,'146',NULL,''),(1355,74,'66',NULL,''),(1356,74,'136',NULL,''),(1357,74,'65',NULL,'1003.38'),(1358,74,'201',NULL,''),(1359,74,'56',NULL,''),(1360,74,'67',NULL,''),(1361,74,'73',NULL,''),(1362,74,'76',NULL,''),(1363,74,'59',NULL,''),(1364,74,'68',NULL,''),(1365,74,'282',NULL,''),(1366,74,'141',NULL,''),(1367,74,'271',NULL,''),(1368,74,'78',NULL,''),(1369,74,'75',NULL,''),(1370,74,'77',NULL,''),(1371,74,'324',NULL,''),(1372,74,'163',NULL,''),(1373,74,'6',NULL,''),(1374,38,'',0,'=WTAX'),(1375,81,'',0,'=Minutes*(Daily Wage/480)'),(1376,85,'',0,'=((Daily Wage*Number of Days)-Amount)*.03'),(1377,80,'',0,'LATE'),(1378,74,'',NULL,''),(1379,86,'',0,'200'),(1380,36,'349',NULL,''),(1381,36,'346',NULL,''),(1382,36,'347',NULL,''),(1383,74,'349',NULL,''),(1384,74,'346',NULL,''),(1385,74,'347',NULL,'');

ALTER TABLE `tbl_payroll_related` ENABLE KEYS;
UNLOCK TABLES;
COMMIT;

--
-- Data for table: tbl_position
--
LOCK TABLES `tbl_position` WRITE;
ALTER TABLE `tbl_position` DISABLE KEYS;

INSERT INTO `tbl_position` (`no`,`position_code`,`position_desc`,`is_teaching`,`salary_grade`,`etype_id`) VALUES (1,'INST1','Instructor I',1,12,1),(2,'INST2','Instructor II',1,13,1),(3,'INST3','Instructor III',1,14,1),(4,'AP1','Assistant Professor I',1,15,1),(5,'AP2','Assistant Professor II',1,16,1),(6,'AP3','Assistant Professor III',1,17,1),(7,'AP4','Assistant Professor IV',1,18,1),(8,'APRO1','Associate Professor I',1,19,1),(9,'APRO2','Associate Professor II',1,20,1),(10,'APRO3','Associate Professor III',1,21,1),(11,'APRO4','Associate Professor IV',1,22,1),(12,'APRO5','Associate Professor V',1,23,1),(13,'PROF1','Professor I',1,24,1),(14,'PROF2','Professor II',1,25,1),(15,'PROF3','Professor III',1,26,1),(16,'PROF4','Professor IV',1,27,1),(17,'PROF5','Professor V',1,28,1),(18,'PROF6','Professor VI',1,29,1),(19,'UNIPROF','College Professor',1,30,1),(20,'ADA1','Administrative Aide I',0,1,2),(21,'ADA2','Administrative Aide II',0,2,2),(22,'ADA3','Administrative Aide III',0,3,2),(23,'ADA4','Administrative Aide IV',0,4,2),(24,'ADA5','Administrative Aide V',0,5,2),(25,'ADA6','Administrative Aide VI',0,6,2),(26,'ADAS1','Administrative Assistant I',0,7,2),(27,'ADAS2','Administrative Assistant II',0,8,2),(28,'ADAS3','Administrative Assistant III',0,9,2),(29,'ADAS4','Administrative Assistant IV',0,10,2),(30,'ADAS5','Administrative Assistant V',0,11,2),(31,'ADAS6','Administrative Assistant VI',0,12,2),(32,'SADAS1','Senior Administrative Assistant I',0,13,2),(33,'SADAS2','Senior Administrative Assistant II',0,14,2),(34,'SADAS3','Senior Administrative Assistant III',0,15,2),(35,'SADAS4','Senior Administrative Assistant IV',0,16,2),(36,'SADAS5','Senior Administrative Assistant V',0,18,2),(37,'ADOF1','Administrative Officer I',0,10,2),(38,'ADOF2','Administrative Officer II',0,11,2),(39,'ADOF3','Administrative Officer III',0,14,2),(40,'ADOF4','Administrative Officer IV',0,15,2),(41,'ADOF5','Administrative Officer V',0,18,2),(42,'SADOF','Supervising Administrative Officer',0,22,2),(43,'CADOF','Chef Administrative Officer',0,24,2),(44,'A1','Accountant I',0,12,2),(45,'A2','Accountant II',0,16,2),(46,'A3','Accountant III',0,19,2),(47,'A4','Accountant IV',0,22,2),(53,'NURS1','Nurse I',0,11,2),(54,'NURS2','Nurse II',0,15,2),(55,'NURS3','Nurse III',0,17,2),(56,'NURS4','Nurse IV',0,19,2),(57,'NURS5','Nurse V',0,20,2),(58,'NURS6','Nurse VI',0,22,2),(59,'NURS7','Nurse VII',0,24,2),(60,'CL1','College Librarian I',0,13,2),(61,'CL2','College Librarian II',0,15,2),(62,'CL3','College Librarian III',0,18,2),(63,'CL4','College Librarian IV',0,22,2),(64,'CL5','College Librarian V',0,24,2),(65,'LIBA','Librarian Aide',0,2,2),(66,'LIB1','Librarian I',0,11,2),(67,'LIB2','Librarian II',0,15,2),(68,'LIB3','Librarian III',0,18,2),(69,'LIB4','Librarian IV',0,22,2),(70,'LIB5','Librarian V',0,24,2),(71,'R1','Registrar I',0,11,2),(72,'R2','Registrar II',0,15,2),(73,'R3','Registrar III',0,18,2),(74,'R4','Registrar IV',0,22,2),(75,'R5','Registrar V',0,24,2),(76,'UNISEC1','University Secretary I',0,28,2),(77,'UNISEC2','University Secretary II',0,29,2),(78,'SUCVP1','SUC Vice-President I',0,25,2),(79,'SUCVP2','SUC Vice-President II',0,26,2),(80,'SUCVP3','SUC Vice-President III',0,27,2),(81,'SUCVP4','SUC Vice-President IV',0,28,2),(82,'SUCPRES1','SUC President I',0,27,2),(83,'SUCPRES2','SUC President II',0,28,2),(84,'SUCPRES3','SUC President III',0,29,2),(85,'SUCPRES4','SUC President IV',0,30,2),(86,'GUIDC1','Guidance Counselor I',0,11,2),(87,'GUIDC2','Guidance Counselor II',0,12,2),(88,'GUIDC3','Guidance Counselor III',0,13,2),(89,'GCOOR1','Guidance Coordinator I',0,14,2),(90,'GCOOR2','Guidance Coordinator II',0,15,2),(91,'GCOOR3','Guidance Coordinator III',0,16,2),(92,'SECG1','Security Guard I',0,3,2),(93,'SECG2','Security Guard II',0,5,2),(94,'SECG3','Security Guard III',0,8,2),(95,'ATY1','Attorney I',0,16,2),(96,'ATY2','Attorney II',0,18,2),(97,'ATY3','Attorney III',0,21,2),(98,'ATY4','Attorney IV',0,23,2),(99,'ATY5','Attorney V',0,25,2),(100,'ATY6','Attorney VI',0,26,2),(101,'SL1','School Librarian I',0,11,2),(102,'SL2','School Librarian II',0,12,2),(103,'SL3','School Librarian III',0,13,2),(112,'BS1','Board Secretary I ',0,14,2),(113,'BS2','Board Secretary II',0,17,2),(114,'BS3','Board Secretary III',0,20,2),(115,'BS4','Board Secretary IV',0,22,2),(116,'BS5','Board Secretary V',0,24,2),(117,'PDO1','Project Development Officer I',0,8,2),(118,'PDO2','Project Development Officer II',0,11,2),(119,'PDO3','Project Development Officer III',0,18,2),(120,'PDO4','Project Development Officer IV',0,22,2),(121,'PDO5','Project Development Officer V',0,24,2),(122,'ARC1','Architect I',0,12,2),(123,'ARC2','Architect II',0,16,2),(124,'ARC3','Architect III',0,19,2),(125,'ARC4','Architect IV',0,22,2),(126,'ARC5','Architect V',0,24,2),(127,'ENG1','Engineer I',0,12,2),(128,'ENG2','Engineer II',0,16,2),(129,'ENG3','Engineer III',0,19,2),(130,'ENG4','Engineer IV',0,22,2),(131,'ENG5','Engineer V',0,24,2),(132,'DENT1','Dentist I',0,14,2),(133,'DENT2','Dentist II',0,17,2),(134,'DENT3','Dentist III',0,20,0),(135,'DENT4','Dentist IV',0,23,2),(136,'DENT5','Dentist V',0,24,2),(137,'DENT6','Dentist VI',0,26,2),(138,'DENT7','Dentist VII',0,28,2),(139,'MDOF1','Medical Officer I',0,16,2),(140,'MDOF2','Medical Officer II',0,18,2),(141,'MDOF3','Medical Officer III',0,21,2),(142,'MDOF4','Medical Officer IV',0,23,2),(143,'MDOF5','Medical Officer V',0,25,2),(144,'FAWK1','Farm Worker I',0,2,2),(145,'FAWK2','Farm Worker II',0,4,2),(146,'AK1','Animal Keeper I',0,4,2),(147,'AK2','Animal Keeper II',0,6,2),(148,'AK3','Animal Keeper III',0,9,2),(149,'WCHM1','Watchman I',0,2,2),(150,'WCHM2','Watchman II',0,4,2),(151,'WCHM3','Watchman III',0,7,2),(152,'DORMG1','Dormitory Manager I',0,9,2),(153,'DORMG2','Dormitory Manager II',0,11,2),(154,'DORMG3','Dormitory Manager III',0,15,2),(155,'DORMG4','Dormitory Manager IV',0,18,2),(156,'JO','Administrative Aide',0,0,6),(157,'COS','COS Instructor',1,0,5),(158,'PROG','Programmer',0,0,7);

ALTER TABLE `tbl_position` ENABLE KEYS;
UNLOCK TABLES;
COMMIT;

--
-- Data for table: tbl_privilege
--
LOCK TABLES `tbl_privilege` WRITE;
ALTER TABLE `tbl_privilege` DISABLE KEYS;

INSERT INTO `tbl_privilege` (`priv_id`,`priv_desc`,`priv_level`) VALUES (1,'HR Officer',1),(2,'SUC President',2),(3,'Campus Administrator',3),(4,'Accountant',4),(5,'Cashier',5),(6,'College Dean',6),(7,'Payroll Officer',7),(8,'N/A',0);

ALTER TABLE `tbl_privilege` ENABLE KEYS;
UNLOCK TABLES;
COMMIT;

--
-- Data for table: tbl_salary_grade
--
LOCK TABLES `tbl_salary_grade` WRITE;
ALTER TABLE `tbl_salary_grade` DISABLE KEYS;

INSERT INTO `tbl_salary_grade` (`no`,`salary_grade`,`step_increment`,`campus_id`,`date_implemented`) VALUES (1,1,'10510,10602,10695,10789,10884,10982,11076,11173',4,'2020-01-01'),(2,2,'11200,11293,11386,11480,11575,11671,11767,11864',4,'2020-01-01'),(3,3,'11914,12013,12112,12212,12313,12414,12517,12620',4,'2020-01-01'),(4,4,'12674,12778,12884,12990,13097,13206,13315,13424',4,'2020-01-01'),(5,5,'13481,13606,13705,13818,13932,14047,14163,14280',4,'2020-01-01'),(6,6,'14340,14459,14578,14699,14820,14942,15066,15190',4,'2020-01-01'),(7,7,'15254,15380,15507,15635,15765,15895,16026,16158',4,'2020-01-01'),(8,8,'16282,16433,16585,16739,16895,17051,17209,17369',4,'2020-01-01'),(9,9,'17473,17627,17781,17937,18095,18253,18413,18575',4,'2020-01-01'),(10,10,'18718,18883,19048,19215,19384,19567,19725,19898',4,'2020-01-01'),(11,11,'20179,20437,20698,20963,21231,21502,21777,22055',4,'2020-01-01'),(12,12,'22149,22410,22674,22942,23212,23486,23763,24043',4,'2020-01-01'),(13,13,'24224,24510,24799,25091,25387,25686,25989,26296',4,'2020-01-01'),(14,14,'26494,26806,27122,27442,27766,28093,28424,28759',4,'2020-01-01'),(15,15,'29010,29359,29713,30071,30432,30799,31170,31545',4,'2020-01-01'),(16,16,'31765,32147,32535,32926,33323,33724,34130,34541',4,'2020-01-01'),(17,17,'34781,35201,35624,36053,36487,36927,37371,37821',4,'2020-01-01'),(18,18,'38085,38543,39007,39477,39952,40433,40920,41413',4,'2020-01-01'),(19,19,'42099,42730,43371,44020,44680,45350,46030,46720',4,'2020-01-01'),(20,20,'47037,47742,48457,49184,49921,50669,51428,52199',4,'2020-01-01'),(21,21,'52554,53341,54141,54952,55776,56612,57460,58322',4,'2020-01-01'),(22,22,'58717,59597,60491,61397,62318,63252,64200,65162',4,'2020-01-01'),(23,23,'65604,66587,67585,68598,69627,70670,71730,72805',4,'2020-01-01'),(24,24,'73299,74397,75512,76644,77793,78959,80143,81344',4,'2020-01-01'),(25,25,'82439,83674,84928,86201,87493,88805,90136,91487',4,'2020-01-01'),(26,26,'92108,93488,94889,96312,97755,99221,100708,102217',4,'2020-01-01'),(27,27,'102910,104453,106019,107608,109221,110858,112519,114210',4,'2020-01-01'),(28,28,'114981,116704,118453,120229,122031,123860,125716,127601',4,'2020-01-01'),(29,29,'128467,130392,132346,134330,136343,138387,140461,142566',4,'2020-01-01'),(30,30,'143534,145685,147869,150085,152335,154618,156935,159288',4,'2020-01-01'),(31,31,'198168,201615,205121,208689,212318,216011,219768,223590',4,'2020-01-01'),(32,32,'233857,238035,242288,246618,251024,255509,260074,264721',4,'2020-01-01'),(33,33,'289401,298083',4,'2020-01-01');

ALTER TABLE `tbl_salary_grade` ENABLE KEYS;
UNLOCK TABLES;
COMMIT;

--
-- Data for table: tbl_schedule
--
LOCK TABLES `tbl_schedule` WRITE;
ALTER TABLE `tbl_schedule` DISABLE KEYS;

INSERT INTO `tbl_schedule` (`no`,`sched_code`,`weekday`,`am_in`,`am_out`,`pm_in`,`pm_out`) VALUES (1,'SCHED0001','Monday','07:30:00','11:30:00','13:00:00','17:00:00'),(2,'SCHED0001','Tuesday','07:30:00','11:30:00','13:00:00','17:00:00'),(3,'SCHED0001','Wednesday','07:30:00','11:30:00','13:00:00','17:00:00'),(4,'SCHED0001','Thursday','07:30:00','11:30:00','13:00:00','17:00:00'),(5,'SCHED0001','Friday','07:30:00','11:30:00','13:00:00','17:00:00'),(6,'SCHED0002','Monday','08:00:00','12:00:00','13:00:00','17:00:00'),(7,'SCHED0002','Tuesday','08:00:00','12:00:00','13:00:00','17:00:00'),(8,'SCHED0002','Wednesday','08:00:00','12:00:00','13:00:00','17:00:00'),(9,'SCHED0002','Thursday','08:00:00','12:00:00','13:00:00','17:00:00'),(10,'SCHED0002','Friday','08:00:00','12:00:00','13:00:00','17:00:00'),(18,'SCHED0003','Monday','07:20:00','12:00:00','13:00:00','17:00:00'),(19,'SCHED0003','Tuesday','07:20:00','12:00:00','13:00:00','17:00:00');

ALTER TABLE `tbl_schedule` ENABLE KEYS;
UNLOCK TABLES;
COMMIT;

--
-- Data for table: tbl_schedule_preset
--
LOCK TABLES `tbl_schedule_preset` WRITE;
ALTER TABLE `tbl_schedule_preset` DISABLE KEYS;

INSERT INTO `tbl_schedule_preset` (`preset_id`,`sched_code`,`sched_day`,`sched_time`) VALUES (1,'SCHED0001','EVERYDAY','07:30AM - 11:30AM | 01:00PM - 05:00PM'),(2,'SCHED0002','EVERYDAY','08:00AM - 12:00NN | 01:00PM - 05:00PM');

ALTER TABLE `tbl_schedule_preset` ENABLE KEYS;
UNLOCK TABLES;
COMMIT;

--
-- Data for table: tbl_settings
--
LOCK TABLES `tbl_settings` WRITE;
ALTER TABLE `tbl_settings` DISABLE KEYS;

INSERT INTO `tbl_settings` (`no`,`keyword`,`value`) VALUES (1,'offline_server_ip','192.168.1.222'),(2,'offline_server_user','root'),(3,'offline_server_password','password'),(4,'online_server_ip','66.96.147.104'),(5,'online_server_user','cbsuadtrs'),(6,'online_server_password','@SEAug8g^ZE'),(7,'log_interval','5'),(8,'auto_sync','1'),(9,'bio_server_ip',''),(10,'bio_server_user',''),(11,'bio_server_password','');

ALTER TABLE `tbl_settings` ENABLE KEYS;
UNLOCK TABLES;
COMMIT;

--
-- Data for table: tbl_user_employee
--
LOCK TABLES `tbl_user_employee` WRITE;
ALTER TABLE `tbl_user_employee` DISABLE KEYS;

INSERT INTO `tbl_user_employee` (`no`,`employee_id`,`employee_username`,`employee_password`) VALUES (1,'1','sonia_casulla','$2y$10$f8zoAMzVMrxbkgrf9eG/4uteIuGoT6YIjs/V8Ox7kg8q9YvcZhbM.'),(2,'2','maria minerva_aragon','$2y$10$f8zoAMzVMrxbkgrf9eG/4uteIuGoT6YIjs/V8Ox7kg8q9YvcZhbM.'),(3,'3','vilma_lositaño','$2y$10$f8zoAMzVMrxbkgrf9eG/4uteIuGoT6YIjs/V8Ox7kg8q9YvcZhbM.'),(4,'4','orlando_casulla','$2y$10$f8zoAMzVMrxbkgrf9eG/4uteIuGoT6YIjs/V8Ox7kg8q9YvcZhbM.'),(5,'5','elizabeth_villa','$2y$10$f8zoAMzVMrxbkgrf9eG/4uteIuGoT6YIjs/V8Ox7kg8q9YvcZhbM.'),(6,'6','edgardo_uvas','$2y$10$f8zoAMzVMrxbkgrf9eG/4uteIuGoT6YIjs/V8Ox7kg8q9YvcZhbM.'),(7,'7','zeus_lositaño','$2y$10$f8zoAMzVMrxbkgrf9eG/4uteIuGoT6YIjs/V8Ox7kg8q9YvcZhbM.'),(8,'8','douglas angel ii_aragon','$2y$10$f8zoAMzVMrxbkgrf9eG/4uteIuGoT6YIjs/V8Ox7kg8q9YvcZhbM.'),(9,'9','maliwayway_matamorosa','$2y$10$f8zoAMzVMrxbkgrf9eG/4uteIuGoT6YIjs/V8Ox7kg8q9YvcZhbM.'),(10,'10','rico_almonte','$2y$10$f8zoAMzVMrxbkgrf9eG/4uteIuGoT6YIjs/V8Ox7kg8q9YvcZhbM.'),(11,'11','gerardo_eborda','$2y$10$f8zoAMzVMrxbkgrf9eG/4uteIuGoT6YIjs/V8Ox7kg8q9YvcZhbM.'),(12,'12','dionesia_beraña','$2y$10$f8zoAMzVMrxbkgrf9eG/4uteIuGoT6YIjs/V8Ox7kg8q9YvcZhbM.'),(13,'13','josephine_gonzales','$2y$10$f8zoAMzVMrxbkgrf9eG/4uteIuGoT6YIjs/V8Ox7kg8q9YvcZhbM.'),(14,'14','ana maria_bonito','$2y$10$f8zoAMzVMrxbkgrf9eG/4uteIuGoT6YIjs/V8Ox7kg8q9YvcZhbM.'),(16,'16','mia_eborda','$2y$10$f8zoAMzVMrxbkgrf9eG/4uteIuGoT6YIjs/V8Ox7kg8q9YvcZhbM.'),(17,'17','ernesto_baliza','$2y$10$f8zoAMzVMrxbkgrf9eG/4uteIuGoT6YIjs/V8Ox7kg8q9YvcZhbM.'),(18,'18','francisco_balane','$2y$10$f8zoAMzVMrxbkgrf9eG/4uteIuGoT6YIjs/V8Ox7kg8q9YvcZhbM.'),(19,'19','santos_bonito','$2y$10$f8zoAMzVMrxbkgrf9eG/4uteIuGoT6YIjs/V8Ox7kg8q9YvcZhbM.'),(20,'20','shirley_bron','$2y$10$f8zoAMzVMrxbkgrf9eG/4uteIuGoT6YIjs/V8Ox7kg8q9YvcZhbM.'),(21,'21','leonel_fiesta','$2y$10$f8zoAMzVMrxbkgrf9eG/4uteIuGoT6YIjs/V8Ox7kg8q9YvcZhbM.'),(22,'22','leoro_jovillano','$2y$10$f8zoAMzVMrxbkgrf9eG/4uteIuGoT6YIjs/V8Ox7kg8q9YvcZhbM.'),(23,'23','julie_llagas','$2y$10$f8zoAMzVMrxbkgrf9eG/4uteIuGoT6YIjs/V8Ox7kg8q9YvcZhbM.'),(24,'24','agnes_midem','$2y$10$f8zoAMzVMrxbkgrf9eG/4uteIuGoT6YIjs/V8Ox7kg8q9YvcZhbM.'),(25,'25','santos_millena','$2y$10$f8zoAMzVMrxbkgrf9eG/4uteIuGoT6YIjs/V8Ox7kg8q9YvcZhbM.'),(26,'26','edgardo_nera','$2y$10$f8zoAMzVMrxbkgrf9eG/4uteIuGoT6YIjs/V8Ox7kg8q9YvcZhbM.'),(27,'27','eloida_ronquillo','$2y$10$f8zoAMzVMrxbkgrf9eG/4uteIuGoT6YIjs/V8Ox7kg8q9YvcZhbM.'),(28,'28','renjene_rivera','$2y$10$f8zoAMzVMrxbkgrf9eG/4uteIuGoT6YIjs/V8Ox7kg8q9YvcZhbM.'),(29,'29','mechill_samarista','$2y$10$f8zoAMzVMrxbkgrf9eG/4uteIuGoT6YIjs/V8Ox7kg8q9YvcZhbM.'),(30,'30','zandro_samarista','$2y$10$f8zoAMzVMrxbkgrf9eG/4uteIuGoT6YIjs/V8Ox7kg8q9YvcZhbM.'),(31,'31','daniel_tibi','$2y$10$f8zoAMzVMrxbkgrf9eG/4uteIuGoT6YIjs/V8Ox7kg8q9YvcZhbM.'),(32,'32','frank vincent_villafuerte','$2y$10$f8zoAMzVMrxbkgrf9eG/4uteIuGoT6YIjs/V8Ox7kg8q9YvcZhbM.'),(33,'33','mary francesca_villafuerte','$2y$10$f8zoAMzVMrxbkgrf9eG/4uteIuGoT6YIjs/V8Ox7kg8q9YvcZhbM.'),(34,'34','erlinda_almonte','$2y$10$f8zoAMzVMrxbkgrf9eG/4uteIuGoT6YIjs/V8Ox7kg8q9YvcZhbM.'),(35,'35','yvonne_abendanio','$2y$10$f8zoAMzVMrxbkgrf9eG/4uteIuGoT6YIjs/V8Ox7kg8q9YvcZhbM.'),(36,'36','rhea_abergos','$2y$10$f8zoAMzVMrxbkgrf9eG/4uteIuGoT6YIjs/V8Ox7kg8q9YvcZhbM.'),(37,'37','ma. expedita_artiaga','$2y$10$f8zoAMzVMrxbkgrf9eG/4uteIuGoT6YIjs/V8Ox7kg8q9YvcZhbM.'),(38,'38','emelda_ablao','$2y$10$f8zoAMzVMrxbkgrf9eG/4uteIuGoT6YIjs/V8Ox7kg8q9YvcZhbM.'),(39,'39','basilio_aguirre','$2y$10$f8zoAMzVMrxbkgrf9eG/4uteIuGoT6YIjs/V8Ox7kg8q9YvcZhbM.'),(40,'40','roberto_ablao','$2y$10$f8zoAMzVMrxbkgrf9eG/4uteIuGoT6YIjs/V8Ox7kg8q9YvcZhbM.'),(41,'41','ariel_almasco','$2y$10$f8zoAMzVMrxbkgrf9eG/4uteIuGoT6YIjs/V8Ox7kg8q9YvcZhbM.'),(42,'42','grace_alemania','$2y$10$f8zoAMzVMrxbkgrf9eG/4uteIuGoT6YIjs/V8Ox7kg8q9YvcZhbM.'),(43,'43','danilo_alemania','$2y$10$f8zoAMzVMrxbkgrf9eG/4uteIuGoT6YIjs/V8Ox7kg8q9YvcZhbM.'),(44,'44','bernardo_despabiladeras','$2y$10$f8zoAMzVMrxbkgrf9eG/4uteIuGoT6YIjs/V8Ox7kg8q9YvcZhbM.'),(45,'45','cesar armando_camba','$2y$10$f8zoAMzVMrxbkgrf9eG/4uteIuGoT6YIjs/V8Ox7kg8q9YvcZhbM.'),(46,'46','romulo_candelaria','$2y$10$f8zoAMzVMrxbkgrf9eG/4uteIuGoT6YIjs/V8Ox7kg8q9YvcZhbM.'),(47,'47','rowel_castuera','$2y$10$f8zoAMzVMrxbkgrf9eG/4uteIuGoT6YIjs/V8Ox7kg8q9YvcZhbM.'),(48,'48','joanabelle_delos santos','$2y$10$f8zoAMzVMrxbkgrf9eG/4uteIuGoT6YIjs/V8Ox7kg8q9YvcZhbM.'),(49,'49','lucila_pavericio','$2y$10$f8zoAMzVMrxbkgrf9eG/4uteIuGoT6YIjs/V8Ox7kg8q9YvcZhbM.'),(50,'50','carlos_evangelio','$2y$10$f8zoAMzVMrxbkgrf9eG/4uteIuGoT6YIjs/V8Ox7kg8q9YvcZhbM.'),(51,'51','salvacion_eje','$2y$10$f8zoAMzVMrxbkgrf9eG/4uteIuGoT6YIjs/V8Ox7kg8q9YvcZhbM.'),(52,'52','dennis_gabon','$2y$10$f8zoAMzVMrxbkgrf9eG/4uteIuGoT6YIjs/V8Ox7kg8q9YvcZhbM.'),(53,'53','salve_ebuenga','$2y$10$f8zoAMzVMrxbkgrf9eG/4uteIuGoT6YIjs/V8Ox7kg8q9YvcZhbM.'),(54,'54','cristeta_juego','$2y$10$f8zoAMzVMrxbkgrf9eG/4uteIuGoT6YIjs/V8Ox7kg8q9YvcZhbM.'),(55,'55','alvin_kasilag','$2y$10$f8zoAMzVMrxbkgrf9eG/4uteIuGoT6YIjs/V8Ox7kg8q9YvcZhbM.'),(56,'56','elsie eden_piansay','$2y$10$f8zoAMzVMrxbkgrf9eG/4uteIuGoT6YIjs/V8Ox7kg8q9YvcZhbM.'),(57,'57','lourdes_nieva','$2y$10$f8zoAMzVMrxbkgrf9eG/4uteIuGoT6YIjs/V8Ox7kg8q9YvcZhbM.'),(58,'58','benilda_metran','$2y$10$f8zoAMzVMrxbkgrf9eG/4uteIuGoT6YIjs/V8Ox7kg8q9YvcZhbM.'),(59,'59','francisco_ronquillo','$2y$10$f8zoAMzVMrxbkgrf9eG/4uteIuGoT6YIjs/V8Ox7kg8q9YvcZhbM.'),(60,'60','joseph_navarroza','$2y$10$f8zoAMzVMrxbkgrf9eG/4uteIuGoT6YIjs/V8Ox7kg8q9YvcZhbM.'),(61,'61','dolores_perez','$2y$10$f8zoAMzVMrxbkgrf9eG/4uteIuGoT6YIjs/V8Ox7kg8q9YvcZhbM.'),(62,'62','charmayn_nate','$2y$10$f8zoAMzVMrxbkgrf9eG/4uteIuGoT6YIjs/V8Ox7kg8q9YvcZhbM.'),(63,'63','mercy_navarro','$2y$10$f8zoAMzVMrxbkgrf9eG/4uteIuGoT6YIjs/V8Ox7kg8q9YvcZhbM.'),(64,'64','myrna_navarroza','$2y$10$f8zoAMzVMrxbkgrf9eG/4uteIuGoT6YIjs/V8Ox7kg8q9YvcZhbM.'),(65,'65','evangelina_pamada','$2y$10$f8zoAMzVMrxbkgrf9eG/4uteIuGoT6YIjs/V8Ox7kg8q9YvcZhbM.'),(66,'66','rhea catalina_padayao','$2y$10$f8zoAMzVMrxbkgrf9eG/4uteIuGoT6YIjs/V8Ox7kg8q9YvcZhbM.'),(67,'67','monera_pramis','$2y$10$f8zoAMzVMrxbkgrf9eG/4uteIuGoT6YIjs/V8Ox7kg8q9YvcZhbM.'),(68,'68','ian_sagario','$2y$10$f8zoAMzVMrxbkgrf9eG/4uteIuGoT6YIjs/V8Ox7kg8q9YvcZhbM.'),(69,'69','begilda_soriao','$2y$10$f8zoAMzVMrxbkgrf9eG/4uteIuGoT6YIjs/V8Ox7kg8q9YvcZhbM.'),(70,'70','rey_sanchez','$2y$10$f8zoAMzVMrxbkgrf9eG/4uteIuGoT6YIjs/V8Ox7kg8q9YvcZhbM.'),(71,'71','emma_rellora','$2y$10$f8zoAMzVMrxbkgrf9eG/4uteIuGoT6YIjs/V8Ox7kg8q9YvcZhbM.'),(72,'72','rachel_peña','$2y$10$f8zoAMzVMrxbkgrf9eG/4uteIuGoT6YIjs/V8Ox7kg8q9YvcZhbM.'),(73,'73','raquel_reapor','$2y$10$f8zoAMzVMrxbkgrf9eG/4uteIuGoT6YIjs/V8Ox7kg8q9YvcZhbM.'),(74,'74','marivic_rellora','$2y$10$f8zoAMzVMrxbkgrf9eG/4uteIuGoT6YIjs/V8Ox7kg8q9YvcZhbM.'),(75,'75','emerenciana maricris_tapar','$2y$10$f8zoAMzVMrxbkgrf9eG/4uteIuGoT6YIjs/V8Ox7kg8q9YvcZhbM.'),(76,'76','tessie_resurreccion','$2y$10$f8zoAMzVMrxbkgrf9eG/4uteIuGoT6YIjs/V8Ox7kg8q9YvcZhbM.'),(77,'77','gilda_taupa','$2y$10$f8zoAMzVMrxbkgrf9eG/4uteIuGoT6YIjs/V8Ox7kg8q9YvcZhbM.'),(78,'78','apple jane_tagum','$2y$10$f8zoAMzVMrxbkgrf9eG/4uteIuGoT6YIjs/V8Ox7kg8q9YvcZhbM.'),(79,'79','odelio_macinas','$2y$10$f8zoAMzVMrxbkgrf9eG/4uteIuGoT6YIjs/V8Ox7kg8q9YvcZhbM.'),(80,'80','fernando_mirandilla','$2y$10$f8zoAMzVMrxbkgrf9eG/4uteIuGoT6YIjs/V8Ox7kg8q9YvcZhbM.'),(81,'81','ireneo_delos santos','$2y$10$f8zoAMzVMrxbkgrf9eG/4uteIuGoT6YIjs/V8Ox7kg8q9YvcZhbM.'),(82,'82','santos_peña','$2y$10$f8zoAMzVMrxbkgrf9eG/4uteIuGoT6YIjs/V8Ox7kg8q9YvcZhbM.'),(83,'83','arle azela_delos santos','$2y$10$f8zoAMzVMrxbkgrf9eG/4uteIuGoT6YIjs/V8Ox7kg8q9YvcZhbM.'),(84,'84','hermoso_pereja','$2y$10$f8zoAMzVMrxbkgrf9eG/4uteIuGoT6YIjs/V8Ox7kg8q9YvcZhbM.'),(85,'85','ricardo_valenzuela','$2y$10$f8zoAMzVMrxbkgrf9eG/4uteIuGoT6YIjs/V8Ox7kg8q9YvcZhbM.'),(86,'86','cherry lyn_cuya','$2y$10$f8zoAMzVMrxbkgrf9eG/4uteIuGoT6YIjs/V8Ox7kg8q9YvcZhbM.'),(87,'87','april elaine_metran','$2y$10$f8zoAMzVMrxbkgrf9eG/4uteIuGoT6YIjs/V8Ox7kg8q9YvcZhbM.'),(88,'88','cherie_macalintal','$2y$10$f8zoAMzVMrxbkgrf9eG/4uteIuGoT6YIjs/V8Ox7kg8q9YvcZhbM.'),(89,'89','cecile_cantuba','$2y$10$f8zoAMzVMrxbkgrf9eG/4uteIuGoT6YIjs/V8Ox7kg8q9YvcZhbM.'),(90,'90','maricel_diokno','$2y$10$f8zoAMzVMrxbkgrf9eG/4uteIuGoT6YIjs/V8Ox7kg8q9YvcZhbM.'),(91,'91','jhunar_mirandilla','$2y$10$f8zoAMzVMrxbkgrf9eG/4uteIuGoT6YIjs/V8Ox7kg8q9YvcZhbM.'),(92,'92','nicanor_galang','$2y$10$f8zoAMzVMrxbkgrf9eG/4uteIuGoT6YIjs/V8Ox7kg8q9YvcZhbM.'),(93,'93','maria liliosa_agor','$2y$10$f8zoAMzVMrxbkgrf9eG/4uteIuGoT6YIjs/V8Ox7kg8q9YvcZhbM.'),(94,'94','sonny_machado','$2y$10$f8zoAMzVMrxbkgrf9eG/4uteIuGoT6YIjs/V8Ox7kg8q9YvcZhbM.'),(95,'95','katherine_agor','$2y$10$f8zoAMzVMrxbkgrf9eG/4uteIuGoT6YIjs/V8Ox7kg8q9YvcZhbM.'),(96,'96','betty_pornillos','$2y$10$f8zoAMzVMrxbkgrf9eG/4uteIuGoT6YIjs/V8Ox7kg8q9YvcZhbM.'),(97,'97','publio_peyra','$2y$10$f8zoAMzVMrxbkgrf9eG/4uteIuGoT6YIjs/V8Ox7kg8q9YvcZhbM.'),(98,'98','jose_aclan','$2y$10$f8zoAMzVMrxbkgrf9eG/4uteIuGoT6YIjs/V8Ox7kg8q9YvcZhbM.'),(99,'99','romeo_boragay','$2y$10$f8zoAMzVMrxbkgrf9eG/4uteIuGoT6YIjs/V8Ox7kg8q9YvcZhbM.'),(100,'100','randy_hista','$2y$10$f8zoAMzVMrxbkgrf9eG/4uteIuGoT6YIjs/V8Ox7kg8q9YvcZhbM.'),(101,'101','gerry_bongalos','$2y$10$f8zoAMzVMrxbkgrf9eG/4uteIuGoT6YIjs/V8Ox7kg8q9YvcZhbM.'),(102,'102','abril_mamansag','$2y$10$f8zoAMzVMrxbkgrf9eG/4uteIuGoT6YIjs/V8Ox7kg8q9YvcZhbM.'),(103,'103','nestor_cordero','$2y$10$f8zoAMzVMrxbkgrf9eG/4uteIuGoT6YIjs/V8Ox7kg8q9YvcZhbM.'),(104,'104','roy_barra','$2y$10$f8zoAMzVMrxbkgrf9eG/4uteIuGoT6YIjs/V8Ox7kg8q9YvcZhbM.'),(105,'105','jesusa_nocos','$2y$10$f8zoAMzVMrxbkgrf9eG/4uteIuGoT6YIjs/V8Ox7kg8q9YvcZhbM.'),(106,'106','mary ann_alcala','$2y$10$f8zoAMzVMrxbkgrf9eG/4uteIuGoT6YIjs/V8Ox7kg8q9YvcZhbM.'),(107,'107','dymphna_noleal','$2y$10$f8zoAMzVMrxbkgrf9eG/4uteIuGoT6YIjs/V8Ox7kg8q9YvcZhbM.'),(108,'108','imelda_balonzo','$2y$10$f8zoAMzVMrxbkgrf9eG/4uteIuGoT6YIjs/V8Ox7kg8q9YvcZhbM.'),(109,'109','lovelyn_magdaong','$2y$10$f8zoAMzVMrxbkgrf9eG/4uteIuGoT6YIjs/V8Ox7kg8q9YvcZhbM.'),(110,'110','arman_ludana','$2y$10$f8zoAMzVMrxbkgrf9eG/4uteIuGoT6YIjs/V8Ox7kg8q9YvcZhbM.'),(111,'111','judy_doctor','$2y$10$f8zoAMzVMrxbkgrf9eG/4uteIuGoT6YIjs/V8Ox7kg8q9YvcZhbM.'),(112,'112','analyn_magdaong','$2y$10$f8zoAMzVMrxbkgrf9eG/4uteIuGoT6YIjs/V8Ox7kg8q9YvcZhbM.'),(113,'113','norris_buri','$2y$10$f8zoAMzVMrxbkgrf9eG/4uteIuGoT6YIjs/V8Ox7kg8q9YvcZhbM.'),(114,'114','pedro_oya','$2y$10$f8zoAMzVMrxbkgrf9eG/4uteIuGoT6YIjs/V8Ox7kg8q9YvcZhbM.'),(115,'115','ernie_reynales','$2y$10$f8zoAMzVMrxbkgrf9eG/4uteIuGoT6YIjs/V8Ox7kg8q9YvcZhbM.'),(116,'116','gineo_juego','$2y$10$f8zoAMzVMrxbkgrf9eG/4uteIuGoT6YIjs/V8Ox7kg8q9YvcZhbM.'),(117,'117','ricardo_arce','$2y$10$f8zoAMzVMrxbkgrf9eG/4uteIuGoT6YIjs/V8Ox7kg8q9YvcZhbM.'),(118,'118','elizabeth_esmeralda','$2y$10$f8zoAMzVMrxbkgrf9eG/4uteIuGoT6YIjs/V8Ox7kg8q9YvcZhbM.'),(119,'119','jane_escolano','$2y$10$f8zoAMzVMrxbkgrf9eG/4uteIuGoT6YIjs/V8Ox7kg8q9YvcZhbM.'),(120,'120','eden_guce','$2y$10$f8zoAMzVMrxbkgrf9eG/4uteIuGoT6YIjs/V8Ox7kg8q9YvcZhbM.'),(121,'121','jojo_naz','$2y$10$f8zoAMzVMrxbkgrf9eG/4uteIuGoT6YIjs/V8Ox7kg8q9YvcZhbM.'),(122,'122','jaime_batangoso','$2y$10$f8zoAMzVMrxbkgrf9eG/4uteIuGoT6YIjs/V8Ox7kg8q9YvcZhbM.'),(123,'123','lara carmella_balonzo','$2y$10$f8zoAMzVMrxbkgrf9eG/4uteIuGoT6YIjs/V8Ox7kg8q9YvcZhbM.'),(124,'124','joy_silva','$2y$10$f8zoAMzVMrxbkgrf9eG/4uteIuGoT6YIjs/V8Ox7kg8q9YvcZhbM.'),(125,'125','reymar_abogado','$2y$10$f8zoAMzVMrxbkgrf9eG/4uteIuGoT6YIjs/V8Ox7kg8q9YvcZhbM.'),(126,'126','ernie mar_velasquez','$2y$10$f8zoAMzVMrxbkgrf9eG/4uteIuGoT6YIjs/V8Ox7kg8q9YvcZhbM.'),(127,'127','marilou_sevilla','$2y$10$f8zoAMzVMrxbkgrf9eG/4uteIuGoT6YIjs/V8Ox7kg8q9YvcZhbM.'),(128,'128','joan_macalintal','$2y$10$f8zoAMzVMrxbkgrf9eG/4uteIuGoT6YIjs/V8Ox7kg8q9YvcZhbM.'),(129,'129','adrian_buendia','$2y$10$f8zoAMzVMrxbkgrf9eG/4uteIuGoT6YIjs/V8Ox7kg8q9YvcZhbM.'),(130,'130','lyndon_salcedo','$2y$10$f8zoAMzVMrxbkgrf9eG/4uteIuGoT6YIjs/V8Ox7kg8q9YvcZhbM.'),(131,'131','jan aldwin_maravilla','$2y$10$f8zoAMzVMrxbkgrf9eG/4uteIuGoT6YIjs/V8Ox7kg8q9YvcZhbM.'),(132,'132','mary ann_almazar','$2y$10$f8zoAMzVMrxbkgrf9eG/4uteIuGoT6YIjs/V8Ox7kg8q9YvcZhbM.'),(133,'133','erwin_llame','$2y$10$f8zoAMzVMrxbkgrf9eG/4uteIuGoT6YIjs/V8Ox7kg8q9YvcZhbM.'),(134,'134','lorenzo_azur','$2y$10$f8zoAMzVMrxbkgrf9eG/4uteIuGoT6YIjs/V8Ox7kg8q9YvcZhbM.'),(135,'135','mar felix_jardinel','$2y$10$f8zoAMzVMrxbkgrf9eG/4uteIuGoT6YIjs/V8Ox7kg8q9YvcZhbM.'),(136,'136','aileen_paitan','$2y$10$f8zoAMzVMrxbkgrf9eG/4uteIuGoT6YIjs/V8Ox7kg8q9YvcZhbM.'),(137,'137','christian_san juan','$2y$10$f8zoAMzVMrxbkgrf9eG/4uteIuGoT6YIjs/V8Ox7kg8q9YvcZhbM.'),(138,'138','aiza_bellen','$2y$10$f8zoAMzVMrxbkgrf9eG/4uteIuGoT6YIjs/V8Ox7kg8q9YvcZhbM.'),(139,'139','elizabeth_maglaya','$2y$10$f8zoAMzVMrxbkgrf9eG/4uteIuGoT6YIjs/V8Ox7kg8q9YvcZhbM.'),(140,'140','joren_delos santos','$2y$10$f8zoAMzVMrxbkgrf9eG/4uteIuGoT6YIjs/V8Ox7kg8q9YvcZhbM.'),(141,'141','shayne cleo_sape','$2y$10$f8zoAMzVMrxbkgrf9eG/4uteIuGoT6YIjs/V8Ox7kg8q9YvcZhbM.'),(142,'142','jessica_silverio','$2y$10$f8zoAMzVMrxbkgrf9eG/4uteIuGoT6YIjs/V8Ox7kg8q9YvcZhbM.'),(143,'143','erwin_timbal','$2y$10$f8zoAMzVMrxbkgrf9eG/4uteIuGoT6YIjs/V8Ox7kg8q9YvcZhbM.'),(144,'144','alvin_car','$2y$10$f8zoAMzVMrxbkgrf9eG/4uteIuGoT6YIjs/V8Ox7kg8q9YvcZhbM.'),(145,'145','arlyn_aquino','$2y$10$f8zoAMzVMrxbkgrf9eG/4uteIuGoT6YIjs/V8Ox7kg8q9YvcZhbM.'),(146,'146','darrel_ocampo','$2y$10$f8zoAMzVMrxbkgrf9eG/4uteIuGoT6YIjs/V8Ox7kg8q9YvcZhbM.'),(147,'147','grace_negrete','$2y$10$f8zoAMzVMrxbkgrf9eG/4uteIuGoT6YIjs/V8Ox7kg8q9YvcZhbM.'),(148,'148','ruby angela_peña','$2y$10$f8zoAMzVMrxbkgrf9eG/4uteIuGoT6YIjs/V8Ox7kg8q9YvcZhbM.'),(149,'149','dario_escalante','$2y$10$f8zoAMzVMrxbkgrf9eG/4uteIuGoT6YIjs/V8Ox7kg8q9YvcZhbM.'),(150,'150','ma. czarina_sanao','$2y$10$f8zoAMzVMrxbkgrf9eG/4uteIuGoT6YIjs/V8Ox7kg8q9YvcZhbM.'),(151,'151','james_tranquilino','$2y$10$f8zoAMzVMrxbkgrf9eG/4uteIuGoT6YIjs/V8Ox7kg8q9YvcZhbM.'),(152,'152','kimberly_briones','$2y$10$f8zoAMzVMrxbkgrf9eG/4uteIuGoT6YIjs/V8Ox7kg8q9YvcZhbM.'),(153,'153','marites_gabriel','$2y$10$f8zoAMzVMrxbkgrf9eG/4uteIuGoT6YIjs/V8Ox7kg8q9YvcZhbM.'),(154,'154','reynel_moratalla','$2y$10$f8zoAMzVMrxbkgrf9eG/4uteIuGoT6YIjs/V8Ox7kg8q9YvcZhbM.'),(155,'155','alfredo_coronado','$2y$10$f8zoAMzVMrxbkgrf9eG/4uteIuGoT6YIjs/V8Ox7kg8q9YvcZhbM.'),(156,'156','vicente_ballano','$2y$10$f8zoAMzVMrxbkgrf9eG/4uteIuGoT6YIjs/V8Ox7kg8q9YvcZhbM.'),(157,'157','melanie_perfecto','$2y$10$f8zoAMzVMrxbkgrf9eG/4uteIuGoT6YIjs/V8Ox7kg8q9YvcZhbM.'),(158,'158','maria cristina_adriano','$2y$10$f8zoAMzVMrxbkgrf9eG/4uteIuGoT6YIjs/V8Ox7kg8q9YvcZhbM.'),(159,'159','kimberly_remollena','$2y$10$f8zoAMzVMrxbkgrf9eG/4uteIuGoT6YIjs/V8Ox7kg8q9YvcZhbM.'),(160,'160','allan_falcunaya','$2y$10$f8zoAMzVMrxbkgrf9eG/4uteIuGoT6YIjs/V8Ox7kg8q9YvcZhbM.'),(161,'161','maria giselle_cortezano','$2y$10$f8zoAMzVMrxbkgrf9eG/4uteIuGoT6YIjs/V8Ox7kg8q9YvcZhbM.'),(162,'162','angeline_reynales','$2y$10$f8zoAMzVMrxbkgrf9eG/4uteIuGoT6YIjs/V8Ox7kg8q9YvcZhbM.'),(163,'163','lelia_taya','$2y$10$f8zoAMzVMrxbkgrf9eG/4uteIuGoT6YIjs/V8Ox7kg8q9YvcZhbM.'),(164,'164','michael_asis','$2y$10$f8zoAMzVMrxbkgrf9eG/4uteIuGoT6YIjs/V8Ox7kg8q9YvcZhbM.'),(165,'165','melissa lara_calisura','$2y$10$f8zoAMzVMrxbkgrf9eG/4uteIuGoT6YIjs/V8Ox7kg8q9YvcZhbM.'),(166,'166','vernafe_carios','$2y$10$f8zoAMzVMrxbkgrf9eG/4uteIuGoT6YIjs/V8Ox7kg8q9YvcZhbM.'),(167,'167','mark loret_ted','$2y$10$f8zoAMzVMrxbkgrf9eG/4uteIuGoT6YIjs/V8Ox7kg8q9YvcZhbM.'),(168,'168','john dominick_limon','$2y$10$f8zoAMzVMrxbkgrf9eG/4uteIuGoT6YIjs/V8Ox7kg8q9YvcZhbM.'),(170,'170','ramilito_victorino','$2y$10$f8zoAMzVMrxbkgrf9eG/4uteIuGoT6YIjs/V8Ox7kg8q9YvcZhbM.'),(171,'171','earl jay_ruz','$2y$10$f8zoAMzVMrxbkgrf9eG/4uteIuGoT6YIjs/V8Ox7kg8q9YvcZhbM.'),(172,'172','dennis_toledo','$2y$10$f8zoAMzVMrxbkgrf9eG/4uteIuGoT6YIjs/V8Ox7kg8q9YvcZhbM.'),(173,'173','cheryliz_nobleza','$2y$10$f8zoAMzVMrxbkgrf9eG/4uteIuGoT6YIjs/V8Ox7kg8q9YvcZhbM.'),(174,'174','remier_calatay','$2y$10$f8zoAMzVMrxbkgrf9eG/4uteIuGoT6YIjs/V8Ox7kg8q9YvcZhbM.'),(176,'176','arlin_giron','$2y$10$f8zoAMzVMrxbkgrf9eG/4uteIuGoT6YIjs/V8Ox7kg8q9YvcZhbM.'),(177,'177','alden_altamarino','$2y$10$f8zoAMzVMrxbkgrf9eG/4uteIuGoT6YIjs/V8Ox7kg8q9YvcZhbM.'),(178,'178','carmylle_de leon','$2y$10$f8zoAMzVMrxbkgrf9eG/4uteIuGoT6YIjs/V8Ox7kg8q9YvcZhbM.'),(179,'179','sigrio nicole_paet','$2y$10$f8zoAMzVMrxbkgrf9eG/4uteIuGoT6YIjs/V8Ox7kg8q9YvcZhbM.'),(180,'180','ermar_aureus','$2y$10$f8zoAMzVMrxbkgrf9eG/4uteIuGoT6YIjs/V8Ox7kg8q9YvcZhbM.'),(181,'181','roniel_velasco','$2y$10$f8zoAMzVMrxbkgrf9eG/4uteIuGoT6YIjs/V8Ox7kg8q9YvcZhbM.'),(182,'182','diosdado_candelaria','$2y$10$f8zoAMzVMrxbkgrf9eG/4uteIuGoT6YIjs/V8Ox7kg8q9YvcZhbM.'),(183,'183','juan_gabon','$2y$10$f8zoAMzVMrxbkgrf9eG/4uteIuGoT6YIjs/V8Ox7kg8q9YvcZhbM.'),(185,'185','soledad_cena','$2y$10$f8zoAMzVMrxbkgrf9eG/4uteIuGoT6YIjs/V8Ox7kg8q9YvcZhbM.'),(186,'186','maricel josua_matriano','$2y$10$f8zoAMzVMrxbkgrf9eG/4uteIuGoT6YIjs/V8Ox7kg8q9YvcZhbM.'),(187,'187','bryan_fuerte','$2y$10$f8zoAMzVMrxbkgrf9eG/4uteIuGoT6YIjs/V8Ox7kg8q9YvcZhbM.'),(188,'188','myla_cortezano','$2y$10$f8zoAMzVMrxbkgrf9eG/4uteIuGoT6YIjs/V8Ox7kg8q9YvcZhbM.'),(189,'189','frodelisa_quiobe','$2y$10$f8zoAMzVMrxbkgrf9eG/4uteIuGoT6YIjs/V8Ox7kg8q9YvcZhbM.'),(190,'190','ruel_bautista','$2y$10$f8zoAMzVMrxbkgrf9eG/4uteIuGoT6YIjs/V8Ox7kg8q9YvcZhbM.'),(191,'191','jayson_pareño','$2y$10$f8zoAMzVMrxbkgrf9eG/4uteIuGoT6YIjs/V8Ox7kg8q9YvcZhbM.'),(192,'192','fiel_bandojo','$2y$10$f8zoAMzVMrxbkgrf9eG/4uteIuGoT6YIjs/V8Ox7kg8q9YvcZhbM.'),(193,'193','hemebel_cristo','$2y$10$f8zoAMzVMrxbkgrf9eG/4uteIuGoT6YIjs/V8Ox7kg8q9YvcZhbM.'),(194,'194','alvin_zaldua','$2y$10$f8zoAMzVMrxbkgrf9eG/4uteIuGoT6YIjs/V8Ox7kg8q9YvcZhbM.'),(195,'195','sarah jean_zaratar','$2y$10$f8zoAMzVMrxbkgrf9eG/4uteIuGoT6YIjs/V8Ox7kg8q9YvcZhbM.'),(196,'196','liz_marquez','$2y$10$f8zoAMzVMrxbkgrf9eG/4uteIuGoT6YIjs/V8Ox7kg8q9YvcZhbM.'),(197,'197','arturo_credo','$2y$10$f8zoAMzVMrxbkgrf9eG/4uteIuGoT6YIjs/V8Ox7kg8q9YvcZhbM.'),(198,'198','antonio_alteza','$2y$10$f8zoAMzVMrxbkgrf9eG/4uteIuGoT6YIjs/V8Ox7kg8q9YvcZhbM.'),(199,'199','maria aileen_de leon','$2y$10$f8zoAMzVMrxbkgrf9eG/4uteIuGoT6YIjs/V8Ox7kg8q9YvcZhbM.'),(200,'200','norman_gutierrez','$2y$10$f8zoAMzVMrxbkgrf9eG/4uteIuGoT6YIjs/V8Ox7kg8q9YvcZhbM.'),(201,'201','joseph_peñano','$2y$10$f8zoAMzVMrxbkgrf9eG/4uteIuGoT6YIjs/V8Ox7kg8q9YvcZhbM.'),(202,'202','jerry_aguilar','$2y$10$f8zoAMzVMrxbkgrf9eG/4uteIuGoT6YIjs/V8Ox7kg8q9YvcZhbM.'),(203,'203','razzel_casaul','$2y$10$f8zoAMzVMrxbkgrf9eG/4uteIuGoT6YIjs/V8Ox7kg8q9YvcZhbM.'),(204,'204','reggie_sergio','$2y$10$f8zoAMzVMrxbkgrf9eG/4uteIuGoT6YIjs/V8Ox7kg8q9YvcZhbM.'),(205,'205','rjay_lamadrid','$2y$10$BKwxJInFlpewLVnwt/5kPevf8c4U4d/bhEr7dZa9Yf6dHTwKxhBtC'),(206,'206','norianne_calleja','$2y$10$f8zoAMzVMrxbkgrf9eG/4uteIuGoT6YIjs/V8Ox7kg8q9YvcZhbM.'),(207,'207','rhyan_ril','$2y$10$f8zoAMzVMrxbkgrf9eG/4uteIuGoT6YIjs/V8Ox7kg8q9YvcZhbM.'),(208,'208','juluis ceazar_ebuenga','$2y$10$f8zoAMzVMrxbkgrf9eG/4uteIuGoT6YIjs/V8Ox7kg8q9YvcZhbM.'),(209,'209','kathleen_camacho','$2y$10$f8zoAMzVMrxbkgrf9eG/4uteIuGoT6YIjs/V8Ox7kg8q9YvcZhbM.'),(210,'210','jovelito_palo','$2y$10$f8zoAMzVMrxbkgrf9eG/4uteIuGoT6YIjs/V8Ox7kg8q9YvcZhbM.'),(211,'211','john marco_balane','$2y$10$f8zoAMzVMrxbkgrf9eG/4uteIuGoT6YIjs/V8Ox7kg8q9YvcZhbM.'),(212,'212','christian_millena','$2y$10$f8zoAMzVMrxbkgrf9eG/4uteIuGoT6YIjs/V8Ox7kg8q9YvcZhbM.'),(213,'213','jonel_casta??eda','$2y$10$f8zoAMzVMrxbkgrf9eG/4uteIuGoT6YIjs/V8Ox7kg8q9YvcZhbM.'),(214,'214','james_valencia','$2y$10$f8zoAMzVMrxbkgrf9eG/4uteIuGoT6YIjs/V8Ox7kg8q9YvcZhbM.'),(215,'215','jo-ann michelle_dio','$2y$10$f8zoAMzVMrxbkgrf9eG/4uteIuGoT6YIjs/V8Ox7kg8q9YvcZhbM.'),(216,'216','michael dranreb_damisil','$2y$10$f8zoAMzVMrxbkgrf9eG/4uteIuGoT6YIjs/V8Ox7kg8q9YvcZhbM.'),(217,'217','roel_riondanga','$2y$10$f8zoAMzVMrxbkgrf9eG/4uteIuGoT6YIjs/V8Ox7kg8q9YvcZhbM.'),(218,'218','jeaneth_pailano','$2y$10$f8zoAMzVMrxbkgrf9eG/4uteIuGoT6YIjs/V8Ox7kg8q9YvcZhbM.'),(219,'219','ruth_abergos','$2y$10$f8zoAMzVMrxbkgrf9eG/4uteIuGoT6YIjs/V8Ox7kg8q9YvcZhbM.'),(220,'220','ronald james_reil','$2y$10$f8zoAMzVMrxbkgrf9eG/4uteIuGoT6YIjs/V8Ox7kg8q9YvcZhbM.'),(221,'221','may coleen_gaor','$2y$10$f8zoAMzVMrxbkgrf9eG/4uteIuGoT6YIjs/V8Ox7kg8q9YvcZhbM.'),(222,'222','alvin_aringo','$2y$10$f8zoAMzVMrxbkgrf9eG/4uteIuGoT6YIjs/V8Ox7kg8q9YvcZhbM.'),(223,'223','rutchel_magpantay','$2y$10$f8zoAMzVMrxbkgrf9eG/4uteIuGoT6YIjs/V8Ox7kg8q9YvcZhbM.'),(224,'224','imelda_del rosario','$2y$10$f8zoAMzVMrxbkgrf9eG/4uteIuGoT6YIjs/V8Ox7kg8q9YvcZhbM.'),(225,'225','sieglend_de leon','$2y$10$f8zoAMzVMrxbkgrf9eG/4uteIuGoT6YIjs/V8Ox7kg8q9YvcZhbM.'),(226,'226','rachel_carillo','$2y$10$f8zoAMzVMrxbkgrf9eG/4uteIuGoT6YIjs/V8Ox7kg8q9YvcZhbM.'),(227,'227','dick harence_dela vega','$2y$10$f8zoAMzVMrxbkgrf9eG/4uteIuGoT6YIjs/V8Ox7kg8q9YvcZhbM.'),(228,'228','liezel_pelagio','$2y$10$f8zoAMzVMrxbkgrf9eG/4uteIuGoT6YIjs/V8Ox7kg8q9YvcZhbM.'),(229,'229','nathalie mae_ubalde','$2y$10$f8zoAMzVMrxbkgrf9eG/4uteIuGoT6YIjs/V8Ox7kg8q9YvcZhbM.'),(230,'230','mercy_almonte','$2y$10$f8zoAMzVMrxbkgrf9eG/4uteIuGoT6YIjs/V8Ox7kg8q9YvcZhbM.'),(231,'231','neljane_hernando','$2y$10$f8zoAMzVMrxbkgrf9eG/4uteIuGoT6YIjs/V8Ox7kg8q9YvcZhbM.'),(232,'232','daisy_supanga','$2y$10$f8zoAMzVMrxbkgrf9eG/4uteIuGoT6YIjs/V8Ox7kg8q9YvcZhbM.'),(233,'233','alyssa claire_villano','$2y$10$f8zoAMzVMrxbkgrf9eG/4uteIuGoT6YIjs/V8Ox7kg8q9YvcZhbM.'),(234,'234','arce_bellere','$2y$10$f8zoAMzVMrxbkgrf9eG/4uteIuGoT6YIjs/V8Ox7kg8q9YvcZhbM.'),(235,'235','aldin_echipare','$2y$10$f8zoAMzVMrxbkgrf9eG/4uteIuGoT6YIjs/V8Ox7kg8q9YvcZhbM.'),(236,'236','ruzel_bendo','$2y$10$f8zoAMzVMrxbkgrf9eG/4uteIuGoT6YIjs/V8Ox7kg8q9YvcZhbM.'),(237,'237','mary cris_amor','$2y$10$f8zoAMzVMrxbkgrf9eG/4uteIuGoT6YIjs/V8Ox7kg8q9YvcZhbM.'),(238,'238','zaldy_jardinel','$2y$10$f8zoAMzVMrxbkgrf9eG/4uteIuGoT6YIjs/V8Ox7kg8q9YvcZhbM.'),(239,'239','sarah jean_casulla','$2y$10$f8zoAMzVMrxbkgrf9eG/4uteIuGoT6YIjs/V8Ox7kg8q9YvcZhbM.'),(240,'240','ariel_nepomuceno','$2y$10$f8zoAMzVMrxbkgrf9eG/4uteIuGoT6YIjs/V8Ox7kg8q9YvcZhbM.'),(241,'241','janelle_credo','$2y$10$f8zoAMzVMrxbkgrf9eG/4uteIuGoT6YIjs/V8Ox7kg8q9YvcZhbM.'),(242,'242','bernadeth_canave','$2y$10$f8zoAMzVMrxbkgrf9eG/4uteIuGoT6YIjs/V8Ox7kg8q9YvcZhbM.'),(243,'243','diane_dy','$2y$10$f8zoAMzVMrxbkgrf9eG/4uteIuGoT6YIjs/V8Ox7kg8q9YvcZhbM.'),(244,'244','danreb_cedilla','$2y$10$f8zoAMzVMrxbkgrf9eG/4uteIuGoT6YIjs/V8Ox7kg8q9YvcZhbM.'),(245,'245','charles_evangelio','$2y$10$f8zoAMzVMrxbkgrf9eG/4uteIuGoT6YIjs/V8Ox7kg8q9YvcZhbM.'),(246,'246','cherrie rose_base','$2y$10$f8zoAMzVMrxbkgrf9eG/4uteIuGoT6YIjs/V8Ox7kg8q9YvcZhbM.'),(247,'247','melinda_rivero','$2y$10$f8zoAMzVMrxbkgrf9eG/4uteIuGoT6YIjs/V8Ox7kg8q9YvcZhbM.'),(248,'248','laurence mae_gomez','$2y$10$f8zoAMzVMrxbkgrf9eG/4uteIuGoT6YIjs/V8Ox7kg8q9YvcZhbM.'),(249,'249','christiamae_barra','$2y$10$f8zoAMzVMrxbkgrf9eG/4uteIuGoT6YIjs/V8Ox7kg8q9YvcZhbM.'),(250,'250','herbert_paral','$2y$10$f8zoAMzVMrxbkgrf9eG/4uteIuGoT6YIjs/V8Ox7kg8q9YvcZhbM.'),(251,'251','elaine_belmonte','$2y$10$f8zoAMzVMrxbkgrf9eG/4uteIuGoT6YIjs/V8Ox7kg8q9YvcZhbM.'),(252,'252','vince clemence_carcido','$2y$10$f8zoAMzVMrxbkgrf9eG/4uteIuGoT6YIjs/V8Ox7kg8q9YvcZhbM.'),(253,'253','jeffrey_pramis','$2y$10$f8zoAMzVMrxbkgrf9eG/4uteIuGoT6YIjs/V8Ox7kg8q9YvcZhbM.'),(254,'254','rina_delloro','$2y$10$f8zoAMzVMrxbkgrf9eG/4uteIuGoT6YIjs/V8Ox7kg8q9YvcZhbM.'),(255,'255','leo_almario','$2y$10$f8zoAMzVMrxbkgrf9eG/4uteIuGoT6YIjs/V8Ox7kg8q9YvcZhbM.'),(256,'256','angel boy_fiesta','$2y$10$f8zoAMzVMrxbkgrf9eG/4uteIuGoT6YIjs/V8Ox7kg8q9YvcZhbM.'),(257,'257','jackie lou_de dios','$2y$10$f8zoAMzVMrxbkgrf9eG/4uteIuGoT6YIjs/V8Ox7kg8q9YvcZhbM.'),(258,'258','neneth_camang','$2y$10$f8zoAMzVMrxbkgrf9eG/4uteIuGoT6YIjs/V8Ox7kg8q9YvcZhbM.'),(259,'259','roselle_natividad','$2y$10$f8zoAMzVMrxbkgrf9eG/4uteIuGoT6YIjs/V8Ox7kg8q9YvcZhbM.'),(260,'260','ike_bugagao','$2y$10$f8zoAMzVMrxbkgrf9eG/4uteIuGoT6YIjs/V8Ox7kg8q9YvcZhbM.'),(261,'261','andion luwi_montemayor','$2y$10$f8zoAMzVMrxbkgrf9eG/4uteIuGoT6YIjs/V8Ox7kg8q9YvcZhbM.'),(262,'262','alyssa mae_ruaring','$2y$10$f8zoAMzVMrxbkgrf9eG/4uteIuGoT6YIjs/V8Ox7kg8q9YvcZhbM.'),(263,'263','jezreel_oribiana','$2y$10$f8zoAMzVMrxbkgrf9eG/4uteIuGoT6YIjs/V8Ox7kg8q9YvcZhbM.'),(264,'264','joemar_esguerra','$2y$10$f8zoAMzVMrxbkgrf9eG/4uteIuGoT6YIjs/V8Ox7kg8q9YvcZhbM.'),(265,'265','carmela bianca_panganiban','$2y$10$f8zoAMzVMrxbkgrf9eG/4uteIuGoT6YIjs/V8Ox7kg8q9YvcZhbM.'),(266,'266','julie ann mae_mercader','$2y$10$f8zoAMzVMrxbkgrf9eG/4uteIuGoT6YIjs/V8Ox7kg8q9YvcZhbM.'),(267,'267','john erick_agor','$2y$10$f8zoAMzVMrxbkgrf9eG/4uteIuGoT6YIjs/V8Ox7kg8q9YvcZhbM.'),(268,'268','jay_supanga','$2y$10$f8zoAMzVMrxbkgrf9eG/4uteIuGoT6YIjs/V8Ox7kg8q9YvcZhbM.'),(269,'269','mae jo_marasigan','$2y$10$f8zoAMzVMrxbkgrf9eG/4uteIuGoT6YIjs/V8Ox7kg8q9YvcZhbM.'),(270,'270','kaycel_matilla','$2y$10$f8zoAMzVMrxbkgrf9eG/4uteIuGoT6YIjs/V8Ox7kg8q9YvcZhbM.'),(271,'271','neil john_servidad','$2y$10$f8zoAMzVMrxbkgrf9eG/4uteIuGoT6YIjs/V8Ox7kg8q9YvcZhbM.'),(272,'272','analisa_rico','$2y$10$f8zoAMzVMrxbkgrf9eG/4uteIuGoT6YIjs/V8Ox7kg8q9YvcZhbM.'),(273,'273','gina_vicedo','$2y$10$f8zoAMzVMrxbkgrf9eG/4uteIuGoT6YIjs/V8Ox7kg8q9YvcZhbM.'),(274,'274','leizel_mendoza','$2y$10$f8zoAMzVMrxbkgrf9eG/4uteIuGoT6YIjs/V8Ox7kg8q9YvcZhbM.'),(275,'275','francis_recluta','$2y$10$f8zoAMzVMrxbkgrf9eG/4uteIuGoT6YIjs/V8Ox7kg8q9YvcZhbM.'),(276,'276','harold_padua','$2y$10$f8zoAMzVMrxbkgrf9eG/4uteIuGoT6YIjs/V8Ox7kg8q9YvcZhbM.'),(277,'277','gigie_formalejo','$2y$10$f8zoAMzVMrxbkgrf9eG/4uteIuGoT6YIjs/V8Ox7kg8q9YvcZhbM.'),(278,'278','cristine_gaspar','$2y$10$f8zoAMzVMrxbkgrf9eG/4uteIuGoT6YIjs/V8Ox7kg8q9YvcZhbM.'),(279,'279','fernando_san lorenzo','$2y$10$f8zoAMzVMrxbkgrf9eG/4uteIuGoT6YIjs/V8Ox7kg8q9YvcZhbM.'),(280,'280','michelle_san buenaventura','$2y$10$f8zoAMzVMrxbkgrf9eG/4uteIuGoT6YIjs/V8Ox7kg8q9YvcZhbM.'),(281,'281','jade_bonavente','$2y$10$f8zoAMzVMrxbkgrf9eG/4uteIuGoT6YIjs/V8Ox7kg8q9YvcZhbM.'),(282,'282','maria joycee_san agustin','$2y$10$f8zoAMzVMrxbkgrf9eG/4uteIuGoT6YIjs/V8Ox7kg8q9YvcZhbM.'),(283,'283','jovoi ej_jovillano','$2y$10$f8zoAMzVMrxbkgrf9eG/4uteIuGoT6YIjs/V8Ox7kg8q9YvcZhbM.'),(284,'284','marco_oribiana','$2y$10$f8zoAMzVMrxbkgrf9eG/4uteIuGoT6YIjs/V8Ox7kg8q9YvcZhbM.'),(285,'285','bryan_praxides','$2y$10$f8zoAMzVMrxbkgrf9eG/4uteIuGoT6YIjs/V8Ox7kg8q9YvcZhbM.'),(286,'286','esmael_salvador','$2y$10$f8zoAMzVMrxbkgrf9eG/4uteIuGoT6YIjs/V8Ox7kg8q9YvcZhbM.'),(287,'287','ena diana_plar','$2y$10$f8zoAMzVMrxbkgrf9eG/4uteIuGoT6YIjs/V8Ox7kg8q9YvcZhbM.'),(288,'288','mariel_roncesvalles','$2y$10$f8zoAMzVMrxbkgrf9eG/4uteIuGoT6YIjs/V8Ox7kg8q9YvcZhbM.'),(289,'289','dianne_don','$2y$10$f8zoAMzVMrxbkgrf9eG/4uteIuGoT6YIjs/V8Ox7kg8q9YvcZhbM.'),(290,'290','abe-gael_almasco','$2y$10$f8zoAMzVMrxbkgrf9eG/4uteIuGoT6YIjs/V8Ox7kg8q9YvcZhbM.'),(291,'291','felix_villote','$2y$10$f8zoAMzVMrxbkgrf9eG/4uteIuGoT6YIjs/V8Ox7kg8q9YvcZhbM.'),(292,'292','carlos_sanchez','$2y$10$f8zoAMzVMrxbkgrf9eG/4uteIuGoT6YIjs/V8Ox7kg8q9YvcZhbM.'),(293,'293','catherine_velasquez','$2y$10$f8zoAMzVMrxbkgrf9eG/4uteIuGoT6YIjs/V8Ox7kg8q9YvcZhbM.'),(294,'294','abegail_morillo','$2y$10$f8zoAMzVMrxbkgrf9eG/4uteIuGoT6YIjs/V8Ox7kg8q9YvcZhbM.'),(295,'295','oliver_ursua','$2y$10$f8zoAMzVMrxbkgrf9eG/4uteIuGoT6YIjs/V8Ox7kg8q9YvcZhbM.'),(296,'296','baby eloisa_lingao','$2y$10$f8zoAMzVMrxbkgrf9eG/4uteIuGoT6YIjs/V8Ox7kg8q9YvcZhbM.'),(297,'297','airene_galicia','$2y$10$f8zoAMzVMrxbkgrf9eG/4uteIuGoT6YIjs/V8Ox7kg8q9YvcZhbM.'),(298,'298','judith_alay','$2y$10$f8zoAMzVMrxbkgrf9eG/4uteIuGoT6YIjs/V8Ox7kg8q9YvcZhbM.'),(299,'299','denise kate_guiruela','$2y$10$f8zoAMzVMrxbkgrf9eG/4uteIuGoT6YIjs/V8Ox7kg8q9YvcZhbM.'),(300,'300','jessa_huerte','$2y$10$f8zoAMzVMrxbkgrf9eG/4uteIuGoT6YIjs/V8Ox7kg8q9YvcZhbM.'),(301,'301','justinn ellah_ronquillo','$2y$10$f8zoAMzVMrxbkgrf9eG/4uteIuGoT6YIjs/V8Ox7kg8q9YvcZhbM.'),(302,'302','ma. jane_evangelio','$2y$10$f8zoAMzVMrxbkgrf9eG/4uteIuGoT6YIjs/V8Ox7kg8q9YvcZhbM.'),(303,'303','kimver_paral','$2y$10$f8zoAMzVMrxbkgrf9eG/4uteIuGoT6YIjs/V8Ox7kg8q9YvcZhbM.'),(304,'304','shiela_ma??ares','$2y$10$f8zoAMzVMrxbkgrf9eG/4uteIuGoT6YIjs/V8Ox7kg8q9YvcZhbM.'),(305,'305','julius_mirate','$2y$10$f8zoAMzVMrxbkgrf9eG/4uteIuGoT6YIjs/V8Ox7kg8q9YvcZhbM.'),(306,'306','norman_barnuevo','$2y$10$f8zoAMzVMrxbkgrf9eG/4uteIuGoT6YIjs/V8Ox7kg8q9YvcZhbM.'),(307,'307','girlie joy_cayetano','$2y$10$f8zoAMzVMrxbkgrf9eG/4uteIuGoT6YIjs/V8Ox7kg8q9YvcZhbM.'),(308,'308','nanies_malabana','$2y$10$f8zoAMzVMrxbkgrf9eG/4uteIuGoT6YIjs/V8Ox7kg8q9YvcZhbM.'),(309,'309','wilson_cezar','$2y$10$f8zoAMzVMrxbkgrf9eG/4uteIuGoT6YIjs/V8Ox7kg8q9YvcZhbM.'),(310,'310','mary jane_lu??o','$2y$10$f8zoAMzVMrxbkgrf9eG/4uteIuGoT6YIjs/V8Ox7kg8q9YvcZhbM.'),(311,'311','mark_toplano','$2y$10$f8zoAMzVMrxbkgrf9eG/4uteIuGoT6YIjs/V8Ox7kg8q9YvcZhbM.'),(312,'312','fritz jhul_mira','$2y$10$f8zoAMzVMrxbkgrf9eG/4uteIuGoT6YIjs/V8Ox7kg8q9YvcZhbM.'),(313,'313','meg paolo_dialino','$2y$10$f8zoAMzVMrxbkgrf9eG/4uteIuGoT6YIjs/V8Ox7kg8q9YvcZhbM.'),(314,'314','bryan leoneil_docot','$2y$10$f8zoAMzVMrxbkgrf9eG/4uteIuGoT6YIjs/V8Ox7kg8q9YvcZhbM.'),(315,'315','jonna alexa_lagarde','$2y$10$f8zoAMzVMrxbkgrf9eG/4uteIuGoT6YIjs/V8Ox7kg8q9YvcZhbM.'),(316,'316','sheryl_garcia','$2y$10$f8zoAMzVMrxbkgrf9eG/4uteIuGoT6YIjs/V8Ox7kg8q9YvcZhbM.'),(317,'317','christopher_camaing','$2y$10$f8zoAMzVMrxbkgrf9eG/4uteIuGoT6YIjs/V8Ox7kg8q9YvcZhbM.'),(318,'318','vince rodrigo_ro??o','$2y$10$f8zoAMzVMrxbkgrf9eG/4uteIuGoT6YIjs/V8Ox7kg8q9YvcZhbM.'),(319,'319','mark joseph_untalan','$2y$10$f8zoAMzVMrxbkgrf9eG/4uteIuGoT6YIjs/V8Ox7kg8q9YvcZhbM.'),(320,'320','mary grace_candelaria','$2y$10$f8zoAMzVMrxbkgrf9eG/4uteIuGoT6YIjs/V8Ox7kg8q9YvcZhbM.'),(321,'321','donna claire_ca??eza','$2y$10$f8zoAMzVMrxbkgrf9eG/4uteIuGoT6YIjs/V8Ox7kg8q9YvcZhbM.'),(322,'322','sheryl_macalintal','$2y$10$f8zoAMzVMrxbkgrf9eG/4uteIuGoT6YIjs/V8Ox7kg8q9YvcZhbM.'),(323,'323','rezhelle_barbadillo','$2y$10$f8zoAMzVMrxbkgrf9eG/4uteIuGoT6YIjs/V8Ox7kg8q9YvcZhbM.'),(324,'324','allan_taupa','$2y$10$f8zoAMzVMrxbkgrf9eG/4uteIuGoT6YIjs/V8Ox7kg8q9YvcZhbM.'),(325,'325','sheril_aliben','$2y$10$f8zoAMzVMrxbkgrf9eG/4uteIuGoT6YIjs/V8Ox7kg8q9YvcZhbM.'),(326,'326','amie_sarol','$2y$10$f8zoAMzVMrxbkgrf9eG/4uteIuGoT6YIjs/V8Ox7kg8q9YvcZhbM.'),(327,'327','jammy ruth_atienza','$2y$10$f8zoAMzVMrxbkgrf9eG/4uteIuGoT6YIjs/V8Ox7kg8q9YvcZhbM.'),(328,'328','jolinna_rafallo','$2y$10$f8zoAMzVMrxbkgrf9eG/4uteIuGoT6YIjs/V8Ox7kg8q9YvcZhbM.'),(329,'329','jenica_de la roca','$2y$10$f8zoAMzVMrxbkgrf9eG/4uteIuGoT6YIjs/V8Ox7kg8q9YvcZhbM.'),(330,'330','charina_paguio','$2y$10$f8zoAMzVMrxbkgrf9eG/4uteIuGoT6YIjs/V8Ox7kg8q9YvcZhbM.'),(331,'331','mariano_ballano','$2y$10$f8zoAMzVMrxbkgrf9eG/4uteIuGoT6YIjs/V8Ox7kg8q9YvcZhbM.'),(332,'332','marlon_calayo','$2y$10$f8zoAMzVMrxbkgrf9eG/4uteIuGoT6YIjs/V8Ox7kg8q9YvcZhbM.'),(333,'333','melchor_bonite','$2y$10$f8zoAMzVMrxbkgrf9eG/4uteIuGoT6YIjs/V8Ox7kg8q9YvcZhbM.'),(335,'335','jay_labrador','$2y$10$f8zoAMzVMrxbkgrf9eG/4uteIuGoT6YIjs/V8Ox7kg8q9YvcZhbM.'),(336,'336','aileen_batolinao','$2y$10$f8zoAMzVMrxbkgrf9eG/4uteIuGoT6YIjs/V8Ox7kg8q9YvcZhbM.'),(341,'','asda@cbsua.edu.ph','$2y$10$f8zoAMzVMrxbkgrf9eG/4uteIuGoT6YIjs/V8Ox7kg8q9YvcZhbM.'),(342,'344','francisco@gmail.com','1234567890'),(343,'345','belinda_dimaguiba@gmail.com','1234567890'),(344,'346','albert.einstein@cbsua.edu.ph','1234567890'),(345,'347','test222@gmail.com','1234567890'),(346,'348','refresh@gmail.com','$2y$10$jXgNK6r4JQveY81OKU6I2ubxY/bq5MncwolbvIxiyYtBKpJcS1aIK'),(347,'349','jan.mico@gmail.com','$2y$10$qUHdJgxMriDFzW4V3GC08OmGlPezyNqUcn59VwwMBTvTQTyAduXYS'),(348,'350','hr_hr','$2y$10$f8zoAMzVMrxbkgrf9eG/4uteIuGoT6YIjs/V8Ox7kg8q9YvcZhbM.'),(349,'377','mics.cands@cbsua.edu.ph','$2y$10$f8zoAMzVMrxbkgrf9eG/4uteIuGoT6YIjs/V8Ox7kg8q9YvcZhbM.'),(350,'378','sample@cbsua.edu.ph','$2y$10$aR4999eIlN.ovnmQ7NAmOOb4BhkdJcc1p0dR4SI7X02ULTUUSfbtq');

ALTER TABLE `tbl_user_employee` ENABLE KEYS;
UNLOCK TABLES;
COMMIT;


/*!40101 SET CHARACTER_SET_CLIENT=@OLD_CHARACTER_SET_CLIENT */;
/*!40101 SET CHARACTER_SET_RESULTS=@OLD_CHARACTER_SET_RESULTS */;
/*!40101 SET COLLATION_CONNECTION=@OLD_COLLATION_CONNECTION */;
/*!40014 SET UNIQUE_CHECKS=@OLD_UNIQUE_CHECKS */;
/*!40101 SET SQL_MODE=@OLD_SQL_MODE */;
/*!40111 SET SQL_NOTES=@OLD_SQL_NOTES */;
/*!40014 SET FOREIGN_KEY_CHECKS=@OLD_FOREIGN_KEY_CHECKS */;

